stein_lam_abs,_timestamp,corrector_loss,_step,energy_w2,stein_var_ratio,_runtime,adjoint_buffer_size,stein_score_loss,dist_w2,adjoint_loss,stein_bias_z,eq_w2,stein_active,stein_tau_mean,corrector_buffer_size
0.0,1790066242.9548285,,0,,1.0,7.571932982,512.0,-2.8259670734405518,,1548.4296875,0.0,,0.0,0.0,
0.0,1790066245.5706096,,1,,1.0,10.195874863,1024.0,-2.6559150218963623,,656.87890625,0.0,,0.0,0.0,
0.0,1790066248.1945333,,2,,1.0,12.977663405,1536.0,-3.857687473297119,,408.0371398925781,0.0,,0.0,0.0,
0.0,1790066250.9762506,,3,,1.0,15.593202598,2048.0,-5.353237152099609,,308.181884765625,0.0,,0.0,0.0,
0.0,1790066253.591936,,4,,1.0,18.228139424,2560.0,-6.371374130249023,,249.19593811035156,0.0,,0.0,0.0,
0.0,1790066256.2267299,,5,,1.0,20.871828791,3072.0,-6.7490925788879395,,209.38113403320312,0.0,,0.0,0.0,
0.0,1790066258.8705392,,6,,1.0,23.496201337,3584.0,-6.518664360046387,,178.2394561767578,0.0,,0.0,0.0,
0.0,1790066261.4949396,,7,,1.0,26.105969488,4096.0,-6.687987804412842,,154.7028350830078,0.0,,0.0,0.0,
0.0,1790066264.1046777,,8,,1.0,28.71897825,4608.0,-6.464837551116943,,137.35293579101562,0.0,,0.0,0.0,
0.0,1790066266.717692,,9,,1.0,31.332253293,5120.0,-6.285096645355225,,123.90580749511719,0.0,,0.0,0.0,
0.0,1790066269.330686,,10,,1.0,34.185913133,5632.0,-6.167590141296387,,113.88944244384766,0.0,,0.0,0.0,
0.0,1790066272.1844409,,11,,1.0,36.809943264,6144.0,-5.970177173614502,,104.15869903564453,0.0,,0.0,0.0,
0.0,1790066274.8085225,,12,,1.0,39.429041472,6656.0,-5.847525596618652,,95.36199188232422,0.0,,0.0,0.0,
0.0,1790066277.4277267,,13,,1.0,42.053615883,7168.0,-5.837639331817627,,90.08601379394531,0.0,,0.0,0.0,
0.0,1790066280.0521305,,14,,1.0,44.682994091,7680.0,-5.800934314727783,,85.89987182617188,0.0,,0.0,0.0,
0.0,1790066282.6816113,,15,,1.0,47.31868929,8192.0,-5.778403282165527,,80.38501739501953,0.0,,0.0,0.0,
0.0,1790066285.317367,,16,,1.0,49.953932212,8704.0,-5.787636756896973,,74.71966552734375,0.0,,0.0,0.0,
0.0,1790066287.952507,,17,,1.0,52.771416756,9216.0,-5.868743419647217,,70.51004791259766,0.0,,0.0,0.0,
0.0,1790066290.770052,,18,,1.0,55.401289987,9728.0,-5.882117748260498,,67.75463104248047,0.0,,0.0,0.0,
0.0,1790066293.3999243,,19,,1.0,58.018634766,10000.0,-6.086225986480713,,39.422698974609375,0.0,,0.0,0.0,
0.0,1790066296.0172403,,20,,1.0,60.653355819,10000.0,-6.211371421813965,,10.415485382080078,0.0,,0.0,0.0,
0.0,1790066298.6520894,,21,,1.0,63.290679786,10000.0,-6.230065822601318,,9.452336311340332,0.0,,0.0,0.0,
0.0,1790066301.2893724,,22,,1.0,65.936800185,10000.0,-6.317871570587158,,9.327345848083496,0.0,,0.0,0.0,
0.0,1790066303.9355018,,23,,1.0,68.569620133,10000.0,-6.466203689575195,,8.852112770080566,0.0,,0.0,0.0,
0.0,1790066306.5683036,,24,,1.0,71.40193676,10000.0,-6.707059860229492,,8.399116516113281,0.0,,0.0,0.0,
0.0,1790066309.4006128,,25,,1.0,74.022825243,10000.0,-6.932231426239014,,7.968255519866943,0.0,,0.0,0.0,
0.0,1790066312.0214887,,26,,1.0,76.652586578,10000.0,-7.172285079956055,,8.05291748046875,0.0,,0.0,0.0,
0.0,1790066314.651323,,27,,1.0,79.26104376,10000.0,-7.453861713409424,,7.980828762054443,0.0,,0.0,0.0,
0.0,1790066317.2597673,,28,,1.0,81.872330823,10000.0,-7.76854133605957,,7.984464645385742,0.0,,0.0,0.0,
0.0,1790066319.871022,,29,,1.0,84.481629197,10000.0,-8.10754108428955,,7.62371826171875,0.0,,0.0,0.0,
0.0,1790066322.4803534,,30,,1.0,87.107953521,10000.0,-8.458617210388184,,7.4046101570129395,0.0,,0.0,0.0,
0.0,1790066325.1067026,,31,,1.0,89.849365404,10000.0,-8.77692699432373,,7.0989155769348145,0.0,,0.0,0.0,
0.0,1790066327.8480654,,32,,1.0,92.463303402,10000.0,-9.212360382080078,,6.9856648445129395,0.0,,0.0,0.0,
0.0,1790066330.461916,,33,,1.0,95.098085538,10000.0,-9.442668914794922,,6.7631516456604,0.0,,0.0,0.0,
0.0,1790066333.0967977,,34,,1.0,97.711961665,10000.0,-9.723984718322754,,6.818509101867676,0.0,,0.0,0.0,
0.0,1790066335.710583,,35,,1.0,100.343886892,10000.0,-9.938823699951172,,6.861584663391113,0.0,,0.0,0.0,
0.0,1790066338.3425317,,36,,1.0,102.975578462,10000.0,-10.242104530334473,,7.022839546203613,0.0,,0.0,0.0,
0.0,1790066340.9742486,,37,,1.0,105.580371953,10000.0,-10.469653129577637,,6.9377641677856445,0.0,,0.0,0.0,
0.0,1790066343.5791478,,38,,1.0,108.354129649,10000.0,-10.75561809539795,,6.902289390563965,0.0,,0.0,0.0,
0.0,1790066346.35276,,39,,1.0,110.97035643,10000.0,-11.056312561035156,,6.77151346206665,0.0,,0.0,0.0,
0.0,1790066348.969041,,40,,1.0,113.58533833,10000.0,-11.497222900390625,,6.7053985595703125,0.0,,0.0,0.0,
0.0,1790066351.5839815,,41,,1.0,116.219834691,10000.0,-11.87177848815918,,6.582971096038818,0.0,,0.0,0.0,
0.0,1790066354.2185273,,42,,1.0,118.839086594,10000.0,-12.296740531921387,,6.611199855804443,0.0,,0.0,0.0,
0.0,1790066356.837767,,43,,1.0,121.479727476,10000.0,-12.741416931152344,,6.504169940948486,0.0,,0.0,0.0,
0.0,1790066359.478448,,44,,1.0,124.102657904,10000.0,-13.341137886047363,,6.26456356048584,0.0,,0.0,0.0,
0.0,1790066362.1013026,,45,,1.0,126.894158223,10000.0,-13.770146369934082,,6.2917094230651855,0.0,,0.0,0.0,
0.0,1790066364.8929043,,46,,1.0,129.527719978,10000.0,-14.417989730834961,,6.193695545196533,0.0,,0.0,0.0,
0.0,1790066367.52642,,47,,1.0,132.147656031,10000.0,-15.042057037353516,,5.951231479644775,0.0,,0.0,0.0,
0.0,1790066370.1463127,,48,,1.0,134.758240197,10000.0,-15.67703628540039,,5.939286708831787,0.0,,0.0,0.0,
0.0,1790066372.7567532,,49,,1.0,137.38192461,10000.0,-16.37929916381836,,5.866995811462402,0.0,,0.0,0.0,
0.0,1790066375.380637,,50,,1.0,140.006301927,10000.0,-16.95183753967285,,5.937334060668945,0.0,,0.0,0.0,
0.0,1790066378.004948,,51,,1.0,142.629131164,10000.0,-17.348602294921875,,5.948347568511963,0.0,,0.0,0.0,
0.0,1790066380.6278272,,52,,1.0,145.414541699,10000.0,-17.953845977783203,,5.964603424072266,0.0,,0.0,0.0,
0.0,1790066383.4132416,,53,,1.0,148.029210532,10000.0,-18.476055145263672,,5.863802909851074,0.0,,0.0,0.0,
0.0,1790066386.0279047,,54,,1.0,150.653070067,10000.0,-18.934839248657227,,6.018472194671631,0.0,,0.0,0.0,
0.0,1790066388.651818,,55,,1.0,153.269946896,10000.0,-19.55152130126953,,5.952822685241699,0.0,,0.0,0.0,
0.0,1790066391.268651,,56,,1.0,155.862085463,10000.0,-20.14564323425293,,5.829977512359619,0.0,,0.0,0.0,
0.0,1790066393.8607714,,57,,1.0,158.485466194,10000.0,-20.839387893676758,,5.77247428894043,0.0,,0.0,0.0,
0.0,1790066396.4840508,,58,,1.0,161.106744325,10000.0,-21.15634536743164,,6.010807514190674,0.0,,0.0,0.0,
0.0,1790066399.1054208,,59,,1.0,163.85392369,10000.0,-21.62521743774414,,5.979143142700195,0.0,,0.0,0.0,
0.0,1790066401.8526652,,60,,1.0,166.498398138,10000.0,-21.919763565063477,,5.994077682495117,0.0,,0.0,0.0,
0.0,1790066404.497102,,61,,1.0,169.126120937,10000.0,-22.376710891723633,,6.1615424156188965,0.0,,0.0,0.0,
0.0,1790066407.124757,,62,,1.0,171.743436079,10000.0,-22.830121994018555,,6.3620829582214355,0.0,,0.0,0.0,
0.0,1790066409.7420692,,63,,1.0,174.37296172,10000.0,-23.3021183013916,,6.4674973487854,0.0,,0.0,0.0,
0.0,1790066412.371646,,64,,1.0,177.005940551,10000.0,-23.33277130126953,,6.510615825653076,0.0,,0.0,0.0,
0.0,1790066415.0045025,,65,,1.0,179.627335501,10000.0,-23.7098331451416,,6.137279510498047,0.0,,0.0,0.0,
0.0,1790066417.6259563,,66,,1.0,182.416810611,10000.0,-23.69924545288086,,6.504946708679199,0.0,,0.0,0.0,
0.0,1790066420.4154618,,67,,1.0,185.047863031,10000.0,-23.940937042236328,,6.553800582885742,0.0,,0.0,0.0,
0.0,1790066423.0465457,,68,,1.0,187.679376416,10000.0,-24.040342330932617,,6.333846569061279,0.0,,0.0,0.0,
0.0,1790066425.6780834,,69,,1.0,190.284652035,10000.0,-24.098064422607422,,6.485611438751221,0.0,,0.0,0.0,
0.0,1790066428.2833498,,70,,1.0,192.903156151,10000.0,-24.622697830200195,,6.344786167144775,0.0,,0.0,0.0,
0.0,1790066430.9018319,,71,,1.0,195.520367195,10000.0,-24.76665496826172,,6.540408134460449,0.0,,0.0,0.0,
0.0,1790066433.51915,,72,,1.0,198.126302685,10000.0,-24.82109832763672,,6.555093765258789,0.0,,0.0,0.0,
0.0,1790066436.125029,,73,,1.0,200.888313179,10000.0,-25.46725845336914,,6.4955596923828125,0.0,,0.0,0.0,
0.0,1790066438.886947,,74,,1.0,203.516367607,10000.0,-25.601425170898438,,6.140659809112549,0.0,,0.0,0.0,
0.0,1790066441.5149848,,75,,1.0,206.130802328,10000.0,-25.592487335205078,,5.9794158935546875,0.0,,0.0,0.0,
0.0,1790066444.1295333,,76,,1.0,208.744611542,10000.0,-26.063026428222656,,6.114437103271484,0.0,,0.0,0.0,
0.0,1790066446.7433279,,77,,1.0,211.371503813,10000.0,-26.23959732055664,,5.996453762054443,0.0,,0.0,0.0,
0.0,1790066449.3702357,,78,,1.0,213.997325492,10000.0,-26.681480407714844,,5.684326171875,0.0,,0.0,0.0,
0.0,1790066451.9960086,,79,,1.0,216.635852932,10000.0,-27.026382446289062,,5.718082427978516,0.0,,0.0,0.0,
0.0,1790066454.6344705,,80,,1.0,219.423917752,10000.0,-27.314298629760742,,5.51871395111084,0.0,,0.0,0.0,
0.0,1790066457.4225724,,81,,1.0,222.053951642,10000.0,-27.652442932128906,,5.523649215698242,0.0,,0.0,0.0,
0.0,1790066460.0526013,,82,,1.0,224.655680955,10000.0,-27.886667251586914,,5.517302989959717,0.0,,0.0,0.0,
0.0,1790066462.6543257,,83,,1.0,227.277945323,10000.0,-27.7353458404541,,5.416294097900391,0.0,,0.0,0.0,
0.0,1790066465.2766736,,84,,1.0,229.917661902,10000.0,-27.927501678466797,,5.450106143951416,0.0,,0.0,0.0,
0.0,1790066467.9163857,,85,,1.0,232.544379532,10000.0,-28.083951950073242,,5.582028865814209,0.0,,0.0,0.0,
0.0,1790066470.5431037,,86,,1.0,235.179608238,10000.0,-28.367773056030273,,5.51707649230957,0.0,,0.0,0.0,
0.0,1790066473.1782804,,87,,1.0,237.980102983,10000.0,-29.06829833984375,,5.345983505249023,0.0,,0.0,0.0,
0.0,1790066475.9787724,,88,,1.0,240.595790016,10000.0,-29.662059783935547,,5.381913661956787,0.0,,0.0,0.0,
0.0,1790066478.5945797,,89,,1.0,243.224608111,10000.0,-30.05352210998535,,5.355289936065674,0.0,,0.0,0.0,
0.0,1790066481.223311,,90,,1.0,245.862585679,10000.0,-30.22146987915039,,5.285399913787842,0.0,,0.0,0.0,
0.0,1790066483.8613088,,91,,1.0,248.495040972,10000.0,-30.046175003051758,,5.5147385597229,0.0,,0.0,0.0,
0.0,1790066486.4937606,,92,,1.0,251.136048391,10000.0,-30.619800567626953,,5.363263130187988,0.0,,0.0,0.0,
0.0,1790066489.134746,,93,,1.0,253.773069511,10000.0,-30.828020095825195,,5.550159931182861,0.0,,0.0,0.0,
0.0,1790066491.7717502,,94,,1.0,256.562706114,10000.0,-30.938095092773438,,5.4353227615356445,0.0,,0.0,0.0,
0.0,1790066494.561434,,95,,1.0,259.187905845,10000.0,-31.283227920532227,,5.334733486175537,0.0,,0.0,0.0,
0.0,1790066497.186639,,96,,1.0,261.815580419,10000.0,-31.625656127929688,,5.3406453132629395,0.0,,0.0,0.0,
0.0,1790066499.8142688,,97,,1.0,264.41453609,10000.0,-31.62179946899414,,5.402916431427002,0.0,,0.0,0.0,
0.0,1790066502.4132738,,98,,1.0,267.041204149,10000.0,-32.122867584228516,,5.374691963195801,0.0,,0.0,0.0,
0.0,1790066505.0399523,,99,,1.0,271.199771875,10000.0,-32.24811935424805,,5.42236328125,0.0,,0.0,0.0,
0.3765277862548828,1790066509.198496,,100,,0.9633996486663818,275.276562735,10000.0,-32.470481872558594,,4.554501533508301,2.9521675670764638,,1.0,0.9278558492660522,
0.5439577102661133,1790066513.275241,,101,,0.9498225450515747,279.357022347,10000.0,-32.590213775634766,,4.3003644943237305,2.404876743111394,,1.0,0.928179144859314,
0.8595737218856812,1790066517.3555582,,102,,0.9465384483337402,283.610609383,10000.0,-33.173805236816406,,4.187590599060059,2.5986683092239797,,1.0,0.927683413028717,
1.223201036453247,1790066521.6092467,,103,,0.9398655891418457,287.74631507,10000.0,-33.45051956176758,,4.149238109588623,2.897195727234925,,1.0,0.9273778796195984,
1.675774097442627,1790066525.7449796,,104,,0.936255931854248,291.843810702,10000.0,-33.8324089050293,,3.953317165374756,3.055457854612667,,1.0,0.9269387722015381,
2.610886573791504,1790066529.8424692,,105,,0.9297131896018982,295.994976347,10000.0,-34.1805534362793,,3.501697063446045,2.897966180991333,,1.0,0.9282788038253784,
3.5175888538360596,1790066533.9936094,,106,,0.927298903465271,300.134446289,10000.0,-34.29892349243164,,3.482637405395508,3.6312578801376727,,1.0,0.9267240762710571,
4.087135314941406,1790066538.133123,,107,,0.9291002154350281,304.228145366,10000.0,-34.18009948730469,,3.3375821113586426,3.0091769849771386,,1.0,0.9268079400062561,
4.423223972320557,1790066542.2267673,,108,,0.9248899817466736,308.330120172,10000.0,-34.72927474975586,,3.344707727432251,3.1355460078382245,,1.0,0.927090048789978,
4.618366241455078,1790066546.3287532,,109,,0.9254412055015564,312.550571309,10000.0,-34.699928283691406,,3.4907970428466797,3.009629747036176,,1.0,0.9268799424171448,
4.885821342468262,1790066550.5491908,,110,,0.9277704358100891,316.659544097,10000.0,-35.33460998535156,,3.363973379135132,3.1747807613547634,,1.0,0.9278585314750671,
4.967928409576416,1790066554.6582417,,111,,0.9265795946121216,320.745425728,10000.0,-35.71632385253906,,3.2962653636932373,2.2539959149184736,,1.0,0.9276076555252075,
5.217953681945801,1790066558.744056,,112,,0.9249498844146729,324.823497994,10000.0,-36.09713363647461,,3.1595239639282227,2.8817191323683393,,1.0,0.9274289011955261,
5.257485389709473,1790066562.8221395,,113,,0.9240119457244873,328.927527661,10000.0,-36.39083480834961,,3.140568256378174,3.179922960108463,,1.0,0.9267423152923584,
5.42078971862793,1790066566.92617,,114,,0.9354263544082642,333.033514099,10000.0,-37.05540466308594,,3.988415241241455,2.2751316623800064,,1.0,0.9269273281097412,
5.464261531829834,1790066571.032137,,115,,0.9216981530189514,337.121262371,10000.0,-36.953189849853516,,3.5134189128875732,3.3031818193652227,,1.0,0.9267163276672363,
5.6499128341674805,1790066575.1199083,,116,,0.9217437505722046,341.34537619,10000.0,-37.27236557006836,,3.3826253414154053,3.035094211087625,,1.0,0.9275696277618408,
5.789620876312256,1790066579.3439794,,117,,0.9281975626945496,345.441949419,10000.0,-37.745140075683594,,3.455937385559082,2.3665254325628298,,1.0,0.9286065697669983,
5.8252716064453125,1790066583.44066,,118,,0.9239791631698608,349.550114842,10000.0,-38.33175277709961,,3.413954496383667,2.9323111408084865,,1.0,0.9276562333106995,
5.867857456207275,1790066587.5487602,,119,,0.919895350933075,353.66202105,10000.0,-38.74881362915039,,3.4908242225646973,2.407159334995342,,1.0,0.9272147417068481,
6.107847690582275,1790066591.660645,,120,,0.9202636480331421,357.757236319,10000.0,-38.917110443115234,,3.295597791671753,3.139280147386018,,1.0,0.9277207255363464,
6.305354118347168,1790066595.7558842,,121,,0.9212433695793152,361.87380843,10000.0,-38.89524459838867,,3.1194677352905273,2.1658679223214383,,1.0,0.9281779527664185,
6.573357105255127,1790066599.8724463,,122,,0.9167619347572327,365.947550289,10000.0,-39.05073928833008,,3.2573647499084473,2.315671031932373,,1.0,0.9277932047843933,
6.836418628692627,1790066603.9462013,,123,,0.9121062755584717,370.069714442,10000.0,-39.461204528808594,,3.111097812652588,2.735810670261319,,1.0,0.9270452260971069,
7.174196720123291,1790066608.068391,,124,,0.9201249480247498,374.316005967,10000.0,-39.86741256713867,,2.963994026184082,3.6468053189773997,,1.0,0.927838146686554,
7.231552600860596,1790066612.3146863,,125,,0.9171081781387329,378.407066404,10000.0,-40.00452423095703,,3.0899546146392822,2.909988052644963,,1.0,0.926112949848175,
7.478872776031494,1790066616.4054978,,126,,0.9115368723869324,382.486561255,10000.0,-40.257999420166016,,3.1761934757232666,2.508014950431145,,1.0,0.9258368611335754,
7.738173007965088,1790066620.4851995,,127,,0.913483738899231,386.547965092,10000.0,-40.2343635559082,,2.8738656044006348,2.2682773674773338,,1.0,0.9280979633331299,
8.060074806213379,1790066624.5465622,,128,,0.9144772291183472,390.615758331,10000.0,-40.370765686035156,,2.998708724975586,2.866130236633105,,1.0,0.9274528622627258,
8.05554485321045,1790066628.6144474,,129,,0.9149507880210876,394.695629154,10000.0,-40.229251861572266,,3.0951273441314697,3.317056423035631,,1.0,0.9265515804290771,
8.325523376464844,1790066632.6942706,,130,,0.9185276031494141,398.773545688,10000.0,-40.3028450012207,,3.0812196731567383,2.5701449883905254,,1.0,0.9274562001228333,
8.517792701721191,1790066636.7722125,,131,,0.9207799434661865,402.981973008,10000.0,-40.397796630859375,,3.156846284866333,3.05067331837174,,1.0,0.9282307624816895,
8.686663627624512,1790066640.9806328,,132,,0.9169554114341736,407.054330583,10000.0,-40.467342376708984,,3.1539852619171143,3.0562922562773607,,1.0,0.9279025197029114,
8.967347145080566,1790066645.0529969,,133,,0.9127251505851746,411.170398137,10000.0,-40.464481353759766,,2.778921604156494,3.1428594793910483,,1.0,0.9267125129699707,
9.21976089477539,1790066649.169064,,134,,0.9144162535667419,415.278067189,10000.0,-40.49455642700195,,2.7890408039093018,2.9317292183253993,,1.0,0.9287311434745789,
9.435550689697266,1790066653.2767348,,135,,0.9165914058685303,419.369846638,10000.0,-41.007965087890625,,2.828597068786621,3.0864105022756823,,1.0,0.9274300336837769,
9.515913963317871,1790066657.368484,,136,,1.0735629796981812,423.442215604,10000.0,-40.86788558959961,,6.907839775085449,2.778671138391276,,1.0,0.9276089668273926,
9.131779670715332,1790066661.4408174,,137,,365.13848876953125,427.550370574,10000.0,-40.451072692871094,,8920.53125,1.833357010316374,,1.0,0.9282504916191101,
8.271506309509277,1790066665.5490148,,138,,50.87737274169922,431.815655401,10000.0,-39.28202819824219,,1400.97705078125,1.9678095233317552,,1.0,0.9281889200210571,
8.271450996398926,1790066669.8142953,,139,,9.495879173278809,435.893656261,10000.0,-38.44544219970703,,263.4454345703125,1.9851088601719906,,1.0,0.9257099628448486,
8.682032585144043,1790066673.8923242,,140,,1.0521529912948608,440.005982633,10000.0,-38.18244934082031,,13.065282821655273,2.728012242336612,,1.0,0.928098201751709,
8.669666290283203,1790066678.0046709,,141,,1.9502264261245728,444.130074174,10000.0,-38.16621398925781,,38.425453186035156,2.4364030035013844,,1.0,0.9281875491142273,
9.216516494750977,1790066682.1287327,,142,,1.4112188816070557,448.236815715,10000.0,-38.14677047729492,,22.571760177612305,2.6491974815955874,,1.0,0.9257644414901733,
9.905547142028809,1790066686.2354681,,143,,1.0204490423202515,452.367978743,10000.0,-37.621307373046875,,11.504881858825684,2.5556878200410393,,1.0,0.9266753196716309,
10.797333717346191,1790066690.3666325,,144,,1.170039415359497,456.496429833,10000.0,-37.37105941772461,,18.538650512695312,2.7343599449546154,,1.0,0.928633451461792,
10.88473892211914,1790066694.4950683,,145,,2.350287675857544,460.742784998,10000.0,-37.89167404174805,,55.4473991394043,2.8607831281213354,,1.0,0.9272707104682922,
11.626486778259277,1790066698.7414243,,146,,1.6251511573791504,464.866894891,10000.0,-37.6641731262207,,25.761194229125977,2.204301299133934,,1.0,0.9281842708587646,
12.06209945678711,1790066702.8655653,,147,,146.0208282470703,468.99336942,10000.0,-37.01999282836914,,5199.39794921875,1.8572381916049594,,1.0,0.9272345900535583,
12.376740455627441,1790066706.9919882,,148,,1350.37255859375,473.095964431,10000.0,-34.093772888183594,,35568.87890625,1.9451392284495321,,1.0,0.9273465871810913,
11.49168586730957,1790066711.0945833,,149,,2456.5556640625,477.214962366,10000.0,-18.994487762451172,,123649.921875,2.3293420744425077,,1.0,0.9269301891326904,
10.208407402038574,1790066715.2136157,,150,,168.73220825195312,481.317126212,10000.0,-27.801301956176758,,8414.01171875,2.3084751150079192,,1.0,0.9273040890693665,
9.572134971618652,1790066719.3158784,,151,,22.020065307617188,485.42968145,10000.0,-29.39116668701172,,970.5420532226562,2.3673508693877956,,1.0,0.926807701587677,
9.737075805664062,1790066723.428367,,152,,23.2893009185791,489.677585521,10000.0,-30.646507263183594,,1263.7462158203125,2.5327128211587815,,1.0,0.9267792701721191,
9.10940933227539,1790066727.6762056,,153,,7.2796478271484375,493.807271303,10000.0,-31.543720245361328,,353.4892883300781,2.3129069962590285,,1.0,0.9265794157981873,
9.146200180053711,1790066731.8058882,,154,,6.7499237060546875,497.91249903,10000.0,-32.359100341796875,,468.7048034667969,2.2667829338041225,,1.0,0.9275022745132446,
9.071157455444336,1790066735.9111533,,155,,2.7442848682403564,502.020464611,10000.0,-32.67502212524414,,115.43907928466797,2.286863710577055,,1.0,0.9282949566841125,
9.334529876708984,1790066740.0191126,,156,,2.4472360610961914,506.1406683,10000.0,-33.263214111328125,,91.34187316894531,2.0733557846043493,,1.0,0.9271837472915649,
9.243125915527344,1790066744.1393173,,157,,5.722192764282227,510.259140282,10000.0,-33.9051628112793,,192.0459747314453,2.3458083813910084,,1.0,0.9274294972419739,
8.404006004333496,1790066748.2578545,,158,,1.904900312423706,514.368783296,10000.0,-34.32041931152344,,65.55318450927734,2.678913715842954,,1.0,0.9280946850776672,
8.488208770751953,1790066752.367443,,159,,2.1395368576049805,518.488694036,10000.0,-34.63947296142578,,64.19844818115234,1.9959745891486438,,1.0,0.9272423386573792,
8.49710464477539,1790066756.4873438,,160,,1.448357343673706,522.752733599,10000.0,-35.17820739746094,,47.41434097290039,2.6358249772404094,,1.0,0.9267670512199402,
8.116809844970703,1790066760.7513938,,161,,1.1608108282089233,526.865663286,10000.0,-35.163848876953125,,28.455760955810547,2.3712998828330027,,1.0,0.9265187978744507,
8.167224884033203,1790066764.8642652,,162,,1.1500318050384521,530.973386303,10000.0,-35.711769104003906,,30.237653732299805,2.0909107299095644,,1.0,0.9268571734428406,
8.388965606689453,1790066768.9720256,,163,,1.208864688873291,535.094491988,10000.0,-36.276573181152344,,30.303537368774414,2.373370592634294,,1.0,0.9276354312896729,
7.587331771850586,1790066773.0931273,,164,,1.135338544845581,539.208507926,10000.0,-36.65157699584961,,27.98477554321289,2.044008237212572,,1.0,0.9274598956108093,
7.475766658782959,1790066777.2071624,,165,,1.0938270092010498,543.299370054,10000.0,-36.489131927490234,,24.991615295410156,2.2839471531144224,,1.0,0.9277756214141846,
7.343265533447266,1790066781.2980332,,166,,1.3374089002609253,547.417786542,10000.0,-36.65128707885742,,39.59156799316406,2.2943046438818118,,1.0,0.9266318678855896,
7.313884258270264,1790066785.4164186,,167,,1.3625301122665405,551.643734182,10000.0,-37.28227233886719,,29.807409286499023,2.4630984464595866,,1.0,0.9279964566230774,
7.185482978820801,1790066789.6423225,,168,,1.0922869443893433,555.729775577,10000.0,-38.19394302368164,,16.886592864990234,2.3231799426118016,,1.0,0.9265228509902954,
7.681362152099609,1790066793.7284584,,169,,0.9151330590248108,559.853961307,10000.0,-39.12871551513672,,4.397336006164551,2.084723094272051,,1.0,0.9278563857078552,
7.808236598968506,1790066797.8526027,,170,,0.9104335904121399,563.969223991,10000.0,-39.862430572509766,,4.095388889312744,2.565017589627169,,1.0,0.928467869758606,
8.349165916442871,1790066801.96787,,171,,0.9012715220451355,568.04121399,10000.0,-40.281105041503906,,3.571397304534912,2.7094994320867327,,1.0,0.927364706993103,
8.248311996459961,1790066806.0398529,,172,,0.9035808444023132,572.159194239,10000.0,-40.46283721923828,,4.139774799346924,2.6422489223979535,,1.0,0.9262809753417969,
8.765508651733398,1790066810.1578166,,173,,0.9003034234046936,576.236317243,10000.0,-40.6755485534668,,3.6090946197509766,2.415550582693783,,1.0,0.9272210597991943,
9.079324722290039,1790066814.23496,,174,,0.8960229754447937,580.45591176,10000.0,-40.493289947509766,,3.6043789386749268,2.597491949789737,,1.0,0.9277632832527161,
9.2029447555542,1790066818.4545295,,175,,0.8999146223068237,584.559098338,10000.0,-40.5096549987793,,3.5699689388275146,2.544466448758656,,1.0,0.927773654460907,
9.2028226852417,1790066822.5577211,,176,,0.9062375426292419,588.657639341,10000.0,-40.657615661621094,,3.6174798011779785,2.163882596880366,,1.0,0.9278494119644165,
9.197035789489746,1790066826.6562605,,177,,0.9016817212104797,592.758280848,10000.0,-40.87165451049805,,3.2399868965148926,2.1329920701068,,1.0,0.9278566837310791,
9.600591659545898,1790066830.7569215,,178,,0.9020178914070129,596.833631652,10000.0,-41.19447326660156,,2.658695697784424,2.940312907715753,,1.0,0.9281556606292725,
9.83536148071289,1790066834.8322604,,179,,0.8989388942718506,600.923201169,10000.0,-41.395294189453125,,2.31466007232666,2.159179217127932,,1.0,0.9271076917648315,
9.948227882385254,1790066838.92186,,180,,0.9030366539955139,604.999535398,10000.0,-41.37724304199219,,2.332982063293457,2.414678841364456,,1.0,0.9288796782493591,
10.137345314025879,1790066842.9981775,,181,,0.9011587500572205,609.21367545,10000.0,-41.132816314697266,,2.287475347518921,3.1823327278748916,,1.0,0.9281983971595764,
10.346024513244629,1790066847.2123394,,182,,0.8988415598869324,613.270497832,10000.0,-41.43339538574219,,2.314746379852295,2.4103796512618754,,1.0,0.9275234341621399,
10.69446086883545,1790066851.2690916,,183,,0.9002595543861389,617.335732079,10000.0,-41.292964935302734,,2.2390012741088867,2.361886987904527,,1.0,0.9281159043312073,
10.92767333984375,1790066855.334419,,184,,0.8989656567573547,621.438638345,10000.0,-41.41887283325195,,2.2498228549957275,3.2641063054185504,,1.0,0.9287183284759521,
10.841673851013184,1790066859.437278,,185,,0.8999174237251282,625.521449414,10000.0,-41.537078857421875,,2.2324559688568115,2.5514017092386085,,1.0,0.927690863609314,
10.860838890075684,1790066863.5201182,,186,,0.8994609117507935,629.583852719,10000.0,-41.63569641113281,,2.295212984085083,3.0539019862418053,,1.0,0.9259956479072571,
10.943480491638184,1790066867.5824816,,187,,0.8999924659729004,633.662838711,10000.0,-41.816410064697266,,2.2748029232025146,3.0456646556525495,,1.0,0.9279007911682129,
11.085171699523926,1790066871.6614678,,188,,0.9005900025367737,637.896938255,10000.0,-41.967647552490234,,2.2807300090789795,2.803303679093783,,1.0,0.9276848435401917,
11.215265274047852,1790066875.895599,,189,,0.9003884792327881,641.990764659,10000.0,-42.239173889160156,,2.3043603897094727,3.4873409595186864,,1.0,0.9271280765533447,
11.413302421569824,1790066879.9894085,,190,,0.9009655117988586,646.0829149,10000.0,-42.105865478515625,,2.331115245819092,3.5194418772017557,,1.0,0.9284763932228088,
11.381038665771484,1790066884.081576,,191,,0.8972007036209106,650.143401943,10000.0,-42.20640563964844,,2.284050226211548,2.340642702643422,,1.0,0.9277291297912598,
11.687106132507324,1790066888.142031,,192,,0.897548496723175,654.249165567,10000.0,-42.4984130859375,,2.36578106880188,3.171032345689687,,1.0,0.9262314438819885,
11.981551170349121,1790066892.2478168,,193,,0.9015144109725952,658.343002644,10000.0,-42.59373474121094,,2.488795280456543,3.8405941277358027,,1.0,0.9277524352073669,
12.294400215148926,1790066896.3416588,,194,,0.9009376764297485,662.424924093,10000.0,-42.8603630065918,,2.5657317638397217,2.700760383539673,,1.0,0.9285769462585449,
12.591273307800293,1790066900.42355,,195,,0.8982293605804443,666.51938767,10000.0,-43.11073684692383,,2.393479585647583,2.853376304385765,,1.0,0.9280390739440918,
12.696088790893555,1790066904.5180404,,196,,0.9003347754478455,670.745279987,10000.0,-42.8692626953125,,2.5147955417633057,3.2950047882322853,,1.0,0.9282407164573669,
12.845785140991211,1790066908.7438982,,197,,0.8989638686180115,674.821273351,10000.0,-42.981300354003906,,2.451369047164917,2.137432862816919,,1.0,0.9257940053939819,
12.92220687866211,1790066912.8199234,,198,,0.8978604078292847,678.91707266,10000.0,-42.72163009643555,,2.458158493041992,2.2253549543741715,,1.0,0.9274582862854004,
13.426813125610352,1790066997.3530335,,199,1.5075039688356702,0.896199643611908,760.982804228,10000.0,-42.86207962036133,0.5506641992992278,2.4629435539245605,2.6568168490240613,1.3391704559326172,1.0,0.9269163012504578,
,1790066998.9814718,0.6612387299537659,200,,,762.536088131,,,,,,,,,512.0
,1790067000.5347922,0.6129757165908813,201,,,764.223289803,,,,,,,,,1024.0
,1790067002.2219942,0.6076419353485107,202,,,765.775040814,,,,,,,,,1536.0
,1790067003.7738647,0.6164524555206299,203,,,767.332047719,,,,,,,,,2048.0
,1790067005.330776,0.616208553314209,204,,,768.880999251,,,,,,,,,2560.0
,1790067006.87974,0.6129613518714905,205,,,770.423174145,,,,,,,,,3072.0
,1790067008.4219444,0.6111908555030823,206,,,771.968295617,,,,,,,,,3584.0
,1790067009.9670215,0.6099480986595154,207,,,773.54526102,,,,,,,,,4096.0
,1790067011.5438943,0.6106277704238892,208,,,775.097875344,,,,,,,,,4608.0
,1790067013.0965712,0.6121630668640137,209,,,776.664608271,,,,,,,,,5120.0
,1790067014.663317,0.6102030277252197,210,,,778.218271919,,,,,,,,,5632.0
,1790067016.217026,0.6079407334327698,211,,,779.753946909,,,,,,,,,6144.0
,1790067017.7526395,0.6081197261810303,212,,,781.434360985,,,,,,,,,6656.0
,1790067019.4330297,0.6074827313423157,213,,,782.994278087,,,,,,,,,7168.0
,1790067020.9929311,0.6052517890930176,214,,,784.557490301,,,,,,,,,7680.0
,1790067022.5561755,0.6069846153259277,215,,,786.115044281,,,,,,,,,8192.0
,1790067024.113734,0.6072440147399902,216,,,787.689290197,,,,,,,,,8704.0
,1790067025.688004,0.6050529479980469,217,,,789.248085322,,,,,,,,,9216.0
,1790067027.2468042,0.60919588804245,218,,,790.92866421,,,,,,,,,9728.0
,1790067028.9273436,0.6075440049171448,219,,,795.054033931,,,,,,,,,10000.0
13.659122467041016,1790067033.0527203,,220,,0.8998159766197205,799.19822991,10000.0,-42.846107482910156,,2.531151056289673,3.147630270245975,,1.0,0.9272392988204956,
14.155479431152344,1790067037.1968715,,221,,0.8996378183364868,803.336012615,10000.0,-43.01161193847656,,2.3566551208496094,2.799749468134777,,1.0,0.9271602034568787,
14.6318998336792,1790067041.3342173,,222,,0.8998990058898926,807.477336938,10000.0,-43.207305908203125,,2.4666378498077393,2.9781830458403804,,1.0,0.9270063638687134,
15.093086242675781,1790067045.4759705,,223,,0.8951795697212219,811.617317592,10000.0,-43.567466735839844,,2.3946802616119385,2.534066458664376,,1.0,0.9263479113578796,
15.754858016967773,1790067049.6159918,,224,,0.8984428644180298,815.746904312,10000.0,-42.993324279785156,,2.3689754009246826,2.8192042526310783,,1.0,0.9280036091804504,
16.11867904663086,1790067053.7455485,,225,,0.9005345702171326,819.999909953,10000.0,-43.151214599609375,,2.504701614379883,2.9423225313875654,,1.0,0.926710307598114,
16.477018356323242,1790067057.9985287,,226,,0.9009472131729126,824.128256323,10000.0,-43.151485443115234,,2.4827888011932373,2.936500931383403,,1.0,0.9265264868736267,
16.912126541137695,1790067062.1269066,,227,,0.8978780508041382,828.262542954,10000.0,-43.301780700683594,,2.4777634143829346,3.5110244451628634,,1.0,0.9267482757568359,
17.679834365844727,1790067066.2611408,,228,,0.9031630158424377,832.40351355,10000.0,-43.223575592041016,,2.4225149154663086,2.6812122907026517,,1.0,0.9279240965843201,
17.846113204956055,1790067070.4021492,,229,,0.8981198668479919,836.538878812,10000.0,-43.515560150146484,,2.435952663421631,2.813178579514109,,1.0,0.9279058575630188,
18.152822494506836,1790067074.5375257,,230,,0.902596652507782,840.652917987,10000.0,-43.66679382324219,,2.3484227657318115,3.199123066974329,,1.0,0.9278016090393066,
18.62822914123535,1790067078.6515684,,231,,0.8989542126655579,844.77361093,10000.0,-43.94236755371094,,2.4676201343536377,3.674555736082904,,1.0,0.9269686341285706,
18.997068405151367,1790067082.7722087,,232,,0.9030277132987976,849.016723127,10000.0,-43.70075988769531,,2.292027711868286,2.479449504903367,,1.0,0.9275733232498169,
18.98394012451172,1790067087.0153418,,233,,0.9016894698143005,853.140703329,10000.0,-43.828548431396484,,2.2960023880004883,3.0681234425514745,,1.0,0.9277305603027344,
19.335660934448242,1790067091.1393085,,234,,0.9039715528488159,857.277589167,10000.0,-43.656707763671875,,2.245302200317383,3.0468478489888735,,1.0,0.9273528456687927,
19.464340209960938,1790067095.2762535,,235,,0.9025110602378845,861.415289952,10000.0,-43.65072250366211,,2.237955093383789,3.493695566143651,,1.0,0.9270380139350891,
19.823505401611328,1790067099.4139373,,236,,0.9010094404220581,865.526333323,10000.0,-43.57432556152344,,2.2879955768585205,3.055785420745119,,1.0,0.9264245629310608,
20.375019073486328,1790067103.5249908,,237,,0.8999980688095093,869.648067003,10000.0,-43.57036590576172,,2.2470157146453857,2.4658784301854486,,1.0,0.9269250631332397,
21.36679458618164,1790067107.646714,,238,,0.9051638841629028,873.778556957,10000.0,-43.17222595214844,,2.1890451908111572,3.629671373121136,,1.0,0.9289608597755432,
21.167884826660156,1790067111.7772152,,239,,0.9003533720970154,878.025675604,10000.0,-43.37608337402344,,2.1764516830444336,3.227049843730343,,1.0,0.9290905594825745,
21.24315643310547,1790067116.0242896,,240,,0.9034546613693237,882.134919774,10000.0,-43.52058029174805,,2.2397961616516113,3.6636041670621298,,1.0,0.9277573227882385,
21.752220153808594,1790067120.1335678,,241,,0.9020110964775085,886.273293145,10000.0,-43.42298889160156,,2.1655755043029785,3.99887557919405,,1.0,0.9273318648338318,
22.20427703857422,1790067124.271994,,242,,0.9022802114486694,890.359199633,10000.0,-43.2547492980957,,2.218179941177368,3.6774305929109663,,1.0,0.9271762371063232,
22.789342880249023,1790067128.357872,,243,,0.9038263559341431,894.496885678,10000.0,-43.145626068115234,,2.1782517433166504,3.7764127946269994,,1.0,0.9286439418792725,
23.035032272338867,1790067132.4955459,,244,,0.901716411113739,898.635180562,10000.0,-43.21210861206055,,2.2542166709899902,3.022522874527696,,1.0,0.9259117841720581,
23.19231414794922,1790067136.6338708,,245,,0.9016478061676025,902.749085513,10000.0,-43.119712829589844,,2.2067508697509766,3.1961139453778897,,1.0,0.9270956516265869,
23.187721252441406,1790067140.747739,,246,,0.9033659100532532,906.846829986,10000.0,-43.30424499511719,,2.1895389556884766,4.512176401506384,,1.0,0.9272332191467285,
24.204469680786133,1790067144.845458,,247,,0.9032145142555237,911.061034887,10000.0,-43.3284912109375,,2.165841579437256,3.667083491250342,,1.0,0.9278715252876282,
24.49225425720215,1790067149.0596905,,248,,0.9002565741539001,915.184735165,10000.0,-43.053260803222656,,2.2201948165893555,4.96199497250826,,1.0,0.9271547198295593,
24.856830596923828,1790067153.183406,,249,,0.9017629027366638,919.308668358,10000.0,-43.10877990722656,,2.2145519256591797,3.8638877476457236,,1.0,0.9281953573226929,
24.90499496459961,1790067157.3072796,,250,,0.9008265137672424,923.425715998,10000.0,-43.01487350463867,,2.2785651683807373,4.724980969151474,,1.0,0.9271196722984314,
25.006986618041992,1790067161.4243581,,251,,0.9004764556884766,927.561672829,10000.0,-43.0714225769043,,2.281662702560425,4.519702964259933,,1.0,0.9273645281791687,
25.4683780670166,1790067165.5603402,,252,,0.9030902981758118,931.677582643,10000.0,-43.51459884643555,,2.2693428993225098,4.335141575931328,,1.0,0.9269363284111023,
25.822914123535156,1790067169.6762567,,253,,0.8986759185791016,935.803943427,10000.0,-43.704917907714844,,2.241701602935791,3.6219318809339733,,1.0,0.9253923892974854,
25.600366592407227,1790067173.8025918,,254,,0.903775155544281,940.066540486,10000.0,-43.59650802612305,,2.273743152618408,3.5773171204121104,,1.0,0.9273630380630493,
25.798673629760742,1790067178.065202,,255,,0.9013010263442993,944.210261671,10000.0,-44.178565979003906,,2.265016794204712,4.032140484331197,,1.0,0.9270477294921875,
25.90777587890625,1790067182.2089212,,256,,0.8994895219802856,948.336837542,10000.0,-44.228885650634766,,2.2660629749298096,2.9808718950922217,,1.0,0.9274200201034546,
25.796977996826172,1790067186.3354976,,257,,0.8998772501945496,952.474540363,10000.0,-44.497684478759766,,2.201092004776001,4.131158883940887,,1.0,0.9276646375656128,
26.43671226501465,1790067190.4732032,,258,,0.8991151452064514,956.611278572,10000.0,-44.644187927246094,,2.2195818424224854,4.1986882261277,,1.0,0.9277120232582092,
26.776826858520508,1790067194.6099422,,259,,0.8968154788017273,960.721719659,10000.0,-44.639461517333984,,2.193650722503662,4.312241004064869,,1.0,0.9284582734107971,
27.441438674926758,1790067198.7203789,,260,,0.8996379375457764,964.838425805,10000.0,-44.88809585571289,,2.1927640438079834,3.018489661975778,,1.0,0.927513599395752,
27.180381774902344,1790067202.837048,,261,,0.9009132385253906,969.096551166,10000.0,-45.37055969238281,,2.1970345973968506,2.964793927115199,,1.0,0.9281643033027649,
27.445493698120117,1790067207.0952368,,262,,0.89806067943573,973.220820363,10000.0,-45.715492248535156,,2.157757520675659,3.2861548202010793,,1.0,0.9273976683616638,
27.547901153564453,1790067211.2194304,,263,,0.8948557376861572,977.330927337,10000.0,-45.422454833984375,,2.1910626888275146,2.797485810625792,,1.0,0.9282516241073608,
28.066110610961914,1790067215.3296006,,264,,0.8995320200920105,981.453818594,10000.0,-45.842525482177734,,2.149966239929199,3.265032030291485,,1.0,0.9286115765571594,
28.012575149536133,1790067219.4524426,,265,,0.8968461751937866,985.579431506,10000.0,-45.80132293701172,,2.1803064346313477,3.766550290187094,,1.0,0.9279717803001404,
28.123455047607422,1790067223.5780783,,266,,0.8965273499488831,989.69183388,10000.0,-45.76506042480469,,2.1828038692474365,3.6529228730470167,,1.0,0.927155077457428,
28.190261840820312,1790067227.6904643,,267,,0.8948091268539429,993.857830741,10000.0,-45.876800537109375,,2.160764694213867,3.72174189037739,,1.0,0.9274095296859741,
28.91165542602539,1790067231.8564367,,268,,0.8956383466720581,997.993694184,10000.0,-46.31032180786133,,2.140676498413086,3.343977507548238,,1.0,0.9283088445663452,
29.216726303100586,1790067235.9922779,,269,,0.8957618474960327,1002.315817616,10000.0,-46.950416564941406,,2.106663703918457,3.3475521415377028,,1.0,0.9280030131340027,
29.9433536529541,1790067240.3144205,,270,,0.8982423543930054,1006.453853337,10000.0,-47.101688385009766,,2.1241257190704346,3.280040950433283,,1.0,0.9276686906814575,
29.576658248901367,1790067244.4525046,,271,,0.8965743184089661,1010.598395121,10000.0,-47.048892974853516,,2.129260778427124,3.671011616403131,,1.0,0.9280310273170471,
29.388595581054688,1790067248.5970135,,272,,0.9002296924591064,1014.741391589,10000.0,-46.8239631652832,,2.2213449478149414,4.284031419022933,,1.0,0.927335798740387,
29.074058532714844,1790067252.7400534,,273,,0.8911811709403992,1018.87150441,10000.0,-47.09526443481445,,2.223304033279419,2.8984508043925623,,1.0,0.9271572828292847,
29.474952697753906,1790067256.870141,,274,,0.8960895538330078,1023.016980929,10000.0,-47.11631393432617,,2.2962560653686523,2.7464989172822376,,1.0,0.9277794361114502,
29.009553909301758,1790067261.0156555,,275,,0.8964124321937561,1027.1687704,10000.0,-46.780181884765625,,2.1577630043029785,2.85852203942791,,1.0,0.9282016754150391,
28.829145431518555,1790067265.16742,,276,,0.8906377553939819,1031.451358523,10000.0,-47.29658126831055,,2.2360143661499023,2.544657200561398,,1.0,0.9271300435066223,
29.199941635131836,1790067269.4499812,,277,,0.9020888805389404,1035.60729688,10000.0,-47.12327194213867,,2.3277759552001953,3.617051171492133,,1.0,0.927733838558197,
29.075868606567383,1790067273.6059732,,278,,0.8964157700538635,1039.75867338,10000.0,-47.27533721923828,,2.213695764541626,3.021288143340288,,1.0,0.9271864295005798,
29.865415573120117,1790067277.7572203,,279,,0.8949097990989685,1043.888303319,10000.0,-47.5452766418457,,2.19950795173645,3.8073686017705928,,1.0,0.9274066090583801,
30.06649398803711,1790067281.8869267,,280,,2.4451746940612793,1048.022818246,10000.0,-46.625614166259766,,32.96387481689453,1.5916712396301196,,1.0,0.9294120669364929,
29.69013023376465,1790067286.0212612,,281,,0.9094493985176086,1052.172319074,10000.0,-46.97132873535156,,2.814168930053711,3.5284524601532214,,1.0,0.9274482131004333,
29.71880531311035,1790067290.1709335,,282,,0.9449102878570557,1056.307365109,10000.0,-47.05891036987305,,3.6855199337005615,2.6791338443387205,,1.0,0.9272193908691406,
29.944643020629883,1790067294.3060265,,283,,0.9279817938804626,1060.608888829,10000.0,-47.07753372192383,,3.253359079360962,3.0658193054864666,,1.0,0.927768349647522,
29.979265213012695,1790067298.607552,,284,,0.9054054021835327,1064.750775239,10000.0,-47.544151306152344,,2.753344774246216,3.5408216708800264,,1.0,0.9265507459640503,
29.851587295532227,1790067302.7494354,,285,,0.9379410743713379,1068.914861311,10000.0,-47.041534423828125,,3.4253995418548584,2.994495227613429,,1.0,0.9276989698410034,
29.556745529174805,1790067306.9133658,,286,,0.8899716734886169,1073.06753627,10000.0,-47.39540100097656,,2.345107316970825,2.450612862911979,,1.0,0.9284811615943909,
29.6051082611084,1790067311.0661497,,287,,0.9101090431213379,1077.220323903,10000.0,-47.246849060058594,,2.7794764041900635,3.4591099558221616,,1.0,0.9281896352767944,
29.610607147216797,1790067315.2189648,,288,,0.8973014950752258,1081.382156503,10000.0,-47.50788879394531,,2.498291254043579,3.834545005047236,,1.0,0.928450345993042,
30.047767639160156,1790067319.3808198,,289,,0.8987348079681396,1085.535864854,10000.0,-47.48786926269531,,2.4366819858551025,3.699098513016363,,1.0,0.9286869168281555,
29.859882354736328,1790067323.5343869,,290,,0.8929203152656555,1089.821429901,10000.0,-47.876338958740234,,2.4019603729248047,3.828693082667884,,1.0,0.9286895990371704,
30.44424819946289,1790067327.8200629,,291,,0.8939323425292969,1093.974680467,10000.0,-48.17435073852539,,2.446887254714966,3.0947811548914794,,1.0,0.9276103973388672,
29.606792449951172,1790067331.9732895,,292,,0.8926442861557007,1098.121798053,10000.0,-48.45563507080078,,2.288069486618042,3.8479289383258055,,1.0,0.927849531173706,
29.712779998779297,1790067336.1204534,,293,,0.8860163688659668,1102.249471176,10000.0,-48.21421813964844,,2.2677106857299805,3.5156917872708067,,1.0,0.9265197515487671,
30.069103240966797,1790067340.2481124,,294,,0.8902260661125183,1106.389405412,10000.0,-48.70169448852539,,2.118664264678955,3.8709791113020997,,1.0,0.9286883473396301,
29.44098663330078,1790067344.3880556,,295,,0.9130523204803467,1110.55566451,10000.0,-49.13113784790039,,2.7360472679138184,3.858519529555456,,1.0,0.9279663562774658,
29.26898956298828,1790067348.5543127,,296,,0.8884180188179016,1114.695929336,10000.0,-49.06297302246094,,2.2697396278381348,4.614462155658161,,1.0,0.9279407262802124,
28.578388214111328,1790067352.6945639,,297,,0.9078117609024048,1119.013598329,10000.0,-49.370914459228516,,2.909128427505493,3.182086932448593,,1.0,0.9269363880157471,
28.346118927001953,1790067357.0123048,,298,,0.8904081583023071,1123.140538494,10000.0,-49.56767272949219,,2.249415397644043,4.367129154284957,,1.0,0.9260287284851074,
28.326526641845703,1790067361.1391973,,299,,0.8871228694915771,1127.283433346,10000.0,-49.672447204589844,,2.0817410945892334,3.200550595500857,,1.0,0.9273695349693298,
28.402074813842773,1790067365.2820876,,300,,0.8855623006820679,1131.426707802,10000.0,-50.103309631347656,,2.067613363265991,3.41716535325365,,1.0,0.9285082817077637,
28.897615432739258,1790067369.4253483,,301,,0.887352705001831,1135.55462577,10000.0,-50.152122497558594,,2.0636045932769775,3.589334549885227,,1.0,0.9279211163520813,
28.695850372314453,1790067373.5532901,,302,,0.8859105706214905,1139.689791753,10000.0,-50.48255920410156,,2.0923850536346436,3.263539296657014,,1.0,0.9275240898132324,
28.247026443481445,1790067377.6884563,,303,,0.8819983005523682,1143.842741507,10000.0,-50.43559265136719,,2.0869431495666504,3.311890080762375,,1.0,0.9271177649497986,
28.845693588256836,1790067381.841372,,304,,0.8839990496635437,1147.976894298,10000.0,-50.584678649902344,,2.0706310272216797,3.7013491258671642,,1.0,0.9263701438903809,
29.09502410888672,1790067385.9755404,,305,,0.8839617967605591,1152.287583797,10000.0,-51.07316970825195,,2.068120002746582,3.6235977081945414,,1.0,0.9270848035812378,
28.107521057128906,1790067390.2862706,,306,,0.8928952813148499,1156.448994181,10000.0,-50.71165084838867,,2.284742832183838,4.218674489711245,,1.0,0.927197277545929,
27.93118667602539,1790067394.4476454,,307,,0.8851819634437561,1160.585892764,10000.0,-50.60945129394531,,2.16020131111145,2.9643115465995304,,1.0,0.9266138672828674,
27.492979049682617,1790067398.5845284,,308,,0.882648229598999,1164.746325982,10000.0,-50.77394485473633,,2.0637471675872803,3.427936590839653,,1.0,0.92694491147995,
28.058692932128906,1790067402.7449877,,309,,0.8834183216094971,1168.89280739,10000.0,-50.98686599731445,,2.108074903488159,3.8956066335501838,,1.0,0.9288332462310791,
27.792957305908203,1790067406.8913548,,310,,0.8810741305351257,1173.028892956,10000.0,-51.391754150390625,,2.099924087524414,3.0526452962786013,,1.0,0.9270311594009399,
28.102724075317383,1790067411.0275404,,311,,0.8814367055892944,1177.182960792,10000.0,-51.397823333740234,,2.057863235473633,3.9520596604955758,,1.0,0.9266475439071655,
28.53929901123047,1790067415.181573,,312,,0.8818562030792236,1181.489740749,10000.0,-51.632999420166016,,2.022738456726074,3.644627978097527,,1.0,0.9277189373970032,
28.525182723999023,1790067419.4883738,,313,,0.8823361396789551,1185.634364511,10000.0,-51.57762145996094,,2.0445098876953125,2.5465948432188115,,1.0,0.9274412393569946,
28.462865829467773,1790067423.6330252,,314,,0.8837689161300659,1189.785072989,10000.0,-51.36101531982422,,2.0887563228607178,2.8385554669295825,,1.0,0.9284586310386658,
28.05678939819336,1790067427.7837174,,315,,0.8801313638687134,1193.943838484,10000.0,-51.585693359375,,2.07331919670105,2.7558391387826893,,1.0,0.9263573288917542,
28.56707191467285,1790067431.9424963,,316,,0.8810255527496338,1198.103698892,10000.0,-52.14583969116211,,2.053952217102051,3.207912942363522,,1.0,0.9285137057304382,
28.202314376831055,1790067436.102352,,317,,0.8817095756530762,1202.230877726,10000.0,-51.98896789550781,,2.0995943546295166,3.587828111151357,,1.0,0.9270005822181702,
28.5729923248291,1790067440.2295651,,318,,0.8796517252922058,1206.387760737,10000.0,-52.195831298828125,,2.0451674461364746,2.8136186590307046,,1.0,0.9282071590423584,
28.217947006225586,1790067444.3864434,,319,,0.8755517601966858,1210.655057227,10000.0,-52.485862731933594,,2.095055341720581,5.094548271307369,,1.0,0.9280288219451904,
28.719816207885742,1790067448.65371,,320,,0.8767014145851135,1214.789971203,10000.0,-52.78353500366211,,2.051278591156006,3.014110692855339,,1.0,0.9273483753204346,
29.143360137939453,1790067452.7886188,,321,,0.8765900135040283,1218.926489034,10000.0,-53.05955123901367,,2.0343236923217773,4.5943383979229,,1.0,0.9279114007949829,
29.24578285217285,1790067456.9251318,,322,,0.8735654354095459,1223.062417896,10000.0,-53.2223014831543,,2.0164363384246826,3.1026170489342615,,1.0,0.9280779361724854,
29.027006149291992,1790067461.0610723,,323,,0.8762166500091553,1227.203205401,10000.0,-53.349761962890625,,2.0225162506103516,3.4288742272786337,,1.0,0.9269530773162842,
29.787269592285156,1790067465.201838,,324,,0.8756551146507263,1231.343649613,10000.0,-53.2919921875,,2.014073371887207,2.91466210803148,,1.0,0.9264812469482422,
29.466562271118164,1790067469.3423042,,325,,0.8756705522537231,1235.465346628,10000.0,-53.30955123901367,,1.9894459247589111,2.8174271161804096,,1.0,0.9285635352134705,
29.936908721923828,1790067473.4640312,,326,,0.8729395270347595,1239.760376225,10000.0,-53.97160720825195,,1.9983794689178467,3.6317058420231523,,1.0,0.9271954298019409,
30.039505004882812,1790067477.7590933,,327,,0.8733822703361511,1243.890900382,10000.0,-54.338314056396484,,1.9594165086746216,2.959450692461,,1.0,0.9277284145355225,
30.518518447875977,1790067481.889518,,328,,0.874722957611084,1248.026735757,10000.0,-54.58088684082031,,1.9585785865783691,2.6258066210058737,,1.0,0.9266886711120605,
30.29494857788086,1790067486.025357,,329,,0.873227596282959,1252.145283378,10000.0,-54.9842414855957,,1.9707138538360596,3.7772608676492583,,1.0,0.9280335307121277,
29.534832000732422,1790067490.1439323,,330,,0.8709014654159546,1256.284507997,10000.0,-54.88200759887695,,1.9607032537460327,3.3325706180774026,,1.0,0.928327202796936,
29.490760803222656,1790067494.2831705,,331,,0.874714195728302,1260.389434244,10000.0,-54.939430236816406,,1.9875715970993042,3.1492644287000595,,1.0,0.9269605875015259,
29.216760635375977,1790067498.3881183,,332,,0.8728589415550232,1264.517446267,10000.0,-55.32120132446289,,1.9859483242034912,2.9022305748882915,,1.0,0.9286949038505554,
29.31643295288086,1790067502.516088,,333,,0.8717120885848999,1268.804354375,10000.0,-54.79029846191406,,1.9953089952468872,3.8731459150829854,,1.0,0.928142249584198,
29.42333221435547,1790067506.8030221,,334,,0.872158944606781,1272.92467853,10000.0,-54.98762130737305,,1.929427146911621,2.7166038252546842,,1.0,0.926139771938324,
30.147920608520508,1790067510.9232874,,335,,0.8779926896095276,1277.052936377,10000.0,-55.331790924072266,,1.9586833715438843,2.681843447302009,,1.0,0.9275926947593689,
29.55694007873535,1790067515.051612,,336,,0.8736400008201599,1281.167705156,10000.0,-55.519935607910156,,1.9546937942504883,3.1175763284067175,,1.0,0.9274681210517883,
29.277738571166992,1790067519.166247,,337,,0.8720757961273193,1285.263621845,10000.0,-55.4328498840332,,1.9251371622085571,3.5396263410916453,,1.0,0.9271315932273865,
29.537504196166992,1790067523.262239,,338,,0.8679074645042419,1289.372280589,10000.0,-56.01177215576172,,1.934744119644165,3.273026880370965,,1.0,0.9269531965255737,
29.436569213867188,1790067527.3709254,,339,,0.8693634867668152,1293.453461048,10000.0,-55.86756896972656,,1.9464638233184814,3.2683029298283337,,1.0,0.9265298247337341,
29.582624435424805,1790067531.4521594,,340,,0.8695666790008545,1297.559241254,10000.0,-56.37944793701172,,1.9209530353546143,3.3414073164268334,,1.0,0.9270623922348022,
29.750255584716797,1790067535.557901,,341,,0.8693786859512329,1301.834920386,10000.0,-56.30406188964844,,1.8847204446792603,1.8212231807368537,,1.0,0.9282310009002686,
29.12224769592285,1790067539.8335383,,342,,0.8690169453620911,1305.947296248,10000.0,-56.674949645996094,,1.914117693901062,4.5765084201018675,,1.0,0.9275144934654236,
28.691503524780273,1790067543.9459724,,343,,0.8710259795188904,1310.070638933,10000.0,-56.8280143737793,,1.8686975240707397,3.4778131989941614,,1.0,0.9273317456245422,
28.463176727294922,1790067548.0692647,,344,,0.8654157519340515,1314.203009898,10000.0,-56.837921142578125,,1.9104864597320557,4.43722077070568,,1.0,0.9275386333465576,
28.807321548461914,1790067552.201642,,345,,0.8634279370307922,1318.336751891,10000.0,-57.01234436035156,,1.8629661798477173,3.9925489140853965,,1.0,0.9277365207672119,
29.104642868041992,1790067556.3352747,,346,,0.8657207489013672,1322.470922452,10000.0,-57.1270866394043,,1.855974555015564,3.629182813966253,,1.0,0.9280585646629333,
29.00082015991211,1790067560.4695706,,347,,0.8671845197677612,1326.59445332,10000.0,-56.949100494384766,,1.8835432529449463,2.6039762333667693,,1.0,0.9280818104743958,
28.348459243774414,1790067564.5930982,,348,,0.8652297258377075,1330.881349579,10000.0,-56.9923210144043,,1.864485263824463,2.545132497268995,,1.0,0.9282031059265137,
28.48870277404785,1790067568.879976,,349,,0.8688024878501892,1335.017897737,10000.0,-57.132545471191406,,1.856713056564331,3.248087245535979,,1.0,0.9283806681632996,
27.715129852294922,1790067573.01655,,350,,0.8652377128601074,1339.135560538,10000.0,-56.8036994934082,,1.8731834888458252,2.772738623054276,,1.0,0.9271964430809021,
27.850730895996094,1790067577.134233,,351,,0.8641311526298523,1343.261878372,10000.0,-56.86329650878906,,1.8821308612823486,2.885170746119529,,1.0,0.927903950214386,
26.664836883544922,1790067581.2605174,,352,,0.8652423024177551,1347.392386837,10000.0,-56.664581298828125,,1.8635995388031006,2.613286744136527,,1.0,0.9273318648338318,
27.374671936035156,1790067585.3910332,,353,,0.8626333475112915,1351.49974203,10000.0,-57.475738525390625,,1.8441200256347656,4.1731555223023555,,1.0,0.9271013140678406,
27.496484756469727,1790067589.4984283,,354,,0.8646607995033264,1355.633150322,10000.0,-57.69890594482422,,1.8324755430221558,2.5194767837413132,,1.0,0.9267788529396057,
27.102622985839844,1790067593.6316862,,355,,0.8657742142677307,1359.910936149,10000.0,-57.427207946777344,,1.8439526557922363,2.7514045850604676,,1.0,0.9275339245796204,
26.73980140686035,1790067597.9095652,,356,,0.8651031255722046,1364.02154687,10000.0,-57.445701599121094,,1.8243180513381958,2.8158461389180522,,1.0,0.9277755618095398,
26.47458267211914,1790067602.0201693,,357,,0.8642259240150452,1368.150552293,10000.0,-57.2987060546875,,1.8302944898605347,2.7027141178588407,,1.0,0.9268701672554016,
25.419050216674805,1790067606.1492255,,358,,0.8643359541893005,1372.262731527,10000.0,-57.00322723388672,,1.909433126449585,2.4981133903410893,,1.0,0.926886796951294,
25.23446273803711,1790067610.2613232,,359,,0.8665876984596252,1376.393922062,10000.0,-57.42277526855469,,1.8167747259140015,3.1074485926538906,,1.0,0.9276405572891235,
25.671403884887695,1790067614.3925643,,360,,0.8604095578193665,1380.527089557,10000.0,-57.044883728027344,,1.8437304496765137,2.1840823354774237,,1.0,0.9269183874130249,
26.11861801147461,1790067618.5257697,,361,,0.8617188334465027,1384.650734485,10000.0,-56.815704345703125,,1.837565302848816,3.294203938785403,,1.0,0.9282663464546204,
26.142972946166992,1790067622.6493733,,362,,0.8612605333328247,1388.822724902,10000.0,-56.83464813232422,,1.8590754270553589,3.819465272140518,,1.0,0.9266913533210754,
25.90448760986328,1790067626.8213365,,363,,0.8602901697158813,1393.10074963,10000.0,-56.98458480834961,,1.8391042947769165,2.625247435109923,,1.0,0.9276531934738159,
25.734376907348633,1790067631.099253,,364,,0.8639573454856873,1397.23272909,10000.0,-56.545738220214844,,1.871567726135254,2.626071857663277,,1.0,0.9282207489013672,
24.926292419433594,1790067635.231378,,365,,0.8610188961029053,1401.339736372,10000.0,-57.028961181640625,,1.8781367540359497,2.4375242453247132,,1.0,0.9275387525558472,
25.412485122680664,1790067639.3383725,,366,,0.8628813028335571,1405.477112913,10000.0,-57.17864227294922,,1.871920108795166,2.820970725887296,,1.0,0.9280738234519958,
25.634929656982422,1790067643.4757483,,367,,0.8630880117416382,1409.587555122,10000.0,-57.2895622253418,,1.8434393405914307,3.5410179474192938,,1.0,0.9269196391105652,
25.542095184326172,1790067647.586202,,368,,0.8638280630111694,1413.722257359,10000.0,-57.21760559082031,,1.8277146816253662,3.0199960272810005,,1.0,0.927825391292572,
25.262121200561523,1790067651.7208896,,369,,0.8604385256767273,1417.858104338,10000.0,-57.79279708862305,,1.8631373643875122,2.044418950330677,,1.0,0.9279100894927979,
25.461753845214844,1790067655.8567278,,370,,0.8595207929611206,1422.135261126,10000.0,-58.24931335449219,,1.820749044418335,2.9114301030538132,,1.0,0.927048921585083,
25.96910858154297,1790067660.1338577,,371,,0.8594813346862793,1426.254134321,10000.0,-58.367469787597656,,1.8024623394012451,2.7718691528616772,,1.0,0.9280694723129272,
26.180953979492188,1790067664.2528136,,372,,0.8624591827392578,1430.362524265,10000.0,-58.412506103515625,,1.8330148458480835,3.0100270246318064,,1.0,0.9275408387184143,
25.42066192626953,1790067668.3610654,,373,,0.8602302670478821,1434.474950977,10000.0,-58.432350158691406,,1.8620187044143677,3.1618124361254134,,1.0,0.9271519184112549,
25.039047241210938,1790067672.4735823,,374,,0.8612772226333618,1438.594159745,10000.0,-58.020286560058594,,1.830665946006775,2.5508927550055462,,1.0,0.9278395175933838,
24.711780548095703,1790067676.5928323,,375,,0.8587902188301086,1442.726615737,10000.0,-58.2296142578125,,1.839821457862854,2.8973544846695503,,1.0,0.9272376894950867,
24.705129623413086,1790067680.725256,,376,,0.8582436442375183,1446.852647138,10000.0,-58.21531677246094,,1.799096703529358,3.6014702339564386,,1.0,0.9271696209907532,
25.43539810180664,1790067684.851303,,377,,0.8589024543762207,1451.132485339,10000.0,-58.921058654785156,,1.8153412342071533,3.8727853726636305,,1.0,0.9284893870353699,
25.370996475219727,1790067689.1311352,,378,,0.8593398332595825,1455.260672752,10000.0,-58.946292877197266,,1.807773232460022,3.3668842421551153,,1.0,0.9280131459236145,
25.410207748413086,1790067693.2593396,,379,,0.862323522567749,1459.4027074,10000.0,-59.31024932861328,,1.7768166065216064,2.521773048051752,,1.0,0.9274249076843262,
24.993854522705078,1790067697.4013464,,380,,0.8596370816230774,1463.547609672,10000.0,-59.64212417602539,,1.8216361999511719,2.348404008415299,,1.0,0.9266117215156555,
25.153030395507812,1790067701.5462747,,381,,0.8573355078697205,1467.704787234,10000.0,-59.364463806152344,,1.771439790725708,2.8838051426845692,,1.0,0.9284756183624268,
25.134584426879883,1790067705.703337,,382,,0.8591172695159912,1471.868676978,10000.0,-59.537227630615234,,1.764329433441162,2.4457008751846927,,1.0,0.9276587963104248,
24.6058292388916,1790067709.8673236,,383,,0.8579656481742859,1476.024378804,10000.0,-59.682472229003906,,1.8177893161773682,3.102890855704865,,1.0,0.9269287586212158,
24.329832077026367,1790067714.0230513,,384,,0.8596878051757812,1480.366215096,10000.0,-59.99272155761719,,1.7720566987991333,2.727771977265922,,1.0,0.9273515939712524,
24.394155502319336,1790067718.3649018,,385,,0.8572546243667603,1484.523703274,10000.0,-60.0424690246582,,1.768487811088562,3.881916276877116,,1.0,0.9280027151107788,
24.89742660522461,1790067722.522356,,386,,0.855384349822998,1488.664945672,10000.0,-59.84904479980469,,1.7565630674362183,2.2688848292131705,,1.0,0.9276889562606812,
24.91075897216797,1790067726.6635997,,387,,0.8552261590957642,1492.785885992,10000.0,-59.925926208496094,,1.7532250881195068,2.0318307592405165,,1.0,0.9281880855560303,
24.722795486450195,1790067730.7845068,,388,,0.8528211116790771,1496.923655088,10000.0,-59.81682205200195,,1.7777131795883179,2.2496886756243857,,1.0,0.9273907542228699,
24.422208786010742,1790067734.922321,,389,,0.8674935102462769,1501.032082528,10000.0,-59.16331481933594,,1.9315049648284912,2.4050525842924313,,1.0,0.9280133843421936,
24.830507278442383,1790067739.0307708,,390,,0.8616501092910767,1505.15092342,10000.0,-59.695552825927734,,1.840498447418213,3.22652841985134,,1.0,0.9289337396621704,
24.414018630981445,1790067743.1494818,,391,,0.8545505404472351,1509.411331683,10000.0,-59.18708801269531,,1.8069558143615723,2.658589681966178,,1.0,0.9280340075492859,
24.415504455566406,1790067747.4099865,,392,,0.8528087139129639,1513.52383416,10000.0,-59.57807159423828,,1.761049747467041,3.450038175517623,,1.0,0.9269077777862549,
24.980566024780273,1790067751.522471,,393,,0.8557333946228027,1517.645873335,10000.0,-59.490928649902344,,1.7182753086090088,2.6661019302897486,,1.0,0.9266738891601562,
25.12676429748535,1790067755.6445236,,394,,0.8548587560653687,1521.767206096,10000.0,-59.36140060424805,,1.7294020652770996,2.867289840352006,,1.0,0.9276570081710815,
24.836669921875,1790067759.7658572,,395,,0.8538488149642944,1525.898611294,10000.0,-59.261966705322266,,1.7275526523590088,2.5583391349575555,,1.0,0.9287246465682983,
24.296955108642578,1790067763.8972805,,396,,0.8519976735115051,1530.040556252,10000.0,-59.802181243896484,,1.7474572658538818,2.6340351838896128,,1.0,0.9267278909683228,
24.03995132446289,1790067768.0392206,,397,,0.8526310920715332,1534.167761966,10000.0,-59.36343765258789,,1.7421401739120483,3.1799621913080016,,1.0,0.9272018671035767,
24.694780349731445,1790067772.1663747,,398,,0.852049708366394,1538.281512307,10000.0,-59.42027282714844,,1.7266141176223755,2.2588409302031094,,1.0,0.9282156229019165,
24.850000381469727,1790067776.2801719,,399,,0.8511754870414734,1542.555362976,10000.0,-59.04802322387695,,1.7900457382202148,2.5820814099778775,,1.0,0.9264202117919922,
24.97533416748047,1790067780.553925,,400,,0.8523684144020081,1546.685583061,10000.0,-59.12093734741211,,1.7906773090362549,2.3758873520511385,,1.0,0.9269826412200928,
24.220720291137695,1790067784.6842701,,401,,0.8508145213127136,1550.812206253,10000.0,-59.23563003540039,,1.7847774028778076,2.169993484101028,,1.0,0.9266918301582336,
25.146146774291992,1790067788.8108735,,402,,0.8553864359855652,1554.946710967,10000.0,-59.58928680419922,,1.8630098104476929,2.311349337156324,,1.0,0.9275362491607666,
24.048521041870117,1790067792.9453595,,403,,0.8526968955993652,1559.082511761,10000.0,-58.87442398071289,,1.8849356174468994,2.822646294982675,,1.0,0.9275621771812439,
22.744428634643555,1790067797.081185,,404,,0.8515040874481201,1563.195522298,10000.0,-59.17532730102539,,1.758517861366272,3.290329034850845,,1.0,0.9283943176269531,
22.808988571166992,1790067801.1941605,,405,,0.8507992625236511,1567.333091663,10000.0,-59.4765739440918,,1.7411350011825562,4.015690055496121,,1.0,0.9282212257385254,
22.46548843383789,1790067805.3317492,,406,,0.8494624495506287,1571.606240299,10000.0,-59.66130065917969,,1.7642914056777954,2.9745456964378603,,1.0,0.9269507527351379,
23.630605697631836,1790067809.6049025,,407,,0.8519063591957092,1575.734818493,10000.0,-59.581058502197266,,1.7489652633666992,2.33627519700456,,1.0,0.9295451641082764,
23.522035598754883,1790067813.733498,,408,,0.8518332839012146,1579.863967817,10000.0,-59.30845260620117,,1.7544327974319458,2.638232244019579,,1.0,0.9277018904685974,
23.532350540161133,1790067817.8625069,,409,,0.8485793471336365,1583.995435264,10000.0,-59.243404388427734,,1.7280170917510986,2.7088052023154208,,1.0,0.9274582862854004,
23.888385772705078,1790067821.9940991,,410,,0.8472391366958618,1588.127052132,10000.0,-59.24137878417969,,1.7737517356872559,2.8512044445091025,,1.0,0.9274305701255798,
23.54903793334961,1790067826.1257086,,411,,0.846829354763031,1592.238766034,10000.0,-59.41563415527344,,1.7873443365097046,3.052536440486671,,1.0,0.9278805255889893,
24.161945343017578,1790067830.2374246,,412,,0.8483036756515503,1596.374252774,10000.0,-59.496726989746094,,1.7292637825012207,2.367383388408713,,1.0,0.9277656674385071,
23.6900634765625,1790067834.3729193,,413,,0.8516076803207397,1600.65584799,10000.0,-59.915489196777344,,1.7914891242980957,2.6818720419287967,,1.0,0.9280687570571899,
23.022539138793945,1790067838.6545048,,414,,0.8487352132797241,1604.792855951,10000.0,-60.573646545410156,,1.7505443096160889,2.5121526593579158,,1.0,0.9269903302192688,
23.888751983642578,1790067842.7915022,,415,,0.8483551144599915,1608.939001049,10000.0,-60.837589263916016,,1.7440768480300903,2.523230800329871,,1.0,0.9284018874168396,
23.364639282226562,1790067846.9376578,,416,,0.8481529951095581,1613.056491355,10000.0,-60.426509857177734,,1.885939598083496,3.1146839290526818,,1.0,0.9273962378501892,
23.41588592529297,1790067851.0551453,,417,,0.8459733724594116,1617.182956256,10000.0,-60.87547302246094,,1.7271217107772827,2.955509088339241,,1.0,0.9281430244445801,
23.6298770904541,1790067855.1815064,,418,,0.8481605648994446,1621.309017672,10000.0,-60.97991180419922,,1.7059030532836914,3.273390510626938,,1.0,0.9273176789283752,
23.404592514038086,1790067939.915883,,419,0.23240968974318463,0.8482295870780945,1703.537300108,10000.0,-61.137550354003906,0.012654176045721848,1.7228165864944458,2.2930670204313124,0.49728310108184814,1.0,0.9264768362045288,
,1790067941.5359807,0.6061718463897705,420,,,1705.085733314,,,,,,,,,10000.0
,1790067943.0844498,0.6063041090965271,421,,,1706.640004164,,,,,,,,,10000.0
,1790067944.6387768,0.6033679246902466,422,,,1708.191308217,,,,,,,,,10000.0
,1790067946.1900623,0.6016345620155334,423,,,1709.760402694,,,,,,,,,10000.0
,1790067947.7591627,0.6021311283111572,424,,,1711.478781845,,,,,,,,,10000.0
,1790067949.4774802,0.6008464694023132,425,,,1713.018739747,,,,,,,,,10000.0
,1790067951.0174365,0.604239821434021,426,,,1714.551491375,,,,,,,,,10000.0
,1790067952.5502415,0.6007453203201294,427,,,1716.089888429,,,,,,,,,10000.0
,1790067954.0886576,0.6008815169334412,428,,,1717.636176245,,,,,,,,,10000.0
,1790067955.6349025,0.5994714498519897,429,,,1719.184746613,,,,,,,,,10000.0
,1790067957.1835096,0.5962429046630859,430,,,1720.728947797,,,,,,,,,10000.0
,1790067958.7276716,0.5968931317329407,431,,,1722.282649323,,,,,,,,,10000.0
,1790067960.281312,0.5946812629699707,432,,,1723.836708236,,,,,,,,,10000.0
,1790067961.8353765,0.596261203289032,433,,,1725.39587438,,,,,,,,,10000.0
,1790067963.39458,0.5946891903877258,434,,,1726.944043111,,,,,,,,,10000.0
,1790067964.9427304,0.5946651697158813,435,,,1728.630422841,,,,,,,,,10000.0
,1790067966.6291275,0.5911704897880554,436,,,1730.18812235,,,,,,,,,10000.0
,1790067968.1866999,0.587634801864624,437,,,1731.73844386,,,,,,,,,10000.0
,1790067969.7371361,0.5855118036270142,438,,,1733.290169937,,,,,,,,,10000.0
,1790067971.2889216,0.583182692527771,439,,,1737.407279109,,,,,,,,,10000.0
22.951984405517578,1790067975.4059262,,440,,0.8526175022125244,1741.52572167,10000.0,-61.35649490356445,,1.7132450342178345,2.9206260923659744,,1.0,0.9281259179115295,
23.841203689575195,1790067979.5244153,,441,,0.8493777513504028,1745.786094823,10000.0,-62.146175384521484,,1.6553950309753418,3.9665747658635144,,1.0,0.9282430410385132,
24.13107681274414,1790067983.7846975,,442,,0.8455249071121216,1749.923413054,10000.0,-61.81382751464844,,1.6562130451202393,2.9964222967735465,,1.0,0.9273352026939392,
23.86548614501953,1790067987.9220629,,443,,0.8520965576171875,1754.032258913,10000.0,-62.104007720947266,,1.6901799440383911,3.031205584423915,,1.0,0.9285354614257812,
23.446996688842773,1790067992.030895,,444,,0.8475428223609924,1758.168367406,10000.0,-61.619136810302734,,1.7260135412216187,2.651658713178116,,1.0,0.9265921115875244,
23.59093475341797,1790067996.1670244,,445,,0.8518556356430054,1762.292726679,10000.0,-61.7274284362793,,1.6878798007965088,3.0321131411215547,,1.0,0.9283950328826904,
23.24749755859375,1790068000.2914138,,446,,0.8482227921485901,1766.424115872,10000.0,-62.11228942871094,,1.6711935997009277,3.1741827013415227,,1.0,0.9275498986244202,
23.427566528320312,1790068004.4227715,,447,,0.8464257717132568,1770.551183244,10000.0,-62.150054931640625,,1.6829184293746948,2.4248080352272923,,1.0,0.9275051951408386,
22.999956130981445,1790068008.5498183,,448,,0.8464233875274658,1774.82911437,10000.0,-62.21086502075195,,1.6751190423965454,3.1349757067266117,,1.0,0.9262751936912537,
22.605628967285156,1790068012.8277733,,449,,0.8462575674057007,1778.971344126,10000.0,-62.2578010559082,,1.6833795309066772,2.984750621559579,,1.0,0.9287787675857544,
23.098642349243164,1790068016.969871,,450,,0.8498740196228027,1783.118813513,10000.0,-62.06710433959961,,1.7017929553985596,2.493560194472987,,1.0,0.9277033805847168,
22.339651107788086,1790068021.1174684,,451,,0.8483319878578186,1787.276175033,10000.0,-62.053348541259766,,1.6784189939498901,3.254560161124891,,1.0,0.9275643825531006,
22.381608963012695,1790068025.2748477,,452,,0.8522289991378784,1791.418795974,10000.0,-62.204769134521484,,1.6948620080947876,2.431075408560599,,1.0,0.9265092611312866,
22.507680892944336,1790068029.417448,,453,,0.8495153188705444,1795.561991282,10000.0,-62.151123046875,,1.6524848937988281,2.198513300160372,,1.0,0.9264531135559082,
22.612260818481445,1790068033.5606487,,454,,0.8475748300552368,1799.724340614,10000.0,-62.34537124633789,,1.67128324508667,2.2741481119958777,,1.0,0.9277112483978271,
21.956571578979492,1790068037.7229874,,455,,0.8469821214675903,1803.841973804,10000.0,-61.880821228027344,,1.6675519943237305,3.119487652104201,,1.0,0.9271835088729858,
22.5966739654541,1790068041.84065,,456,,0.8484817743301392,1808.14548513,10000.0,-62.3393440246582,,1.6745434999465942,2.4633183909803775,,1.0,0.9285791516304016,
23.098012924194336,1790068046.1441212,,457,,0.845345675945282,1812.286507269,10000.0,-62.001617431640625,,1.6458466053009033,3.0693604881608505,,1.0,0.928110659122467,
22.84490966796875,1790068050.2851365,,458,,0.8458932638168335,1816.422792158,10000.0,-62.2609748840332,,1.6466220617294312,2.049698484032686,,1.0,0.928030788898468,
23.391923904418945,1790068054.4214485,,459,,0.8450056314468384,1820.535388266,10000.0,-62.457855224609375,,1.6809320449829102,3.0320485066094336,,1.0,0.9278700947761536,
23.37960433959961,1790068058.5340316,,460,,0.8480782508850098,1824.675009115,10000.0,-62.42259216308594,,1.7122776508331299,2.4346137823544685,,1.0,0.9279356598854065,
22.888708114624023,1790068062.673416,,461,,0.845142662525177,1828.785955819,10000.0,-62.022727966308594,,1.6807589530944824,3.1986354005272295,,1.0,0.9272854328155518,
23.09777069091797,1790068066.7845137,,462,,0.8470638394355774,1832.924160575,10000.0,-62.4742546081543,,1.6741071939468384,3.4855109739403907,,1.0,0.9273445010185242,
23.310745239257812,1790068070.922833,,463,,0.8491346836090088,1837.265003155,10000.0,-62.421730041503906,,1.6489300727844238,3.1320585585097827,,1.0,0.9294648766517639,
23.44771957397461,1790068075.2636018,,464,,0.8441717028617859,1841.374939932,10000.0,-63.169883728027344,,1.615074872970581,3.503121569719557,,1.0,0.9274404048919678,
23.610618591308594,1790068079.3735418,,465,,0.8449108600616455,1845.478294329,10000.0,-63.105010986328125,,1.5988246202468872,2.999092125416395,,1.0,0.927643358707428,
22.750097274780273,1790068083.47694,,466,,0.8439159989356995,1849.583636179,10000.0,-62.90534973144531,,1.6166431903839111,2.67748820940492,,1.0,0.927562952041626,
22.28463363647461,1790068087.5823011,,467,,0.8427889943122864,1853.704703161,10000.0,-63.29762649536133,,1.6256814002990723,3.0324621722735983,,1.0,0.9283921718597412,
23.3216552734375,1790068091.7033274,,468,,0.8440086841583252,1857.823964437,10000.0,-62.850250244140625,,1.646377682685852,3.191500994103401,,1.0,0.9276930093765259,
22.307109832763672,1790068095.82262,,469,,0.8438423871994019,1861.947735615,10000.0,-63.538448333740234,,1.637848973274231,2.0214131152882255,,1.0,0.9276070594787598,
22.144121170043945,1790068099.9461875,,470,,0.8413297533988953,1866.222628043,10000.0,-63.28125,,1.6699250936508179,3.41728494980223,,1.0,0.9268136620521545,
22.45410919189453,1790068104.22122,,471,,0.8508298993110657,1870.348935099,10000.0,-63.07097625732422,,1.7547354698181152,2.256585323251599,,1.0,0.9282163381576538,
22.096233367919922,1790068108.347569,,472,,0.8460386395454407,1874.469790421,10000.0,-62.9332160949707,,1.7190582752227783,2.535890426790981,,1.0,0.9271957278251648,
22.32526206970215,1790068112.4684255,,473,,0.8414070010185242,1878.594346507,10000.0,-63.04478073120117,,1.6331748962402344,2.086810992900336,,1.0,0.9273090362548828,
21.69927406311035,1790068116.5930107,,474,,0.8441610932350159,1882.718928837,10000.0,-62.70698165893555,,1.7151548862457275,2.890625057396627,,1.0,0.9280242919921875,
20.804428100585938,1790068120.7175732,,475,,0.8443192839622498,1886.827692292,10000.0,-63.04859924316406,,1.6908262968063354,2.612507794521242,,1.0,0.9275814294815063,
21.646821975708008,1790068124.8262675,,476,,0.8405112624168396,1890.958045382,10000.0,-63.349918365478516,,1.6366788148880005,2.8915852457384394,,1.0,0.9281412363052368,
22.748437881469727,1790068128.9567106,,477,,0.8438952565193176,1895.074471842,10000.0,-63.27191925048828,,1.6159809827804565,2.676129883671599,,1.0,0.9272259473800659,
23.580171585083008,1790068133.0731037,,478,,0.8431228399276733,1899.331040719,10000.0,-62.99110794067383,,1.621005654335022,2.6651365648226575,,1.0,0.928000807762146,
23.047813415527344,1790068137.3296695,,479,,0.8405810594558716,1903.453964756,10000.0,-63.08597183227539,,1.6439025402069092,2.8399685684876577,,1.0,0.9275321960449219,
22.96780014038086,1790068141.4526203,,480,,0.8434150218963623,1907.580938244,10000.0,-63.085262298583984,,1.625697135925293,2.8560757792213365,,1.0,0.9286318421363831,
23.442800521850586,1790068145.5795927,,481,,0.8404023051261902,1911.69346567,10000.0,-63.03119659423828,,1.657417893409729,2.3011444238358014,,1.0,0.9275341629981995,
23.607614517211914,1790068149.6920955,,482,,0.8406040668487549,1915.815107322,10000.0,-62.97035217285156,,1.6345826387405396,2.8162602963366608,,1.0,0.9266882538795471,
23.84743881225586,1790068153.813765,,483,,0.8402783870697021,1919.93728768,10000.0,-62.550899505615234,,1.6479291915893555,3.300526521538401,,1.0,0.9283003211021423,
24.41901397705078,1790068157.9359593,,484,,0.8397740125656128,1924.047241124,10000.0,-62.682403564453125,,1.6243449449539185,2.3365945937800827,,1.0,0.9277708530426025,
24.50033950805664,1790068162.0459,,485,,0.8377014994621277,1928.308185759,10000.0,-62.30275344848633,,1.6497735977172852,2.2870995218091843,,1.0,0.9277987480163574,
23.805831909179688,1790068166.3067021,,486,,0.8389630317687988,1932.424883861,10000.0,-62.64111328125,,1.6146076917648315,2.7715567984722953,,1.0,0.9279639720916748,
24.318397521972656,1790068170.4234967,,487,,0.8412162065505981,1936.555046644,10000.0,-62.93821334838867,,1.6287331581115723,3.3399333580205255,,1.0,0.9283359050750732,
24.23839569091797,1790068174.5537257,,488,,0.8425944447517395,1940.665716028,10000.0,-62.583038330078125,,1.6126588582992554,2.453107281959697,,1.0,0.9277172088623047,
24.421667098999023,1790068178.6643488,,489,,0.8380544781684875,1944.75770186,10000.0,-63.01161193847656,,1.5977543592453003,2.243446668323249,,1.0,0.926882803440094,
24.426647186279297,1790068182.7563355,,490,,0.839829683303833,1948.865324902,10000.0,-63.52817916870117,,1.5961523056030273,2.8998648505403386,,1.0,0.9277340769767761,
24.353309631347656,1790068186.8639321,,491,,0.837496280670166,1953.010420003,10000.0,-63.28205490112305,,1.6157028675079346,3.3084884155209555,,1.0,0.9268523454666138,
24.76647186279297,1790068191.009095,,492,,0.8444868326187134,1957.290991835,10000.0,-63.511714935302734,,1.6274333000183105,2.3819964194114616,,1.0,0.9287869930267334,
24.24239730834961,1790068195.2896397,,493,,0.8438723087310791,1961.409392,10000.0,-63.43795394897461,,1.6190898418426514,3.510504944261671,,1.0,0.9276286363601685,
23.483224868774414,1790068199.4080315,,494,,0.842867910861969,1965.512443354,10000.0,-63.77033615112305,,1.6331932544708252,2.0044134197896897,,1.0,0.9271094799041748,
22.953935623168945,1790068203.5110173,,495,,0.842711865901947,1969.619655893,10000.0,-63.85685729980469,,1.6411365270614624,2.764119080905785,,1.0,0.9269929528236389,
22.71187973022461,1790068207.6183147,,496,,0.8434784412384033,1973.750983603,10000.0,-64.02998352050781,,1.6347110271453857,3.168458662928208,,1.0,0.9269156455993652,
22.846961975097656,1790068211.7496202,,497,,0.8437238931655884,1977.872542664,10000.0,-64.05799865722656,,1.6146636009216309,2.394192584252606,,1.0,0.9285963177680969,
22.770305633544922,1790068215.8712292,,498,,0.8401191234588623,1981.966632353,10000.0,-63.471466064453125,,1.6086584329605103,2.2150725506385367,,1.0,0.9276455044746399,
22.485822677612305,1790068219.9653165,,499,,0.837553858757019,1986.246579877,10000.0,-64.44367980957031,,1.6690621376037598,2.5764920040416412,,1.0,0.9253106713294983,
22.619626998901367,1790068224.2452235,,500,,0.8422368764877319,1990.371430414,10000.0,-64.7661361694336,,1.6080421209335327,2.5639645212869775,,1.0,0.9289305210113525,
22.774547576904297,1790068228.370094,,501,,0.8394315242767334,1994.486911426,10000.0,-64.72657012939453,,1.6206783056259155,2.5883600031495675,,1.0,0.9269125461578369,
22.008886337280273,1790068232.485537,,502,,0.8380106091499329,1998.613467986,10000.0,-64.78006744384766,,1.6064525842666626,2.5646696823795576,,1.0,0.927431046962738,
22.695228576660156,1790068236.612135,,503,,0.8393876552581787,2002.719980862,10000.0,-64.8863754272461,,1.570375680923462,3.105317233933509,,1.0,0.9285820722579956,
22.64434814453125,1790068240.7185256,,504,,0.84259432554245,2006.849624354,10000.0,-64.67413330078125,,1.6505311727523804,3.0182499259821296,,1.0,0.9277942776679993,
22.454938888549805,1790068244.8482761,,505,,0.8428547382354736,2010.967125717,10000.0,-65.03072357177734,,1.5540268421173096,3.245382769150651,,1.0,0.9289401173591614,
22.131755828857422,1790068248.9658306,,506,,0.8394051194190979,2015.282294945,10000.0,-64.81493377685547,,1.5902589559555054,2.0140893970790636,,1.0,0.9273431897163391,
22.634864807128906,1790068253.2809536,,507,,0.8381701111793518,2019.417380429,10000.0,-64.80056762695312,,1.5599603652954102,2.5413109291310723,,1.0,0.9271016120910645,
23.181262969970703,1790068257.4160113,,508,,0.8382132649421692,2023.555378636,10000.0,-64.87973022460938,,1.5836430788040161,2.459446969648977,,1.0,0.9277948141098022,
22.553895950317383,1790068261.5540214,,509,,0.8353084325790405,2027.787911559,10000.0,-64.615234375,,1.5579043626785278,2.0841260576742022,,1.0,0.9279283285140991,
22.402986526489258,1790068265.786506,,510,,0.8358328938484192,2031.964394668,10000.0,-64.82281494140625,,1.5522639751434326,3.2335221822496,,1.0,0.9280003905296326,
21.945388793945312,1790068269.9630654,,511,,0.8387472033500671,2036.097661678,10000.0,-64.8022232055664,,1.580268383026123,2.6225288936020514,,1.0,0.9269063472747803,
21.573888778686523,1790068274.0963364,,512,,0.838234543800354,2040.234666578,10000.0,-64.15711212158203,,1.5728546380996704,2.6264858225846006,,1.0,0.9288890361785889,
21.5413761138916,1790068278.2332542,,513,,0.8385818004608154,2044.377242708,10000.0,-64.32710266113281,,1.5557692050933838,2.5822243346026625,,1.0,0.9273387789726257,
22.182445526123047,1790068282.3759153,,514,,0.8368846774101257,2048.681203255,10000.0,-64.47338104248047,,1.5477499961853027,2.5762798555929294,,1.0,0.9270860552787781,
22.790306091308594,1790068286.6798546,,515,,0.8361780643463135,2052.798653245,10000.0,-64.37415313720703,,1.5781834125518799,2.6319132229121682,,1.0,0.9280430674552917,
22.64376449584961,1790068290.7972896,,516,,0.8382090926170349,2056.939062487,10000.0,-64.68893432617188,,1.549304485321045,2.2833034866790616,,1.0,0.9268927574157715,
22.33670425415039,1790068294.9377556,,517,,0.839796781539917,2061.051318999,10000.0,-64.87701416015625,,1.561448097229004,2.486323375930218,,1.0,0.9279345870018005,
22.034774780273438,1790068299.0500007,,518,,0.8347228765487671,2065.175707917,10000.0,-64.95442962646484,,1.5636845827102661,1.972294455683199,,1.0,0.9275068640708923,
21.84136962890625,1790068303.1743681,,519,,0.8392271399497986,2069.277502592,10000.0,-64.16191864013672,,1.5880032777786255,2.4247771525088893,,1.0,0.9263790845870972,
22.1162052154541,1790068307.2761812,,520,,0.8379919528961182,2073.383967769,10000.0,-64.27544403076172,,1.5598111152648926,2.884807920978689,,1.0,0.9286410808563232,
21.758420944213867,1790068311.3826795,,521,,0.8356878757476807,2077.628039124,10000.0,-64.30290222167969,,1.5577459335327148,3.053051444364114,,1.0,0.9283449053764343,
22.018953323364258,1790068315.6267033,,522,,0.8363733887672424,2081.75164324,10000.0,-64.4973373413086,,1.557011604309082,2.162912859293049,,1.0,0.9266992807388306,
22.640981674194336,1790068319.7502918,,523,,0.8398281931877136,2085.849870321,10000.0,-64.15215301513672,,1.5467857122421265,2.0842919399613247,,1.0,0.9289201498031616,
22.982633590698242,1790068323.8484962,,524,,0.8381516337394714,2089.974187565,10000.0,-64.5274429321289,,1.5808022022247314,2.344426403464312,,1.0,0.9272130727767944,
22.68181610107422,1790068327.97285,,525,,0.8372353911399841,2094.093611889,10000.0,-64.66864776611328,,1.5672138929367065,3.3775693696550766,,1.0,0.9286555647850037,
22.49664878845215,1790068332.0922496,,526,,0.8369941711425781,2098.233410034,10000.0,-64.62677001953125,,1.5580083131790161,2.68043776421176,,1.0,0.9275303483009338,
22.819286346435547,1790068336.2320616,,527,,0.8338596224784851,2102.349820421,10000.0,-64.78996276855469,,1.5485162734985352,2.536514105287865,,1.0,0.926740825176239,
22.690038681030273,1790068340.3484874,,528,,0.8377462029457092,2106.599999444,10000.0,-65.00548553466797,,1.5276583433151245,1.8999216609514264,,1.0,0.9282721877098083,
22.296499252319336,1790068344.5982726,,529,,0.8379221558570862,2110.734844999,10000.0,-65.32485961914062,,1.5796535015106201,3.472502295272011,,1.0,0.9273708462715149,
22.465940475463867,1790068348.7335055,,530,,0.836456835269928,2114.871629024,10000.0,-65.3781967163086,,1.5424340963363647,3.164001879000163,,1.0,0.9281741976737976,
22.620590209960938,1790068352.8702662,,531,,0.8361694812774658,2118.974479954,10000.0,-65.54324340820312,,1.54448664188385,2.783313190470141,,1.0,0.9274238348007202,
22.72588539123535,1790068356.9731264,,532,,0.835238516330719,2123.10489736,10000.0,-65.89328002929688,,1.5607647895812988,3.150959398252283,,1.0,0.9267436265945435,
22.36496353149414,1790068361.1035347,,533,,0.835252046585083,2127.217159921,10000.0,-66.14051055908203,,1.5396032333374023,2.5756600915280323,,1.0,0.9272517561912537,
22.937705993652344,1790068365.2158132,,534,,0.8325163125991821,2131.339376234,10000.0,-65.69099426269531,,1.5423753261566162,2.3058251172340847,,1.0,0.9261552691459656,
22.223806381225586,1790068369.3380752,,535,,0.8297209143638611,2135.465161038,10000.0,-65.86140441894531,,1.5613806247711182,3.384319038244372,,1.0,0.925780177116394,
22.26415252685547,1790068373.4638212,,536,,0.8338743448257446,2139.713156083,10000.0,-65.77452087402344,,1.5486994981765747,2.6019456846328324,,1.0,0.9278070330619812,
22.234275817871094,1790068377.7118247,,537,,0.8371978998184204,2143.836808039,10000.0,-65.97032928466797,,1.5397197008132935,3.457771201744557,,1.0,0.9291068315505981,
22.27874183654785,1790068381.8354542,,538,,0.8383321166038513,2147.959920399,10000.0,-66.2064437866211,,1.6190115213394165,2.3382017320348782,,1.0,0.9272174835205078,
22.144750595092773,1790068385.9585543,,539,,0.8367569446563721,2152.080732765,10000.0,-65.6225357055664,,1.5786747932434082,2.7625148719780395,,1.0,0.92908775806427,
22.090185165405273,1790068390.0793645,,540,,0.8371636867523193,2156.194412665,10000.0,-66.13478088378906,,1.54988431930542,2.5848225401798492,,1.0,0.9291040301322937,
21.703895568847656,1790068394.193071,,541,,0.8355461955070496,2160.320821072,10000.0,-66.36360168457031,,1.575183391571045,3.421112484716118,,1.0,0.9294776320457458,
21.171072006225586,1790068398.3194778,,542,,0.8350923657417297,2164.443105181,10000.0,-66.2297592163086,,1.5856608152389526,2.0144815493409274,,1.0,0.9271716475486755,
20.89419937133789,1790068402.441744,,543,,0.8365032076835632,2168.706964984,10000.0,-66.26195526123047,,1.5961499214172363,2.2516880691854206,,1.0,0.928544819355011,
20.9043025970459,1790068406.705591,,544,,0.8359614610671997,2172.814540603,10000.0,-66.46337127685547,,1.5752383470535278,2.606023851866297,,1.0,0.9282020330429077,
20.510969161987305,1790068410.8131897,,545,,0.8321102857589722,2176.943287851,10000.0,-65.85430908203125,,1.5758270025253296,2.740736003883959,,1.0,0.9254608750343323,
20.517799377441406,1790068414.941958,,546,,0.8339431881904602,2181.078829345,10000.0,-66.000244140625,,1.5716743469238281,3.0208001634346804,,1.0,0.9263134598731995,
20.646974563598633,1790068419.0774894,,547,,0.8349611163139343,2185.195554843,10000.0,-65.72782897949219,,1.5523244142532349,2.621538963397871,,1.0,0.929385781288147,
20.182947158813477,1790068423.1942177,,548,,0.8328450918197632,2189.327777355,10000.0,-66.2681884765625,,1.5336711406707764,2.569963674815077,,1.0,0.9272955060005188,
20.46943473815918,1790068427.3264215,,549,,0.8318045735359192,2193.443950309,10000.0,-65.7789306640625,,1.5490541458129883,2.5025810292107296,,1.0,0.9272744655609131,
20.989002227783203,1790068431.442577,,550,,0.8323884606361389,2197.684112599,10000.0,-65.72503662109375,,1.561509609222412,2.665029510116856,,1.0,0.9282733201980591,
20.925832748413086,1790068435.6828065,,551,,0.833351731300354,2201.808186746,10000.0,-65.50061798095703,,1.5320395231246948,2.72145859736725,,1.0,0.9279356598854065,
20.822214126586914,1790068439.8068876,,552,,0.8313513994216919,2205.944709326,10000.0,-65.74423217773438,,1.5574712753295898,3.4066785404454274,,1.0,0.9264382123947144,
20.456449508666992,1790068443.9433253,,553,,0.8302050828933716,2210.052310729,10000.0,-65.7282943725586,,1.5654962062835693,2.311060488957553,,1.0,0.9274182915687561,
21.082056045532227,1790068448.0509658,,554,,0.8313059210777283,2214.171591264,10000.0,-66.34447479248047,,1.5460538864135742,3.0650608712486487,,1.0,0.9272884130477905,
20.933761596679688,1790068452.1702332,,555,,0.834246039390564,2218.27108297,10000.0,-66.30534362792969,,1.5307830572128296,2.3537636094817698,,1.0,0.9289213418960571,
20.750829696655273,1790068456.2697449,,556,,0.8341113924980164,2222.406112687,10000.0,-66.03968811035156,,1.5579566955566406,2.7782208189441913,,1.0,0.9275591373443604,
20.239940643310547,1790068460.4047651,,557,,0.8618461489677429,2226.648109807,10000.0,-65.69768524169922,,2.064742088317871,2.4406400434777966,,1.0,0.9273025989532471,
20.535322189331055,1790068464.6467743,,558,,0.8330847024917603,2230.786637794,10000.0,-65.8650894165039,,1.5669386386871338,2.2744583036341015,,1.0,0.9270002245903015,
19.456960678100586,1790068468.7852519,,559,,0.8430317044258118,2234.902978654,10000.0,-65.98070526123047,,1.6279819011688232,2.3741725966605345,,1.0,0.9285069108009338,
18.986007690429688,1790068472.9016309,,560,,0.8378853797912598,2239.021963474,10000.0,-66.00083923339844,,1.668030858039856,2.76413160363251,,1.0,0.9282705187797546,
18.401607513427734,1790068477.020627,,561,,0.8393953442573547,2243.166843552,10000.0,-66.19470977783203,,1.658778429031372,2.759440331277936,,1.0,0.9271071553230286,
17.77705955505371,1790068481.1654887,,562,,0.8376132249832153,2247.307680185,10000.0,-66.11673736572266,,1.564417839050293,2.6356360169949125,,1.0,0.9292138814926147,
17.761062622070312,1790068485.3063133,,563,,0.8326846361160278,2251.472232087,10000.0,-65.4383316040039,,1.5818156003952026,2.6107370118887308,,1.0,0.9268270134925842,
18.3652286529541,1790068489.4708486,,564,,0.8330775499343872,2255.813863973,10000.0,-65.55282592773438,,1.5615484714508057,2.6693662218450864,,1.0,0.9273731112480164,
18.92264175415039,1790068493.812517,,565,,0.8305596113204956,2259.94567001,10000.0,-64.99530029296875,,1.580146312713623,2.7490951355275257,,1.0,0.927741289138794,
19.606006622314453,1790068497.9443138,,566,,0.8319962024688721,2264.100772776,10000.0,-65.1112289428711,,1.5749238729476929,3.094438085031672,,1.0,0.9282310009002686,
19.09091567993164,1790068502.0994148,,567,,0.8310163617134094,2268.252042421,10000.0,-65.6617431640625,,1.5811299085617065,2.7991602223300496,,1.0,0.9269773960113525,
19.955224990844727,1790068506.250696,,568,,0.8310040831565857,2272.371830553,10000.0,-65.12389373779297,,1.581515908241272,2.6356504460843952,,1.0,0.9276861548423767,
19.89545440673828,1790068510.3704536,,569,,0.8321288228034973,2276.490006303,10000.0,-65.17945861816406,,1.5588316917419434,2.814871314697657,,1.0,0.9290853142738342,
20.484094619750977,1790068514.4886596,,570,,0.8279547095298767,2280.599275628,10000.0,-65.12456512451172,,1.5530909299850464,3.5326441436244083,,1.0,0.9277728796005249,
20.769729614257812,1790068518.5979111,,571,,0.8315674066543579,2284.73476824,10000.0,-65.3074951171875,,1.5678200721740723,3.053644789225461,,1.0,0.9279360175132751,
20.418075561523438,1790068522.7334008,,572,,0.8283481001853943,2289.015930594,10000.0,-65.4259033203125,,1.5567314624786377,2.4682274283225647,,1.0,0.9263821244239807,
20.54615020751953,1790068527.0144236,,573,,0.8308503031730652,2293.145976112,10000.0,-65.78239440917969,,1.521549105644226,2.4515905349556313,,1.0,0.9288919568061829,
20.45182228088379,1790068531.144619,,574,,0.8295971155166626,2297.272192549,10000.0,-65.42024993896484,,1.5642170906066895,2.452466689617597,,1.0,0.9264034032821655,
20.25568389892578,1790068535.2708497,,575,,0.8338821530342102,2301.405998088,10000.0,-65.45855712890625,,1.5266131162643433,3.660248215947783,,1.0,0.928170919418335,
21.042869567871094,1790068539.4046278,,576,,0.8296235799789429,2305.512628954,10000.0,-65.42479705810547,,1.5137741565704346,2.4366849301440214,,1.0,0.927236020565033,
21.13488006591797,1790068543.5112753,,577,,0.8277406096458435,2309.660042981,10000.0,-65.5625991821289,,1.5050475597381592,2.852962387885283,,1.0,0.9264776706695557,
20.137331008911133,1790068547.658669,,578,,0.8309050798416138,2313.780177064,10000.0,-65.21215057373047,,1.5253230333328247,2.1378114375982817,,1.0,0.926642656326294,
19.898488998413086,1790068551.7788267,,579,,0.8295137882232666,2318.035152762,10000.0,-65.83636474609375,,1.5424108505249023,2.3904036090184286,,1.0,0.9259875416755676,
20.470792770385742,1790068556.0337899,,580,,0.8323276042938232,2322.13635621,10000.0,-65.43264770507812,,1.5513607263565063,2.3383734465219352,,1.0,0.9278510808944702,
19.612083435058594,1790068560.1350136,,581,,0.8310299515724182,2326.245689742,10000.0,-66.1928939819336,,1.5281637907028198,3.7715745761434225,,1.0,0.9271594882011414,
19.49728775024414,1790068564.2443473,,582,,0.8334381580352783,2330.355280611,10000.0,-66.00855255126953,,1.5169018507003784,2.277755718789444,,1.0,0.9278935194015503,
19.39276885986328,1790068568.3539538,,583,,0.8294299840927124,2334.485536564,10000.0,-66.1963882446289,,1.5127787590026855,2.5858934806545073,,1.0,0.927547812461853,
19.36832046508789,1790068572.4841821,,584,,0.8288086652755737,2338.611077916,10000.0,-66.61210632324219,,1.5154308080673218,1.9303359807569591,,1.0,0.9274386763572693,
19.75782585144043,1790068576.6097171,,585,,0.8298643231391907,2342.740866403,10000.0,-66.52812957763672,,1.4820144176483154,2.650761411413921,,1.0,0.9277874827384949,
20.135705947875977,1790068580.7395341,,586,,0.8286137580871582,2347.012195361,10000.0,-66.1918716430664,,1.524085283279419,2.1090642528254024,,1.0,0.9278537631034851,
20.146137237548828,1790068585.0108662,,587,,0.8308063745498657,2351.140343341,10000.0,-66.46885681152344,,1.519761323928833,2.8938281818817693,,1.0,0.9277713298797607,
19.700319290161133,1790068589.1389694,,588,,0.8324163556098938,2355.251841149,10000.0,-65.991455078125,,1.5044025182724,3.178567634992338,,1.0,0.9275248050689697,
19.661418914794922,1790068593.2504992,,589,,0.833441972732544,2359.373941082,10000.0,-67.05828857421875,,1.5669448375701904,2.3136001820332788,,1.0,0.9259474277496338,
19.103483200073242,1790068597.3725796,,590,,0.8313875794410706,2363.456904979,10000.0,-66.64816284179688,,1.5676559209823608,3.262926502656629,,1.0,0.9269047379493713,
19.00618553161621,1790068601.4555476,,591,,0.8300834894180298,2367.534121968,10000.0,-66.6007308959961,,1.5484281778335571,2.5346475558620796,,1.0,0.9274083971977234,
19.064590454101562,1790068605.5327694,,592,,0.8325517773628235,2371.650931232,10000.0,-67.20772552490234,,1.5666126012802124,2.743262953047924,,1.0,0.9275556802749634,
18.398693084716797,1790068609.649595,,593,,0.8333883881568909,2375.749789718,10000.0,-67.14933776855469,,1.5761669874191284,2.628416325887879,,1.0,0.9278841614723206,
18.750164031982422,1790068613.7484322,,594,,0.8308982253074646,2379.982973413,10000.0,-67.23486328125,,1.5353288650512695,2.4830066536863487,,1.0,0.926961362361908,
18.21900177001953,1790068617.9816172,,595,,0.8295026421546936,2384.065919148,10000.0,-67.32300567626953,,1.5539838075637817,2.6714979457518564,,1.0,0.9262575507164001,
18.198047637939453,1790068622.0645561,,596,,0.8355791568756104,2388.180041077,10000.0,-67.74156188964844,,1.556908130645752,2.3978644523918864,,1.0,0.9286656975746155,
17.971450805664062,1790068626.1786764,,597,,0.8328744769096375,2392.28439099,10000.0,-67.96299743652344,,1.5116267204284668,3.040209811914419,,1.0,0.9295089840888977,
18.003398895263672,1790068630.2830687,,598,,0.8324633836746216,2396.378701833,10000.0,-67.98564147949219,,1.5281907320022583,2.9895884076451003,,1.0,0.9273695945739746,
17.755311965942383,1790068634.377384,,599,,0.8292179703712463,2400.464392753,10000.0,-67.39260864257812,,1.5260425806045532,2.403855610318919,,1.0,0.9269580841064453,
17.969263076782227,1790068638.46307,,600,,0.8307179808616638,2404.533559573,10000.0,-67.41100311279297,,1.5050840377807617,3.015202000703751,,1.0,0.9274094104766846,
17.96767234802246,1790068642.5321877,,601,,0.8289363384246826,2408.773451721,10000.0,-66.96883392333984,,1.5313361883163452,3.8359029496698653,,1.0,0.9266221523284912,
18.21417999267578,1790068646.7720866,,602,,0.8314067721366882,2412.883891846,10000.0,-67.8394775390625,,1.521469235420227,2.298001372777517,,1.0,0.9279597401618958,
17.564645767211914,1790068650.8825028,,603,,0.8318707942962646,2417.005101964,10000.0,-67.9756851196289,,1.511471152305603,2.6091851084519595,,1.0,0.9273018836975098,
17.47911262512207,1790068655.0037847,,604,,0.8257339000701904,2421.098426906,10000.0,-67.72549438476562,,1.5461187362670898,2.97413581104254,,1.0,0.9266275763511658,
18.425107955932617,1790068659.0970776,,605,,0.8316546082496643,2425.263890097,10000.0,-67.78536224365234,,1.5020300149917603,2.0713728157405784,,1.0,0.9279332160949707,
18.195158004760742,1790068663.262526,,606,,0.8269892930984497,2429.351653364,10000.0,-67.50997924804688,,1.5209131240844727,2.4073983121868614,,1.0,0.9270896315574646,
18.433956146240234,1790068667.3503003,,607,,0.8300244808197021,2433.443419829,10000.0,-68.22297668457031,,1.5137360095977783,2.6894901726083784,,1.0,0.9266043305397034,
18.49876594543457,1790068671.4420934,,608,,0.8280593156814575,2437.710029547,10000.0,-67.6529541015625,,1.507857084274292,2.826583477676087,,1.0,0.9271491765975952,
19.044906616210938,1790068675.7086668,,609,,0.8275827765464783,2441.799695873,10000.0,-67.42945098876953,,1.4869673252105713,2.350632600884736,,1.0,0.928728461265564,
18.721725463867188,1790068679.7982914,,610,,0.829312264919281,2445.885247304,10000.0,-67.77742767333984,,1.4573932886123657,2.3931200098865126,,1.0,0.9272763729095459,
18.645774841308594,1790068683.8839214,,611,,0.829746425151825,2450.00399852,10000.0,-67.94779205322266,,1.4799339771270752,3.3492938850803946,,1.0,0.9280083179473877,
18.73461151123047,1790068688.0026546,,612,,0.8302562236785889,2454.118716963,10000.0,-68.22746276855469,,1.5005704164505005,2.464550400625943,,1.0,0.927720844745636,
18.86663055419922,1790068692.1173608,,613,,0.825386643409729,2458.227565515,10000.0,-68.31634521484375,,1.5004980564117432,2.8984873455375832,,1.0,0.9276019334793091,
19.195941925048828,1790068696.2261913,,614,,0.828751802444458,2462.358080277,10000.0,-68.43175506591797,,1.4791401624679565,2.216323219268851,,1.0,0.9265494346618652,
19.202556610107422,1790068700.3567383,,615,,0.8268932104110718,2466.595264041,10000.0,-68.38500213623047,,1.4830353260040283,2.4460402803823604,,1.0,0.9286341071128845,
18.785934448242188,1790068704.593909,,616,,0.8285088539123535,2470.720848848,10000.0,-68.36907958984375,,1.4759761095046997,2.7698918151453302,,1.0,0.9282136559486389,
18.987852096557617,1790068708.7194872,,617,,0.8271808624267578,2474.830222307,10000.0,-68.3719711303711,,1.4874787330627441,3.014355435094691,,1.0,0.9273703694343567,
19.40485954284668,1790068712.8288736,,618,,0.8290756344795227,2478.955313329,10000.0,-68.64337158203125,,1.47981858253479,2.2989973811733178,,1.0,0.9278377294540405,
19.58687973022461,1790068716.9539661,,619,,0.8276045918464661,2483.051752643,10000.0,-68.50874328613281,,1.4920307397842407,3.2384390042125784,,1.0,0.9280103445053101,
19.46244239807129,1790068721.0504072,,620,,0.8322039842605591,2487.162715924,10000.0,-68.39767456054688,,1.455040454864502,2.5291915641134675,,1.0,0.9284707903862,
19.362930297851562,1790068725.161358,,621,,0.8278992176055908,2491.294607181,10000.0,-68.65463256835938,,1.4620869159698486,2.574613966563925,,1.0,0.9288861751556396,
19.575511932373047,1790068729.2932086,,622,,0.8254755139350891,2495.526928538,10000.0,-68.56889343261719,,1.453029751777649,3.1994427027264436,,1.0,0.9275239706039429,
20.13774299621582,1790068733.5255394,,623,,0.8269429206848145,2499.663486111,10000.0,-68.48619842529297,,1.4645543098449707,3.112770227005233,,1.0,0.9272679686546326,
19.50774574279785,1790068737.6621287,,624,,0.8260493278503418,2503.754539049,10000.0,-68.19701385498047,,1.4654392004013062,2.8733743419919504,,1.0,0.9274709224700928,
19.36159896850586,1790068741.7531838,,625,,0.8270347714424133,2507.837247303,10000.0,-67.88800048828125,,1.4779695272445679,2.2098208582980967,,1.0,0.9281103014945984,
19.681446075439453,1790068745.835924,,626,,0.8268864154815674,2511.957039005,10000.0,-68.02095031738281,,1.4615888595581055,2.5848839756073,,1.0,0.9274815320968628,
19.528888702392578,1790068749.9556806,,627,,0.8279686570167542,2516.049136134,10000.0,-68.36386108398438,,1.502303957939148,2.1478130824459187,,1.0,0.9271115660667419,
19.424779891967773,1790068754.047767,,628,,0.8266013860702515,2520.169906411,10000.0,-68.97041320800781,,1.4286803007125854,2.7707313409638923,,1.0,0.927996039390564,
19.53662109375,1790068758.168562,,629,,0.8345109820365906,2524.277677673,10000.0,-68.5936050415039,,1.5704526901245117,2.9514097869403666,,1.0,0.9279379844665527,
19.350521087646484,1790068762.2763271,,630,,0.8288916945457458,2528.509801084,10000.0,-68.80243682861328,,1.4964630603790283,2.40353684765881,,1.0,0.9261581897735596,
18.604557037353516,1790068766.5084183,,631,,0.8248184323310852,2532.60574908,10000.0,-68.45258331298828,,1.483247995376587,3.052640523662752,,1.0,0.9267193078994751,
19.451181411743164,1790068770.6043813,,632,,0.8293492794036865,2536.687386305,10000.0,-68.28865051269531,,1.4443589448928833,3.2827329874716558,,1.0,0.9283142685890198,
19.18523406982422,1790068774.68603,,633,,0.8267719745635986,2540.791705643,10000.0,-68.23937225341797,,1.4429478645324707,2.6580954247767754,,1.0,0.9266539216041565,
19.55762481689453,1790068778.7903075,,634,,0.8258043527603149,2544.888620635,10000.0,-67.81018829345703,,1.4641952514648438,2.659221437299474,,1.0,0.9271072149276733,
19.096887588500977,1790068782.8872502,,635,,0.8294061422348022,2548.988295594,10000.0,-68.17153930664062,,1.5154730081558228,2.3917634519158755,,1.0,0.9285480976104736,
19.0430965423584,1790068786.9869144,,636,,0.8244449496269226,2553.10401684,10000.0,-68.20440673828125,,1.447947382926941,2.407484657731549,,1.0,0.9273196458816528,
19.502197265625,1790068791.1026747,,637,,0.8235136270523071,2557.311254715,10000.0,-67.98242950439453,,1.4677752256393433,2.5737455901657755,,1.0,0.9280649423599243,
19.64616584777832,1790068795.3098857,,638,,0.8217958211898804,2561.427374328,10000.0,-67.61456298828125,,1.4826021194458008,2.888011886978266,,1.0,0.9277174472808838,
19.47913932800293,1790068879.4523563,,639,0.13443102177512678,0.8231308460235596,2643.101919061,10000.0,-68.28707885742188,0.006864009996586136,1.4479806423187256,2.4829504553619914,0.4482800364494324,1.0,0.9282285571098328,
,1790068881.1006525,0.5821554660797119,640,,,2644.663420998,,,,,,,,,10000.0
,1790068882.6621788,0.5815231204032898,641,,,2646.222198722,,,,,,,,,10000.0
,1790068884.2209468,0.5815337300300598,642,,,2647.925473247,,,,,,,,,10000.0
,1790068885.9241726,0.5823538303375244,643,,,2649.471540199,,,,,,,,,10000.0
,1790068887.470219,0.582528829574585,644,,,2651.015784024,,,,,,,,,10000.0
,1790068889.0144634,0.5807722210884094,645,,,2652.564585029,,,,,,,,,10000.0
,1790068890.5632968,0.5796108841896057,646,,,2654.115905845,,,,,,,,,10000.0
,1790068892.1145697,0.5831825137138367,647,,,2655.665848082,,,,,,,,,10000.0
,1790068893.6645367,0.5764190554618835,648,,,2657.215265207,,,,,,,,,10000.0
,1790068895.2139523,0.5786541104316711,649,,,2658.764191473,,,,,,,,,10000.0
,1790068896.7628677,0.584281861782074,650,,,2660.297277492,,,,,,,,,10000.0
,1790068898.296018,0.5862683653831482,651,,,2661.85057543,,,,,,,,,10000.0
,1790068899.8493128,0.5840887427330017,652,,,2663.402036846,,,,,,,,,10000.0
,1790068901.400794,0.583698034286499,653,,,2665.078411489,,,,,,,,,10000.0
,1790068903.0771668,0.5830491781234741,654,,,2666.620890646,,,,,,,,,10000.0
,1790068904.6196723,0.5844300985336304,655,,,2668.165811493,,,,,,,,,10000.0
,1790068906.1645749,0.5868790149688721,656,,,2669.708608835,,,,,,,,,10000.0
,1790068907.707365,0.585419774055481,657,,,2671.256738919,,,,,,,,,10000.0
,1790068909.2555363,0.5863387584686279,658,,,2672.809822862,,,,,,,,,10000.0
,1790068910.8085754,0.5884208083152771,659,,,2677.063848255,,,,,,,,,10000.0
19.675220489501953,1790068915.0623808,,660,,0.8227244019508362,2681.205590099,10000.0,-68.01097106933594,,1.4391322135925293,2.228671061360217,,1.0,0.9276232719421387,
19.64134979248047,1790068919.204215,,661,,0.8253939151763916,2685.346697068,10000.0,-68.31520080566406,,1.458935260772705,2.735477963731188,,1.0,0.9287629723548889,
18.9074764251709,1790068923.3453705,,662,,0.8273481130599976,2689.476846668,10000.0,-68.06114196777344,,1.5378317832946777,2.417048283712233,,1.0,0.9257131218910217,
18.550338745117188,1790068927.4754865,,663,,0.824927806854248,2693.625907824,10000.0,-67.49156188964844,,1.4609386920928955,3.164477629481426,,1.0,0.928122878074646,
18.227598190307617,1790068931.6245449,,664,,0.8492668867111206,2697.775640472,10000.0,-67.62973022460938,,1.9451892375946045,2.9544908804632475,,1.0,0.9267275929450989,
17.279619216918945,1790068935.7742264,,665,,0.8288719058036804,2701.906619662,10000.0,-67.2087631225586,,1.6012760400772095,2.959977973592304,,1.0,0.9270082116127014,
16.90610122680664,1790068939.9052706,,666,,0.8279712200164795,2706.210081838,10000.0,-67.77799224853516,,1.553713083267212,2.749905325982708,,1.0,0.9275724291801453,
17.60318374633789,1790068944.2087073,,667,,0.8283137679100037,2710.365735194,10000.0,-67.3884048461914,,1.4877580404281616,2.8136868036891465,,1.0,0.9282119870185852,
17.498153686523438,1790068948.364372,,668,,0.8260385990142822,2714.501107881,10000.0,-67.9072036743164,,1.5300637483596802,2.8772533953528465,,1.0,0.9277216196060181,
17.4069766998291,1790068952.4996145,,669,,0.8273623585700989,2718.6613194,10000.0,-67.42998504638672,,1.5103143453598022,2.918855138884384,,1.0,0.9280655384063721,
17.014629364013672,1790068956.6599917,,670,,0.8286699652671814,2722.797518462,10000.0,-67.43162536621094,,1.506106972694397,2.435503242926954,,1.0,0.9281532168388367,
17.363142013549805,1790068960.7961676,,671,,0.8275101184844971,2726.947711127,10000.0,-67.5413589477539,,1.5068432092666626,3.0484467640085904,,1.0,0.9275431632995605,
17.222362518310547,1790068964.9462361,,672,,0.8255887627601624,2731.071967771,10000.0,-67.64690399169922,,1.5351998805999756,2.7520260755258197,,1.0,0.9270361065864563,
16.931184768676758,1790068969.0705535,,673,,0.8238958120346069,2735.382234977,10000.0,-67.32772064208984,,1.5209383964538574,1.9942797028476704,,1.0,0.9263512492179871,
17.231531143188477,1790068973.380839,,674,,0.8239364624023438,2739.521881024,10000.0,-67.27641296386719,,1.507341742515564,2.702597543607902,,1.0,0.9273983240127563,
17.025680541992188,1790068977.5205321,,675,,0.8285830020904541,2743.681142729,10000.0,-67.74252319335938,,1.489159107208252,2.7140924689163404,,1.0,0.9277536869049072,
17.605815887451172,1790068981.679778,,676,,0.8239626884460449,2747.822957692,10000.0,-67.45211029052734,,1.479338526725769,2.8740491515828492,,1.0,0.9268614053726196,
17.171119689941406,1790068985.821625,,677,,0.8280059695243835,2751.964753571,10000.0,-68.3388900756836,,1.5060737133026123,2.318175300122863,,1.0,0.9269812703132629,
17.59451675415039,1790068989.96325,,678,,0.8262825012207031,2756.11094878,10000.0,-68.2184066772461,,1.5073027610778809,2.466094036025932,,1.0,0.9267659187316895,
17.95677947998047,1790068994.109593,,679,,0.8238234519958496,2760.245502347,10000.0,-68.08689880371094,,1.5162909030914307,2.4543066231379504,,1.0,0.9283506274223328,
17.530614852905273,1790068998.2441916,,680,,0.8262284994125366,2764.547230051,10000.0,-68.20440673828125,,1.4689899682998657,2.219194310796246,,1.0,0.9279582500457764,
17.37594985961914,1790069002.5459087,,681,,0.829500675201416,2768.68088325,10000.0,-68.4447250366211,,1.4876511096954346,2.727881377358312,,1.0,0.9282668828964233,
17.383085250854492,1790069006.6795037,,682,,0.8290456533432007,2772.78618177,10000.0,-68.39039611816406,,1.455801248550415,2.6144044760961833,,1.0,0.9281700253486633,
17.759782791137695,1790069010.784834,,683,,0.8250365257263184,2776.910029565,10000.0,-68.72855377197266,,1.4327374696731567,2.5898507342790213,,1.0,0.9276684522628784,
17.629491806030273,1790069014.9086795,,684,,0.8234615325927734,2781.046939048,10000.0,-68.5732192993164,,1.4383898973464966,2.206220572143447,,1.0,0.9272724986076355,
18.267892837524414,1790069019.045575,,685,,0.8287391662597656,2785.185044634,10000.0,-67.8575439453125,,1.4370421171188354,2.430389080312677,,1.0,0.9286518096923828,
17.72928237915039,1790069023.1837037,,686,,0.8250209093093872,2789.291177926,10000.0,-68.51093292236328,,1.4636321067810059,2.881144636596735,,1.0,0.9278480410575867,
17.7569522857666,1790069027.2896965,,687,,0.8282130360603333,2793.443535671,10000.0,-68.23497009277344,,1.4413799047470093,2.605085042687408,,1.0,0.9293784499168396,
17.392534255981445,1790069031.4422157,,688,,0.8251370787620544,2797.722954853,10000.0,-68.11953735351562,,1.442800760269165,2.846793880912314,,1.0,0.9277706146240234,
17.219867706298828,1790069035.721581,,689,,0.8230912089347839,2801.873858988,10000.0,-68.30667877197266,,1.438965916633606,2.835926267748759,,1.0,0.9284338355064392,
17.57695960998535,1790069039.8724637,,690,,0.8249483704566956,2806.030399391,10000.0,-68.53311157226562,,1.4625262022018433,2.8974252333291606,,1.0,0.9284224510192871,
18.038928985595703,1790069044.0290792,,691,,0.8227744102478027,2810.167047985,10000.0,-68.05720520019531,,1.4546862840652466,2.758938462674036,,1.0,0.9263803958892822,
18.073265075683594,1790069048.1656907,,692,,0.8215805888175964,2814.295363097,10000.0,-67.82345581054688,,1.4510327577590942,2.404494128854514,,1.0,0.9271621108055115,
18.346498489379883,1790069052.2940104,,693,,0.8233035802841187,2818.460027554,10000.0,-68.08328247070312,,1.4378571510314941,2.50169212776207,,1.0,0.9265103936195374,
18.286149978637695,1790069056.4586763,,694,,0.8277263641357422,2822.583330583,10000.0,-67.14254760742188,,1.542881727218628,2.2458079174940666,,1.0,0.927788257598877,
17.993600845336914,1790069060.5817876,,695,,0.8246261477470398,2826.844704952,10000.0,-67.54168701171875,,1.4794723987579346,2.6256682088020207,,1.0,0.926319420337677,
17.900909423828125,1790069064.843215,,696,,0.8233530521392822,2830.986348952,10000.0,-67.14462280273438,,1.4493355751037598,1.8128542207656648,,1.0,0.9277830719947815,
18.201082229614258,1790069068.9849727,,697,,0.8247398138046265,2835.104750833,10000.0,-67.19609069824219,,1.45790433883667,3.960896354187902,,1.0,0.9286969900131226,
17.408199310302734,1790069073.1033938,,698,,0.8231295943260193,2839.246668164,10000.0,-66.85786437988281,,1.5042872428894043,2.74736377645578,,1.0,0.9279377460479736,
17.33535385131836,1790069077.2453141,,699,,0.8263893127441406,2843.369556036,10000.0,-67.0298843383789,,1.4830596446990967,3.070884053746039,,1.0,0.9285261631011963,
17.429357528686523,1790069081.3681421,,700,,0.8252081871032715,2847.469836409,10000.0,-66.73310852050781,,1.5113415718078613,2.9960748431305317,,1.0,0.9271798133850098,
18.127485275268555,1790069085.4684696,,701,,0.8276380300521851,2851.593362556,10000.0,-67.42501068115234,,1.4897657632827759,3.5971039931162134,,1.0,0.9280074834823608,
17.834693908691406,1790069089.5920267,,702,,0.8244045972824097,2855.84894501,10000.0,-67.38247680664062,,1.4923090934753418,2.3504135458509063,,1.0,0.9278084635734558,
17.558433532714844,1790069093.8475673,,703,,0.821648120880127,2859.970042269,10000.0,-67.28326416015625,,1.5097503662109375,2.677971151607523,,1.0,0.926352322101593,
18.292356491088867,1790069097.968701,,704,,0.8228549957275391,2864.081630567,10000.0,-67.70230102539062,,1.4854680299758911,2.6830512316036974,,1.0,0.9272632002830505,
18.126806259155273,1790069102.0801575,,705,,0.8293848633766174,2868.171972962,10000.0,-68.06017303466797,,1.5309611558914185,2.516307600188983,,1.0,0.9285487532615662,
17.837696075439453,1790069106.170623,,706,,0.823333203792572,2872.302301538,10000.0,-68.17241668701172,,1.4834184646606445,2.6858316357194605,,1.0,0.9274997115135193,
17.923158645629883,1790069110.3009584,,707,,0.8204512000083923,2876.388078052,10000.0,-68.21996307373047,,1.4762239456176758,2.4083199188516997,,1.0,0.927183210849762,
18.412147521972656,1790069114.3867247,,708,,0.8268740177154541,2880.522446027,10000.0,-68.62045288085938,,1.4318455457687378,2.4403796816786496,,1.0,0.9284918904304504,
18.644683837890625,1790069118.5210373,,709,,0.8235072493553162,2884.64866175,10000.0,-68.4521713256836,,1.435969591140747,2.399954748055543,,1.0,0.9284090399742126,
18.521800994873047,1790069122.6473153,,710,,0.8222411870956421,2888.913837811,10000.0,-68.7186279296875,,1.4410902261734009,2.6348076231744226,,1.0,0.9268633127212524,
18.71514320373535,1790069126.9124324,,711,,0.823702871799469,2893.031898404,10000.0,-69.04690551757812,,1.4260032176971436,2.2305977095050324,,1.0,0.9281261563301086,
18.929946899414062,1790069131.0305119,,712,,0.8247926831245422,2897.143702702,10000.0,-68.72517395019531,,1.425380825996399,3.0426017663554243,,1.0,0.9279188513755798,
18.150497436523438,1790069135.1423368,,713,,0.8239786624908447,2901.229232424,10000.0,-69.20673370361328,,1.4353827238082886,2.280826475089322,,1.0,0.9277869462966919,
17.807418823242188,1790069139.22778,,714,,0.8248236179351807,2905.326478802,10000.0,-68.7745590209961,,1.4775913953781128,2.516272753588354,,1.0,0.9273300170898438,
17.103782653808594,1790069143.3251169,,715,,0.8256440162658691,2909.456089665,10000.0,-68.48004913330078,,1.4465241432189941,3.144309042708541,,1.0,0.9286097884178162,
17.705232620239258,1790069147.4547515,,716,,0.8247457146644592,2913.586219138,10000.0,-69.15652465820312,,1.4477232694625854,2.9018518648776856,,1.0,0.9283206462860107,
18.194095611572266,1790069151.5849078,,717,,0.8249151110649109,2917.898255904,10000.0,-69.39374542236328,,1.4110201597213745,2.8269750638431157,,1.0,0.9283434152603149,
17.417236328125,1790069155.8968756,,718,,0.8259522914886475,2922.030710895,10000.0,-69.89166259765625,,1.4214105606079102,2.755675635737739,,1.0,0.9289085865020752,
17.582021713256836,1790069160.029345,,719,,0.8228073716163635,2926.139220692,10000.0,-69.9303207397461,,1.4277347326278687,1.9997800088684792,,1.0,0.9275968074798584,
17.83045196533203,1790069164.1379645,,720,,0.8219958543777466,2930.234468602,10000.0,-69.78490447998047,,1.424554467201233,2.6577437002574062,,1.0,0.9271836280822754,
18.17678451538086,1790069168.2330604,,721,,0.821841299533844,2934.33616389,10000.0,-70.31842803955078,,1.4372633695602417,2.65166008560236,,1.0,0.9277493953704834,
17.767013549804688,1790069172.3348062,,722,,0.8232505917549133,2938.465008289,10000.0,-70.6496810913086,,1.4336841106414795,2.600168857006763,,1.0,0.927797257900238,
17.72126007080078,1790069176.463662,,723,,0.8239004015922546,2942.592693217,10000.0,-70.17687225341797,,1.4410208463668823,1.8713964107884287,,1.0,0.9269602298736572,
18.232200622558594,1790069180.5913475,,724,,0.8264699578285217,2946.84174891,10000.0,-69.97538757324219,,1.3918180465698242,2.8716916180223833,,1.0,0.928344190120697,
17.742273330688477,1790069184.8403885,,725,,0.8244253396987915,2950.945398141,10000.0,-70.17842102050781,,1.4144635200500488,3.421000915717707,,1.0,0.9272497296333313,
17.799036026000977,1790069188.9440167,,726,,0.82170569896698,2955.05877552,10000.0,-70.32835388183594,,1.4380420446395874,2.22308614838682,,1.0,0.9269931316375732,
17.35038185119629,1790069193.0574136,,727,,0.8258376121520996,2959.151470754,10000.0,-69.71224975585938,,1.4074472188949585,2.611009783836031,,1.0,0.927554726600647,
17.113601684570312,1790069197.150148,,728,,0.8263615369796753,2963.27315238,10000.0,-69.3680419921875,,1.518548846244812,2.9503084725667272,,1.0,0.927330732345581,
16.756282806396484,1790069201.271793,,729,,0.8273733258247375,2967.395953675,10000.0,-69.78227233886719,,1.427249789237976,2.708562371723811,,1.0,0.9288070797920227,
16.621475219726562,1790069205.394586,,730,,0.8274310827255249,2971.513386576,10000.0,-70.19573974609375,,1.4812191724777222,3.106931037532274,,1.0,0.9275539517402649,
16.179285049438477,1790069209.5120554,,731,,0.8246381878852844,2975.627111511,10000.0,-70.25809478759766,,1.4633821249008179,2.7378142161431285,,1.0,0.9280931949615479,
16.052125930786133,1790069213.6257436,,732,,0.8207929134368896,2979.920343635,10000.0,-70.52482604980469,,1.422674298286438,2.6564165593663,,1.0,0.9265468120574951,
16.80447006225586,1790069217.9189334,,733,,0.820932924747467,2984.043430846,10000.0,-70.29397583007812,,1.455289363861084,2.858188947338783,,1.0,0.927035927772522,
17.057294845581055,1790069222.0420728,,734,,0.8241273760795593,2988.156636631,10000.0,-70.26155090332031,,1.4599019289016724,1.847389624197846,,1.0,0.927803099155426,
16.807172775268555,1790069226.1552916,,735,,0.8231606483459473,2992.295752219,10000.0,-70.5531997680664,,1.4273364543914795,1.9518837592708833,,1.0,0.9276438355445862,
16.94524383544922,1790069230.2943637,,736,,0.8218985795974731,2996.390139206,10000.0,-70.31593322753906,,1.4555708169937134,2.467212986339981,,1.0,0.9275929927825928,
16.380990982055664,1790069234.3887644,,737,,0.8253476619720459,3000.514616672,10000.0,-69.83230590820312,,1.4500049352645874,2.7939980120668904,,1.0,0.9271949529647827,
16.940662384033203,1790069238.5132208,,738,,0.8253732919692993,3004.647071453,10000.0,-69.49010467529297,,1.4465038776397705,2.1508773912427417,,1.0,0.9272908568382263,
17.06344985961914,1790069242.6457253,,739,,0.8254059553146362,3008.93387638,10000.0,-69.5262680053711,,1.4686763286590576,2.1143705428875763,,1.0,0.9272441864013672,
16.559616088867188,1790069246.932441,,740,,0.8247005343437195,3013.084831369,10000.0,-69.77973937988281,,1.4199022054672241,3.010833055639941,,1.0,0.9282790422439575,
16.630741119384766,1790069251.0834565,,741,,0.8237515091896057,3017.203478939,10000.0,-69.66116333007812,,1.4523319005966187,2.631605034104238,,1.0,0.9291720390319824,
16.421340942382812,1790069255.2021425,,742,,0.8224189877510071,3021.352026098,10000.0,-69.45783233642578,,1.437671184539795,2.252551544189618,,1.0,0.9284742474555969,
16.64829444885254,1790069259.3506422,,743,,0.8216462135314941,3025.494653001,10000.0,-69.53671264648438,,1.4494177103042603,3.0671789412661967,,1.0,0.9278045892715454,
16.553997039794922,1790069263.493343,,744,,0.8190674781799316,3029.61231093,10000.0,-69.29029846191406,,1.4602231979370117,3.4620346936069684,,1.0,0.9266099333763123,
16.888442993164062,1790069267.6109767,,745,,0.8210596442222595,3033.752543632,10000.0,-69.28650665283203,,1.4499952793121338,2.6589512664026738,,1.0,0.9264490604400635,
16.818069458007812,1790069271.751203,,746,,0.8219966888427734,3038.040700318,10000.0,-69.75251770019531,,1.446385145187378,2.766480087328597,,1.0,0.9277526140213013,
16.83255386352539,1790069276.0393188,,747,,0.8249980807304382,3042.178826473,10000.0,-69.68091583251953,,1.4692388772964478,2.6757239596452447,,1.0,0.9266660809516907,
16.962587356567383,1790069280.177466,,748,,0.8234491944313049,3046.328766489,10000.0,-70.00275421142578,,1.4349147081375122,2.4471703849377504,,1.0,0.9278630614280701,
17.17235565185547,1790069284.327352,,749,,0.8213315010070801,3050.485533918,10000.0,-69.3539810180664,,1.4354227781295776,2.934190677236711,,1.0,0.9282248616218567,
17.40627670288086,1790069288.4841826,,750,,0.8220154643058777,3054.622367163,10000.0,-70.2923812866211,,1.4331350326538086,2.941139898521516,,1.0,0.9275882244110107,
17.83332633972168,1790069292.6210015,,751,,0.8266983032226562,3058.754778511,10000.0,-69.70820617675781,,1.4022308588027954,2.278330204992745,,1.0,0.9291810393333435,
17.46396255493164,1790069296.7534225,,752,,0.8238188028335571,3062.877507172,10000.0,-69.93034362792969,,1.4255633354187012,2.416721513670438,,1.0,0.9268887042999268,
17.6828556060791,1790069300.8761785,,753,,0.8214765191078186,3066.991382552,10000.0,-70.0746841430664,,1.4358445405960083,2.673207378520233,,1.0,0.9264345765113831,
17.770919799804688,1790069304.9900687,,754,,0.8206857442855835,3071.315107306,10000.0,-69.95281982421875,,1.4119032621383667,2.5375456569663037,,1.0,0.9273800849914551,
17.209028244018555,1790069309.3137186,,755,,0.821452796459198,3075.430929683,10000.0,-70.28467559814453,,1.4167639017105103,2.4231629461601223,,1.0,0.9274709820747375,
17.05927085876465,1790069313.429657,,756,,0.8229895830154419,3079.577352167,10000.0,-69.74298095703125,,1.4131911993026733,2.550251971965931,,1.0,0.9283390641212463,
17.257999420166016,1790069317.5760076,,757,,0.8231989145278931,3083.70273029,10000.0,-70.43657684326172,,1.4229732751846313,2.8320812477057866,,1.0,0.9281814694404602,
17.25543975830078,1790069321.7013779,,758,,0.8226426839828491,3087.874288509,10000.0,-70.02766418457031,,1.4062254428863525,2.365404619865446,,1.0,0.9268233776092529,
17.537206649780273,1790069325.8729346,,759,,0.8233789205551147,3092.031609537,10000.0,-70.01082611083984,,1.380234718322754,2.206570584722649,,1.0,0.9285176992416382,
17.552600860595703,1790069330.030293,,760,,0.8191661834716797,3096.16692647,10000.0,-69.52801513671875,,1.4047733545303345,2.080270398485447,,1.0,0.9281060099601746,
17.4706974029541,1790069334.1655552,,761,,0.8207917809486389,3100.458292585,10000.0,-69.67784118652344,,1.4199873208999634,3.0018828036646363,,1.0,0.9287019968032837,
17.66192054748535,1790069338.4569073,,762,,0.8210961818695068,3104.602393924,10000.0,-69.84219360351562,,1.3991036415100098,2.215900236623884,,1.0,0.927306592464447,
17.35778045654297,1790069342.6010232,,763,,0.8238763213157654,3108.731438123,10000.0,-69.03746795654297,,1.3886044025421143,2.367143282703254,,1.0,0.9291507005691528,
17.332714080810547,1790069346.7300913,,764,,0.8229860067367554,3112.875508176,10000.0,-69.23351287841797,,1.3861943483352661,2.063796170540502,,1.0,0.9277523756027222,
17.415809631347656,1790069350.8741617,,765,,0.8210747241973877,3117.046107609,10000.0,-69.56175994873047,,1.4052822589874268,2.7309904538628316,,1.0,0.9274247884750366,
17.814313888549805,1790069355.0448022,,766,,0.8221020698547363,3121.192017805,10000.0,-69.28207397460938,,1.3734843730926514,2.120874147461269,,1.0,0.9286084771156311,
17.337505340576172,1790069359.1907802,,767,,0.8242263793945312,3125.351766705,10000.0,-68.54379272460938,,1.4458556175231934,2.8747929825728127,,1.0,0.926735520362854,
17.20111846923828,1790069363.3504252,,768,,0.8164555430412292,3129.669316036,10000.0,-69.2662582397461,,1.411452054977417,2.285999668770598,,1.0,0.9260286092758179,
17.895915985107422,1790069367.667933,,769,,0.8198783993721008,3133.800576179,10000.0,-69.01024627685547,,1.3915597200393677,2.778260584016747,,1.0,0.9273815155029297,
17.737611770629883,1790069371.7989073,,770,,0.8200822472572327,3137.934714383,10000.0,-68.89834594726562,,1.4107402563095093,2.173477500807267,,1.0,0.9265007972717285,
17.493772506713867,1790069375.9334369,,771,,0.8205084800720215,3142.074400417,10000.0,-69.04911041259766,,1.3927710056304932,2.4162424811079712,,1.0,0.9282428026199341,
17.85851287841797,1790069380.0731227,,772,,0.8205921649932861,3146.190562058,10000.0,-68.9699935913086,,1.402503252029419,3.2805748076384327,,1.0,0.9268267750740051,
18.047107696533203,1790069384.1892374,,773,,0.818551778793335,3150.329751412,10000.0,-69.03736877441406,,1.410885214805603,2.539126128957322,,1.0,0.9267790913581848,
17.934024810791016,1790069388.328434,,774,,0.8242193460464478,3154.480174268,10000.0,-68.97396850585938,,1.403262972831726,2.452496441192266,,1.0,0.9284176826477051,
17.88787841796875,1790069392.478847,,775,,0.8186095952987671,3158.60389752,10000.0,-69.90206909179688,,1.4030091762542725,3.029950405567352,,1.0,0.9279785752296448,
18.26245880126953,1790069396.6025283,,776,,0.8232099413871765,3162.883549647,10000.0,-69.62014770507812,,1.377105712890625,2.0778387888717926,,1.0,0.92802894115448,
18.506532669067383,1790069400.8821962,,777,,0.8196926712989807,3166.995148388,10000.0,-70.00201416015625,,1.402769923210144,3.667598100224007,,1.0,0.9273759722709656,
18.628366470336914,1790069404.993823,,778,,0.8200533390045166,3171.112955881,10000.0,-69.47466278076172,,1.4096183776855469,2.6267570224036842,,1.0,0.927574634552002,
18.503013610839844,1790069409.1115935,,779,,0.818888783454895,3175.250235207,10000.0,-69.5797119140625,,1.3939701318740845,2.898361859173113,,1.0,0.9278488159179688,
18.26923179626465,1790069413.248891,,780,,0.8224955201148987,3179.392145433,10000.0,-69.71892547607422,,1.4041259288787842,2.8959261760049952,,1.0,0.926368236541748,
18.61785888671875,1790069417.3907726,,781,,0.8245594501495361,3183.541250433,10000.0,-69.81461334228516,,1.3747917413711548,2.124744654658368,,1.0,0.9288690090179443,
18.876123428344727,1790069421.5399408,,782,,0.8202929496765137,3187.669143475,10000.0,-69.9752426147461,,1.3945415019989014,3.049251003185554,,1.0,0.9279395937919617,
18.756580352783203,1790069425.6678076,,783,,0.8191964030265808,3191.945849275,10000.0,-70.3412857055664,,1.366165280342102,2.797635475830995,,1.0,0.9285919070243835,
18.918371200561523,1790069429.944482,,784,,0.8203163146972656,3196.091057518,10000.0,-70.80377197265625,,1.3652153015136719,2.415039146744739,,1.0,0.927735447883606,
18.631328582763672,1790069434.0897288,,785,,0.8210853338241577,3200.24264299,10000.0,-70.38504028320312,,1.3825254440307617,2.1070307798069066,,1.0,0.9271603226661682,
18.444717407226562,1790069438.2412722,,786,,0.8214389085769653,3204.373871386,10000.0,-70.52285766601562,,1.445367455482483,2.7699694047656918,,1.0,0.9279782772064209,
18.43153953552246,1790069442.372527,,787,,0.8196941614151001,3208.502714863,10000.0,-70.26448059082031,,1.4120869636535645,2.644128645161793,,1.0,0.9271842241287231,
17.97683334350586,1790069446.5013714,,788,,0.8201811909675598,3212.637506507,10000.0,-70.55267333984375,,1.392606496810913,2.5673164432020377,,1.0,0.9269278645515442,
18.143009185791016,1790069450.6361861,,789,,0.820030689239502,3216.782367337,10000.0,-70.51590728759766,,1.3851208686828613,2.631426181655644,,1.0,0.9279277920722961,
18.1638126373291,1790069454.7809877,,790,,0.8216836452484131,3221.05365347,10000.0,-70.03047943115234,,1.4533735513687134,2.740843619181735,,1.0,0.9265382885932922,
17.747013092041016,1790069459.0523438,,791,,0.8226686716079712,3225.198619677,10000.0,-69.8416976928711,,1.4789705276489258,2.5682709081694886,,1.0,0.9277707934379578,
17.52169418334961,1790069463.1972663,,792,,0.8193792104721069,3229.317776453,10000.0,-69.32926940917969,,1.4375942945480347,2.4555446235421954,,1.0,0.9259098172187805,
17.690799713134766,1790069467.3164537,,793,,0.8241751790046692,3233.466049263,10000.0,-69.49309539794922,,1.4195634126663208,2.782058385075609,,1.0,0.9265230298042297,
17.810138702392578,1790069471.4647145,,794,,0.8202452659606934,3237.587574964,10000.0,-69.1259536743164,,1.4073431491851807,2.4230688742645095,,1.0,0.9265452027320862,
17.954099655151367,1790069475.58623,,795,,0.8199541568756104,3241.704868627,10000.0,-69.21611022949219,,1.4017939567565918,2.311137131713669,,1.0,0.9280955791473389,
17.930500030517578,1790069479.7035592,,796,,0.8217852115631104,3245.860518066,10000.0,-68.4616928100586,,1.4125441312789917,2.378746801723361,,1.0,0.9265903234481812,
17.83574867248535,1790069483.8591416,,797,,0.8256471753120422,3249.964703303,10000.0,-68.87825775146484,,1.5129401683807373,2.4312484849551264,,1.0,0.9268367886543274,
18.078529357910156,1790069487.9633348,,798,,0.8171219825744629,3254.229834203,10000.0,-68.83167266845703,,1.4055109024047852,2.434224677151259,,1.0,0.926408052444458,
17.84537124633789,1790069492.228474,,799,,0.8221752643585205,3258.322868885,10000.0,-68.9096908569336,,1.440248966217041,2.2413501627314023,,1.0,0.9273308515548706,
17.916976928710938,1790069496.3215375,,800,,0.8236978650093079,3262.441289459,10000.0,-68.26207733154297,,1.4043304920196533,3.534089269659847,,1.0,0.9270570874214172,
18.383586883544922,1790069500.4399378,,801,,0.8192057609558105,3266.570732518,10000.0,-68.4814224243164,,1.4079880714416504,2.285064767455164,,1.0,0.9275886416435242,
17.971994400024414,1790069504.569007,,802,,0.8208614587783813,3270.71597698,10000.0,-68.4151840209961,,1.4069433212280273,2.4046511226202023,,1.0,0.9275234341621399,
17.9552059173584,1790069508.7146506,,803,,0.8186054825782776,3274.864150157,10000.0,-68.32247161865234,,1.431217074394226,2.239523187987544,,1.0,0.9267199635505676,
17.8791561126709,1790069512.8627877,,804,,0.8208359479904175,3278.988764723,10000.0,-68.29985046386719,,1.4011242389678955,2.6102996482265195,,1.0,0.927706778049469,
17.76184844970703,1790069516.9874115,,805,,0.8208935260772705,3283.324398673,10000.0,-68.31432342529297,,1.4471222162246704,3.154991260459336,,1.0,0.9272432923316956,
17.51136016845703,1790069521.3230371,,806,,0.8190733194351196,3287.467101154,10000.0,-68.61813354492188,,1.406891942024231,2.7039325211488183,,1.0,0.9279179573059082,
17.651460647583008,1790069525.465771,,807,,0.8234280943870544,3291.584186722,10000.0,-68.87889862060547,,1.3989455699920654,2.4166193073482294,,1.0,0.9289728403091431,
17.439414978027344,1790069529.5827818,,808,,0.8207244873046875,3295.729952531,10000.0,-69.37046813964844,,1.386797308921814,3.2963962070590487,,1.0,0.9280692338943481,
17.579957962036133,1790069533.7286003,,809,,0.8201850056648254,3299.87299702,10000.0,-69.40117645263672,,1.397367000579834,2.93042424873983,,1.0,0.9296780228614807,
17.91016387939453,1790069537.871647,,810,,0.8227481245994568,3304.005012828,10000.0,-69.63912200927734,,1.3793976306915283,2.6567332929897707,,1.0,0.928636372089386,
18.32367706298828,1790069542.0036597,,811,,0.8175986409187317,3308.159477479,10000.0,-69.842529296875,,1.3960371017456055,2.8858456211659296,,1.0,0.926880955696106,
18.48101806640625,1790069546.1581032,,812,,0.8175019025802612,3312.453357666,10000.0,-69.82328796386719,,1.388545036315918,2.4495209864416427,,1.0,0.9260896444320679,
18.054821014404297,1790069550.4519668,,813,,0.8198793530464172,3316.58805624,10000.0,-70.151611328125,,1.3672343492507935,3.546512929776416,,1.0,0.928486168384552,
17.836153030395508,1790069554.5867777,,814,,0.8222095370292664,3320.729668564,10000.0,-70.5420913696289,,1.381417989730835,3.269549623223929,,1.0,0.9282302260398865,
17.756635665893555,1790069558.7282896,,815,,0.8195982575416565,3324.869782935,10000.0,-70.72996520996094,,1.3654813766479492,2.2050785467406886,,1.0,0.9281377196311951,
17.780303955078125,1790069562.8684204,,816,,0.8200045824050903,3329.013080206,10000.0,-70.60359954833984,,1.3627324104309082,2.298080542634185,,1.0,0.927722156047821,
17.991867065429688,1790069567.011783,,817,,0.8200080394744873,3333.139558925,10000.0,-70.86894226074219,,1.3601737022399902,2.5400691867229255,,1.0,0.9271104335784912,
17.830829620361328,1790069571.1382234,,818,,0.8196304440498352,3337.283070684,10000.0,-70.85346984863281,,1.356754183769226,2.404686036367521,,1.0,0.9263303875923157,
18.108247756958008,1790069575.2817273,,819,,0.8185147643089294,3341.406650206,10000.0,-70.79537963867188,,1.381064772605896,2.0037593112846923,,1.0,0.9266717433929443,
18.158166885375977,1790069579.4052818,,820,,0.8194015026092529,3345.676310753,10000.0,-70.80408477783203,,1.362778902053833,2.6403070359272816,,1.0,0.9283087849617004,
17.953800201416016,1790069583.6748965,,821,,0.8180433511734009,3349.819633024,10000.0,-70.80865478515625,,1.3663743734359741,2.197876587069235,,1.0,0.9270902276039124,
18.415712356567383,1790069587.818299,,822,,0.8163936734199524,3353.932920841,10000.0,-70.9406509399414,,1.3639541864395142,2.6505457883486465,,1.0,0.9269234538078308,
17.6080265045166,1790069591.9315948,,823,,0.8204784989356995,3358.028837631,10000.0,-70.33241271972656,,1.4233993291854858,2.2802841201737434,,1.0,0.9261766076087952,
16.98731231689453,1790069596.0274727,,824,,0.8211440443992615,3362.150006135,10000.0,-70.98461151123047,,1.3582100868225098,2.269405777987545,,1.0,0.9280455708503723,
16.596969604492188,1790069600.1486888,,825,,0.8210839033126831,3366.272066568,10000.0,-70.59115600585938,,1.3920772075653076,3.154039915662258,,1.0,0.9269076585769653,
16.790313720703125,1790069604.2706933,,826,,0.8187441825866699,3370.431053511,10000.0,-70.13433837890625,,1.3708645105361938,2.2200862716663257,,1.0,0.9263098835945129,
16.568958282470703,1790069608.429695,,827,,0.8182259202003479,3374.715862305,10000.0,-70.04314422607422,,1.4091384410858154,2.40762690154071,,1.0,0.9267651438713074,
16.57274627685547,1790069612.7142622,,828,,0.8158343434333801,3378.853541834,10000.0,-70.09264373779297,,1.3751031160354614,2.834358001749409,,1.0,0.927416980266571,
17.21455192565918,1790069616.8522115,,829,,0.8218977451324463,3383.002538252,10000.0,-69.97673034667969,,1.3795946836471558,2.748209361058731,,1.0,0.9270488023757935,
16.939619064331055,1790069621.0011802,,830,,0.8172900676727295,3387.124813263,10000.0,-70.49127960205078,,1.3965984582901,3.254841543317986,,1.0,0.9257711172103882,
17.178264617919922,1790069625.123469,,831,,0.8207631707191467,3391.271005685,10000.0,-70.22664642333984,,1.3744937181472778,2.398648878075456,,1.0,0.92820143699646,
17.120080947875977,1790069629.2697096,,832,,0.8139259815216064,3395.410880268,10000.0,-70.99466705322266,,1.4138760566711426,3.7836396965101247,,1.0,0.9263253808021545,
17.331636428833008,1790069633.408972,,833,,0.8163689970970154,3399.528400011,10000.0,-71.03118896484375,,1.3902642726898193,2.8474580588754392,,1.0,0.9269366264343262,
17.322996139526367,1790069637.5270991,,834,,0.8216199278831482,3403.768858624,10000.0,-70.96195220947266,,1.3921133279800415,2.2516407014415396,,1.0,0.9262959361076355,
17.7723388671875,1790069641.7674713,,835,,0.8190291523933411,3407.907744466,10000.0,-71.46931457519531,,1.374943733215332,3.0467183377086418,,1.0,0.9268766045570374,
17.998781204223633,1790069645.906414,,836,,0.8150333166122437,3412.04375138,10000.0,-70.83350372314453,,1.384877324104309,2.7324237566544647,,1.0,0.926822304725647,
17.854022979736328,1790069650.0423152,,837,,0.8209285736083984,3416.172976754,10000.0,-71.28424072265625,,1.3688219785690308,2.19216083548594,,1.0,0.9284847378730774,
18.206018447875977,1790069654.171668,,838,,0.8181024193763733,3420.305266994,10000.0,-71.05439758300781,,1.3471357822418213,2.97356842164755,,1.0,0.928447425365448,
18.39859390258789,1790069658.303956,,839,,0.8198117017745972,3424.426375977,10000.0,-70.9879150390625,,1.3664027452468872,2.446351809744338,,1.0,0.9282570481300354,
18.19930648803711,1790069662.4250238,,840,,0.8170612454414368,3428.572665454,10000.0,-70.83331298828125,,1.387915015220642,2.612753763049097,,1.0,0.9288827776908875,
18.07333755493164,1790069666.5713108,,841,,0.8216176629066467,3432.704362077,10000.0,-70.71289825439453,,1.379194736480713,2.9797548853161167,,1.0,0.9281506538391113,
18.395347595214844,1790069670.7029908,,842,,0.8191825747489929,3436.983696974,10000.0,-70.2915267944336,,1.3640351295471191,2.924685890009757,,1.0,0.9278338551521301,
18.503599166870117,1790069674.9823632,,843,,0.8198174238204956,3441.125835006,10000.0,-70.40706634521484,,1.37538480758667,2.6021937075315646,,1.0,0.9282243251800537,
18.341360092163086,1790069679.124418,,844,,0.8217612504959106,3445.24291521,10000.0,-70.82357025146484,,1.3700706958770752,2.7595495144683047,,1.0,0.9284281134605408,
18.32804298400879,1790069683.2415547,,845,,0.8145354986190796,3449.37446936,10000.0,-71.073974609375,,1.3832330703735352,2.7251635340957643,,1.0,0.9263608455657959,
18.06587028503418,1790069687.37311,,846,,0.8224427700042725,3453.529877174,10000.0,-70.72799682617188,,1.3830177783966064,3.0582757600144808,,1.0,0.9280714392662048,
17.985454559326172,1790069691.5285125,,847,,0.820442795753479,3457.678053081,10000.0,-70.9050064086914,,1.375532627105713,2.3479809579040354,,1.0,0.9283667206764221,
17.86365509033203,1790069695.6766798,,848,,0.8189258575439453,3461.82096442,10000.0,-71.0401382446289,,1.3977515697479248,1.8589106125445047,,1.0,0.9283300042152405,
17.935779571533203,1790069699.8189898,,849,,0.818561315536499,3466.13559196,10000.0,-70.87255096435547,,1.3791155815124512,2.6169181853338888,,1.0,0.9274961948394775,
18.000957489013672,1790069704.13425,,850,,0.817950963973999,3470.286709463,10000.0,-70.86178588867188,,1.366082787513733,2.521963954497382,,1.0,0.9264774918556213,
17.957677841186523,1790069708.285342,,851,,0.8203628659248352,3474.411632794,10000.0,-70.49154663085938,,1.3934485912322998,2.8331681259986503,,1.0,0.9280487298965454,
17.997297286987305,1790069712.4102874,,852,,0.81691575050354,3478.541727419,10000.0,-70.63737487792969,,1.362883448600769,3.028392793783684,,1.0,0.927916944026947,
17.806976318359375,1790069716.5403605,,853,,0.8185950517654419,3482.677229431,10000.0,-70.44544982910156,,1.3722668886184692,2.448805505976449,,1.0,0.9280557036399841,
17.826446533203125,1790069720.6758687,,854,,0.8190345764160156,3486.808501612,10000.0,-70.56237030029297,,1.3614296913146973,2.1797603654628426,,1.0,0.9279171228408813,
17.39381217956543,1790069724.8071718,,855,,0.8211327195167542,3490.918877059,10000.0,-70.86607360839844,,1.3807682991027832,2.7795773201320686,,1.0,0.9270815253257751,
17.274560928344727,1790069728.9175298,,856,,0.8207511305809021,3495.181071312,10000.0,-70.71011352539062,,1.3545805215835571,2.2831763069592874,,1.0,0.9289716482162476,
17.370399475097656,1790069733.1797302,,857,,0.8198606967926025,3499.311741493,10000.0,-70.2004623413086,,1.3719645738601685,3.2356104648450823,,1.0,0.9283439517021179,
17.365032196044922,1790069737.310283,,858,,0.8191673755645752,3503.442124698,10000.0,-70.30155944824219,,1.429328441619873,2.3173577904528027,,1.0,0.9273459911346436,
17.06827735900879,1790069821.70765,,859,0.3018736529422502,0.8221594095230103,3585.331823577,10000.0,-70.50535583496094,0.047384987619219845,1.3709176778793335,2.516225819986065,0.6424607038497925,1.0,0.9281042218208313,
,1790069823.3305545,0.5893499851226807,860,,,3586.882060223,,,,,,,,,10000.0
,1790069824.8808482,0.58750319480896,861,,,3588.567119652,,,,,,,,,10000.0
,1790069826.5659149,0.5864923000335693,862,,,3590.125757247,,,,,,,,,10000.0
,1790069828.1244147,0.5873813033103943,863,,,3591.676063645,,,,,,,,,10000.0
,1790069829.6747718,0.5886662006378174,864,,,3593.226520236,,,,,,,,,10000.0
,1790069831.225257,0.5899505019187927,865,,,3594.751798667,,,,,,,,,10000.0
,1790069832.7505462,0.5904406905174255,866,,,3596.280731019,,,,,,,,,10000.0
,1790069834.2794907,0.5917267799377441,867,,,3597.810808641,,,,,,,,,10000.0
,1790069835.809594,0.5921351909637451,868,,,3599.343693029,,,,,,,,,10000.0
,1790069837.3424711,0.5904491543769836,869,,,3600.877749281,,,,,,,,,10000.0
,1790069838.8765297,0.5913442373275757,870,,,3602.40397732,,,,,,,,,10000.0
,1790069840.4027407,0.5907747149467468,871,,,3603.940364729,,,,,,,,,10000.0
,1790069841.9391296,0.5908805131912231,872,,,3605.606028923,,,,,,,,,10000.0
,1790069843.604816,0.5907021760940552,873,,,3607.128810596,,,,,,,,,10000.0
,1790069845.1275969,0.5883733630180359,874,,,3608.671825447,,,,,,,,,10000.0
,1790069846.670404,0.5906656384468079,875,,,3610.197288201,,,,,,,,,10000.0
,1790069848.1959739,0.5875207781791687,876,,,3611.725902983,,,,,,,,,10000.0
,1790069849.7245848,0.5869176983833313,877,,,3613.252114976,,,,,,,,,10000.0
,1790069851.2508771,0.5856002569198608,878,,,3614.93884259,,,,,,,,,10000.0
,1790069852.9375958,0.5860171914100647,879,,,3619.022527835,,,,,,,,,10000.0
16.37385368347168,1790069857.021185,,880,,0.8211781978607178,3623.137368683,10000.0,-70.70779418945312,,1.40488862991333,2.1676577479821715,,1.0,0.9273290038108826,
17.009140014648438,1790069861.136065,,881,,0.8191383481025696,3627.241035483,10000.0,-70.61799621582031,,1.384611964225769,2.0273980800583695,,1.0,0.9275568127632141,
16.84722137451172,1790069865.239719,,882,,0.8187316060066223,3631.353988518,10000.0,-70.23464965820312,,1.3903754949569702,1.8914348476514338,,1.0,0.9269909858703613,
17.03865623474121,1790069869.3527038,,883,,0.8157057166099548,3635.467401271,10000.0,-69.93029022216797,,1.4084701538085938,2.7189708981759733,,1.0,0.9279698133468628,
17.314640045166016,1790069873.466086,,884,,0.8197432160377502,3639.598255231,10000.0,-70.19139862060547,,1.3686511516571045,2.7446974434921274,,1.0,0.9290302395820618,
17.271947860717773,1790069877.5965633,,885,,0.8196447491645813,3643.902927719,10000.0,-70.106201171875,,1.430195927619934,3.3004645146409572,,1.0,0.9267961382865906,
16.93017578125,1790069881.9015057,,886,,0.8134166598320007,3648.020215048,10000.0,-70.02423095703125,,1.4116623401641846,3.4927697398330886,,1.0,0.9268302321434021,
16.59111976623535,1790069886.0188744,,887,,0.8224852085113525,3652.138132619,10000.0,-68.70299530029297,,1.4531517028808594,3.3507139964957386,,1.0,0.9275878071784973,
16.358325958251953,1790069890.1367922,,888,,0.8208892941474915,3656.235471877,10000.0,-69.40817260742188,,1.4085105657577515,2.691373161470044,,1.0,0.9279680848121643,
15.967083930969238,1790069894.2341034,,889,,0.8203723430633545,3660.341226407,10000.0,-70.17155456542969,,1.390282392501831,2.4468188541431366,,1.0,0.9295076131820679,
16.21073341369629,1790069898.3399003,,890,,0.8199049234390259,3664.445913101,10000.0,-69.7911605834961,,1.3922810554504395,2.7565346630386043,,1.0,0.9279633164405823,
16.454547882080078,1790069902.4445734,,891,,0.819858729839325,3668.575599522,10000.0,-69.82830810546875,,1.3969684839248657,2.4346930556964175,,1.0,0.9279003143310547,
16.542984008789062,1790069906.5742493,,892,,0.8194848895072937,3672.693619226,10000.0,-69.9521255493164,,1.3993338346481323,2.6215915135501926,,1.0,0.9275419116020203,
16.70061492919922,1790069910.6922452,,893,,0.8193845152854919,3676.965758913,10000.0,-70.27711486816406,,1.3728036880493164,2.51968240365149,,1.0,0.9284307360649109,
16.11440086364746,1790069914.964434,,894,,0.8202146887779236,3681.068601701,10000.0,-70.2618408203125,,1.3969001770019531,2.39259400618938,,1.0,0.9278630614280701,
16.238908767700195,1790069919.0672467,,895,,0.8203391432762146,3685.197862717,10000.0,-69.98966217041016,,1.4233380556106567,2.8468323105594084,,1.0,0.927243709564209,
16.017606735229492,1790069923.1965058,,896,,0.8207417130470276,3689.301309497,10000.0,-69.81800079345703,,1.4117414951324463,2.2934893441767645,,1.0,0.9269713759422302,
15.388097763061523,1790069927.2999678,,897,,0.8188833594322205,3693.428397368,10000.0,-70.10244750976562,,1.4011257886886597,2.310049140619052,,1.0,0.9261404275894165,
15.78761100769043,1790069931.427061,,898,,0.8221425414085388,3697.523983789,10000.0,-70.20317840576172,,1.396513819694519,2.472972699622809,,1.0,0.9283071756362915,
15.90578842163086,1790069935.5226285,,899,,0.8210970163345337,3701.656289579,10000.0,-70.38034057617188,,1.3939268589019775,2.857593347199929,,1.0,0.9290453195571899,
15.940330505371094,1790069939.6549454,,900,,0.8200411200523376,3705.854774885,10000.0,-70.9415283203125,,1.4084081649780273,2.3449580462223003,,1.0,0.9279466271400452,
15.576842308044434,1790069943.8534427,,901,,0.8209640979766846,3709.933023508,10000.0,-70.7524185180664,,1.4324716329574585,2.326163183227138,,1.0,0.9269046783447266,
15.905538558959961,1790069947.9316773,,902,,0.8170307874679565,3714.012753305,10000.0,-70.81903839111328,,1.393275260925293,2.602966194296809,,1.0,0.9285979270935059,
16.510272979736328,1790069952.0113935,,903,,0.816093385219574,3718.090162352,10000.0,-71.3111572265625,,1.3876821994781494,2.6576740558704803,,1.0,0.9267492890357971,
16.663728713989258,1790069956.0888119,,904,,0.8215169310569763,3722.171405349,10000.0,-71.71617126464844,,1.3690968751907349,2.5934897735499076,,1.0,0.9295217990875244,
16.366867065429688,1790069960.1700788,,905,,0.8189769983291626,3726.294212992,10000.0,-71.57749938964844,,1.3799896240234375,3.1883524094441937,,1.0,0.9275374412536621,
16.842636108398438,1790069964.29287,,906,,0.81988126039505,3730.362678923,10000.0,-72.22578430175781,,1.4069452285766602,2.313372165683861,,1.0,0.9275099039077759,
17.029226303100586,1790069968.3613129,,907,,0.8241283297538757,3734.58279634,10000.0,-71.64349365234375,,1.351834774017334,2.5734672801891123,,1.0,0.9286673665046692,
17.05810546875,1790069972.5813944,,908,,0.8199257850646973,3738.696780991,10000.0,-71.87932586669922,,1.368658423423767,2.868022763715327,,1.0,0.9287104606628418,
17.618305206298828,1790069976.6954508,,909,,0.8173918128013611,3742.803491557,10000.0,-71.52132415771484,,1.358102560043335,2.2270133734012934,,1.0,0.9278220534324646,
17.071741104125977,1790069980.802133,,910,,0.8195030093193054,3746.914336545,10000.0,-71.30493927001953,,1.373083233833313,2.297015810370303,,1.0,0.9280654788017273,
16.918655395507812,1790069984.9129863,,911,,0.8195992112159729,3751.016372379,10000.0,-71.91809844970703,,1.3664990663528442,3.2606714771594607,,1.0,0.9287821054458618,
17.445035934448242,1790069989.0149105,,912,,0.8159446716308594,3755.108625235,10000.0,-71.6330795288086,,1.3570324182510376,3.1421161026221767,,1.0,0.9278244972229004,
17.818357467651367,1790069993.1072798,,913,,0.8197863101959229,3759.225763586,10000.0,-71.72046661376953,,1.3464813232421875,2.35409319778261,,1.0,0.927960991859436,
17.655908584594727,1790069997.2244143,,914,,0.8149783611297607,3763.304782701,10000.0,-71.88066101074219,,1.3601925373077393,2.126339347784226,,1.0,0.9268969893455505,
17.643508911132812,1790070001.3034394,,915,,0.8168350458145142,3767.594407117,10000.0,-71.9871597290039,,1.3402068614959717,2.471918308880526,,1.0,0.9276499152183533,
17.6989688873291,1790070005.5931504,,916,,0.8177765607833862,3771.706676657,10000.0,-72.1313705444336,,1.3434345722198486,2.3390467338522147,,1.0,0.9277468323707581,
17.785205841064453,1790070009.7053483,,917,,0.8180474638938904,3775.838196405,10000.0,-72.44953155517578,,1.338093876838684,2.20668203625666,,1.0,0.9277385473251343,
17.91678810119629,1790070013.8367496,,918,,0.8134750127792358,3779.939666287,10000.0,-72.3729476928711,,1.343051791191101,2.2571094273834564,,1.0,0.9287787079811096,
18.050477981567383,1790070017.9383144,,919,,0.813629686832428,3784.069101308,10000.0,-71.8636245727539,,1.3598544597625732,2.9152246095834617,,1.0,0.927489161491394,
18.218381881713867,1790070022.0677714,,920,,0.8184921145439148,3788.220223643,10000.0,-71.60179138183594,,1.3518095016479492,2.7257733240170516,,1.0,0.9280269742012024,
17.887041091918945,1790070026.2188644,,921,,0.8187277317047119,3792.333147106,10000.0,-71.85955810546875,,1.3450226783752441,2.2946261803798405,,1.0,0.9276102185249329,
18.334142684936523,1790070030.331789,,922,,0.8163198232650757,3796.622340585,10000.0,-72.20477294921875,,1.33869206905365,2.8352030485637583,,1.0,0.9270438551902771,
17.920272827148438,1790070034.6210015,,923,,0.8123189806938171,3800.766094561,10000.0,-72.0715560913086,,1.3533134460449219,2.926385869600186,,1.0,0.927490770816803,
17.865713119506836,1790070038.7647424,,924,,0.8243940472602844,3804.86822789,10000.0,-71.9115982055664,,1.4598381519317627,2.638018654154721,,1.0,0.9271758198738098,
17.56878089904785,1790070042.8668835,,925,,0.815483808517456,3808.993289755,10000.0,-71.90884399414062,,1.351590871810913,2.844503004258023,,1.0,0.9276202321052551,
17.778823852539062,1790070046.9919298,,926,,0.8155043721199036,3813.118022264,10000.0,-72.05821990966797,,1.3418474197387695,2.6548434546553623,,1.0,0.9271825551986694,
17.91200828552246,1790070051.1166863,,927,,0.8182898163795471,3817.222088138,10000.0,-72.00054931640625,,1.3523118495941162,3.221114017757233,,1.0,0.9281719326972961,
18.254005432128906,1790070055.2207577,,928,,0.8115116953849792,3821.326507808,10000.0,-71.88440704345703,,1.3857367038726807,2.755490097114775,,1.0,0.9271126389503479,
18.62801742553711,1790070059.3251722,,929,,0.8177947402000427,3825.542406111,10000.0,-71.83340454101562,,1.3632073402404785,2.6041043307227474,,1.0,0.9273979663848877,
18.891313552856445,1790070063.540327,,930,,0.819271445274353,3829.656655146,10000.0,-72.08702850341797,,1.3434739112854004,3.700039289911749,,1.0,0.9264711141586304,
19.094324111938477,1790070067.6553192,,931,,0.817553699016571,3833.765228822,10000.0,-71.41657257080078,,1.3312482833862305,2.4702359911968625,,1.0,0.9269770979881287,
18.694887161254883,1790070071.7638252,,932,,0.8162539005279541,3837.850386649,10000.0,-71.34690856933594,,1.3559337854385376,2.32154040268362,,1.0,0.9277079701423645,
18.935998916625977,1790070075.8488748,,933,,0.8191541433334351,3841.952057615,10000.0,-71.53286743164062,,1.3454185724258423,2.7860431257292086,,1.0,0.927940845489502,
19.194252014160156,1790070079.9507346,,934,,0.8158590197563171,3846.030655864,10000.0,-70.96688842773438,,1.3716496229171753,2.016829076791131,,1.0,0.9279128313064575,
19.017932891845703,1790070084.0292535,,935,,0.8138141632080078,3850.158612721,10000.0,-70.65520477294922,,1.3650540113449097,3.204340299759232,,1.0,0.9266990423202515,
19.100055694580078,1790070088.1572433,,936,,0.8161265850067139,3854.274281452,10000.0,-70.27787017822266,,1.3796734809875488,2.4160052388844533,,1.0,0.9273390173912048,
19.045818328857422,1790070092.2729144,,937,,0.8172924518585205,3858.541353048,10000.0,-70.17825317382812,,1.3895443677902222,2.7682333174554956,,1.0,0.9275287389755249,
19.029273986816406,1790070096.5400245,,938,,0.8149025440216064,3862.611357633,10000.0,-69.8968505859375,,1.3878523111343384,2.533280947760653,,1.0,0.9265885353088379,
18.888416290283203,1790070100.6100125,,939,,0.8196452856063843,3866.71801687,10000.0,-70.19390869140625,,1.3669952154159546,2.9384973313669716,,1.0,0.9280859231948853,
18.8017635345459,1790070104.7166734,,940,,0.8169282674789429,3870.81523834,10000.0,-69.4345703125,,1.3802804946899414,2.5906542425859898,,1.0,0.9283473491668701,
18.71304702758789,1790070108.813899,,941,,0.8191742897033691,3874.918728568,10000.0,-70.0050048828125,,1.3708114624023438,2.0662200542748432,,1.0,0.9279927015304565,
18.110544204711914,1790070112.9173794,,942,,0.8162815570831299,3879.032509544,10000.0,-69.74238586425781,,1.3545820713043213,2.5009353117377704,,1.0,0.928740382194519,
18.286113739013672,1790070117.031155,,943,,0.8178033232688904,3883.131639033,10000.0,-69.42073059082031,,1.359351634979248,2.205747726367644,,1.0,0.9276122450828552,
18.080677032470703,1790070121.130281,,944,,0.8145207166671753,3887.359779679,10000.0,-69.56328582763672,,1.355955958366394,3.271698654613674,,1.0,0.9269872903823853,
18.187435150146484,1790070125.3584433,,945,,0.8186861276626587,3891.456765136,10000.0,-69.93167114257812,,1.3685083389282227,2.2045420891139047,,1.0,0.9270389676094055,
18.535810470581055,1790070129.4554145,,946,,0.819694995880127,3895.575505636,10000.0,-69.4693374633789,,1.3619184494018555,3.261391134402568,,1.0,0.9271746873855591,
18.70176887512207,1790070133.5741599,,947,,0.815051257610321,3899.683481469,10000.0,-69.91104125976562,,1.363675832748413,2.2547509250961855,,1.0,0.9273420572280884,
19.27167320251465,1790070137.681994,,948,,0.816982626914978,3903.795351458,10000.0,-69.5696029663086,,1.3541805744171143,2.6231355384045196,,1.0,0.9287404417991638,
19.200279235839844,1790070141.7940114,,949,,0.814739465713501,3907.904307762,10000.0,-69.99554443359375,,1.392684817314148,2.895008263063004,,1.0,0.9269891381263733,
19.071409225463867,1790070145.9029274,,950,,0.8218162059783936,3912.026807618,10000.0,-70.32650756835938,,1.4164931774139404,2.992509387695812,,1.0,0.9285798072814941,
18.895858764648438,1790070150.0254326,,951,,0.8178638219833374,3916.282228189,10000.0,-70.28894805908203,,1.3502432107925415,2.480950093633026,,1.0,0.9281390905380249,
18.99261474609375,1790070154.2808712,,952,,0.815182089805603,3920.406169314,10000.0,-70.42491912841797,,1.378786563873291,2.350401439446581,,1.0,0.9272382259368896,
18.335216522216797,1790070158.4048145,,953,,0.8204963207244873,3924.522093862,10000.0,-70.61726379394531,,1.3984352350234985,2.440614033509706,,1.0,0.9278987050056458,
17.81549835205078,1790070162.5207465,,954,,0.8153316974639893,3928.629812884,10000.0,-71.2365493774414,,1.4100855588912964,2.718162148012015,,1.0,0.9260678887367249,
17.776918411254883,1790070166.6284685,,955,,0.8211067318916321,3932.76518702,10000.0,-71.59258270263672,,1.3797448873519897,2.55879188015587,,1.0,0.928316593170166,
17.394447326660156,1790070170.7638454,,956,,0.8186506032943726,3936.896458716,10000.0,-72.04412841796875,,1.3323719501495361,3.084474393921713,,1.0,0.9284617900848389,
17.678258895874023,1790070174.895125,,957,,0.8134777545928955,3941.010092115,10000.0,-71.84069061279297,,1.3444504737854004,2.679569637265183,,1.0,0.9280190467834473,
17.499008178710938,1790070179.0087485,,958,,0.816190779209137,3945.267534773,10000.0,-72.15355682373047,,1.3618340492248535,2.8605418968931478,,1.0,0.9280231595039368,
17.022789001464844,1790070183.2661173,,959,,0.8176329135894775,3949.387920389,10000.0,-72.13312530517578,,1.4107002019882202,2.4592664757043474,,1.0,0.9269613027572632,
17.108478546142578,1790070187.3865526,,960,,0.8175458312034607,3953.483264277,10000.0,-72.17931365966797,,1.4022670984268188,2.3777179420415266,,1.0,0.9276180863380432,
17.099885940551758,1790070191.481905,,961,,0.8125755190849304,3957.607822176,10000.0,-71.81321716308594,,1.3614944219589233,2.61355774185687,,1.0,0.927325963973999,
17.65415382385254,1790070195.6064568,,962,,0.8162581920623779,3961.700583208,10000.0,-71.76537322998047,,1.3787126541137695,3.2380739889048376,,1.0,0.9274778962135315,
17.534990310668945,1790070199.6992638,,963,,0.8165732622146606,3965.789758545,10000.0,-72.19283294677734,,1.371852159500122,2.5830938345036576,,1.0,0.9270433783531189,
17.60249900817871,1790070203.7883422,,964,,0.819671094417572,3969.896192558,10000.0,-71.76156616210938,,1.3823213577270508,2.8068387777398973,,1.0,0.9281567335128784,
17.7844295501709,1790070207.8948603,,965,,0.8177556395530701,3974.140476327,10000.0,-71.62054443359375,,1.3703945875167847,2.1607732327311564,,1.0,0.9280503988265991,
17.284273147583008,1790070212.1391337,,966,,0.8174906969070435,3978.226380688,10000.0,-71.9445571899414,,1.3716503381729126,3.5699252576305915,,1.0,0.9276168942451477,
17.43524169921875,1790070216.2250557,,967,,0.812705934047699,3982.359406918,10000.0,-71.86652374267578,,1.405652642250061,2.832460757798736,,1.0,0.9274044036865234,
17.975587844848633,1790070220.3580499,,968,,0.8169772624969482,3986.459374435,10000.0,-71.77082061767578,,1.3896311521530151,2.5585340253404265,,1.0,0.9271104335784912,
18.005634307861328,1790070224.4580138,,969,,0.8160778880119324,3990.579051874,10000.0,-72.09932708740234,,1.357967495918274,2.5902121832385476,,1.0,0.9284458756446838,
17.620641708374023,1790070228.577718,,970,,0.810464084148407,3994.715343888,10000.0,-72.16173553466797,,1.3910391330718994,2.644075166284467,,1.0,0.9268295764923096,
17.784059524536133,1790070232.71394,,971,,0.8169593214988708,3998.818189434,10000.0,-71.96674346923828,,1.3711097240447998,2.923136332495709,,1.0,0.9287407398223877,
17.353208541870117,1790070236.8168442,,972,,0.8150225281715393,4002.929554409,10000.0,-71.98599243164062,,1.3853633403778076,2.1275376807066118,,1.0,0.9269412755966187,
17.049245834350586,1790070240.9282022,,973,,0.8156895637512207,4007.163232705,10000.0,-71.26704406738281,,1.381621241569519,3.180558825968697,,1.0,0.9272615313529968,
17.06476593017578,1790070245.1618955,,974,,0.8127527832984924,4011.276263871,10000.0,-71.08348846435547,,1.3819286823272705,3.138994055764548,,1.0,0.9265574812889099,
17.176305770874023,1790070249.274912,,975,,0.8140226006507874,4015.39898988,10000.0,-70.44570922851562,,1.3820054531097412,2.5744078794967327,,1.0,0.9274028539657593,
17.274635314941406,1790070253.3976784,,976,,0.817782461643219,4019.481410247,10000.0,-71.2252426147461,,1.3796916007995605,3.380395636597887,,1.0,0.9266578555107117,
16.978734970092773,1790070257.4800968,,977,,0.8153689503669739,4023.601412849,10000.0,-70.52848052978516,,1.3825830221176147,2.724663656364319,,1.0,0.9277457594871521,
16.949138641357422,1790070261.6000857,,978,,0.8212169408798218,4027.707002751,10000.0,-70.0594253540039,,1.3821656703948975,2.2071573792041255,,1.0,0.9290866255760193,
16.598154067993164,1790070265.7056537,,979,,0.8161399960517883,4031.819008557,10000.0,-70.13115692138672,,1.3983134031295776,2.730845645163577,,1.0,0.9267253875732422,
16.995214462280273,1790070269.817645,,980,,0.8178765773773193,4036.104314086,10000.0,-70.5038833618164,,1.3826566934585571,2.458107413661823,,1.0,0.9271538257598877,
17.255260467529297,1790070274.1029432,,981,,0.8215417265892029,4040.228042944,10000.0,-70.98778533935547,,1.4276821613311768,2.8366978334597515,,1.0,0.9285948276519775,
17.43134117126465,1790070278.2266486,,982,,0.819835364818573,4044.340326786,10000.0,-71.20952606201172,,1.3844033479690552,2.678410587565601,,1.0,0.9272623658180237,
17.4970645904541,1790070282.338987,,983,,0.8175506591796875,4048.439818685,10000.0,-71.05216979980469,,1.3841490745544434,2.7976734250246116,,1.0,0.9273389577865601,
17.326906204223633,1790070286.438535,,984,,0.8176447153091431,4052.539787973,10000.0,-70.68675994873047,,1.4171963930130005,2.398613440120066,,1.0,0.927094578742981,
17.51422691345215,1790070290.538493,,985,,0.8153986930847168,4056.656501691,10000.0,-70.95177459716797,,1.3895694017410278,2.184669653230888,,1.0,0.9272188544273376,
17.711833953857422,1790070294.655183,,986,,0.8148571252822876,4060.757205332,10000.0,-70.73710632324219,,1.377652883529663,3.09124211397603,,1.0,0.92766273021698,
17.60053062438965,1790070298.7558472,,987,,0.8185620307922363,4064.962528958,10000.0,-70.94898986816406,,1.389047384262085,2.892640340613542,,1.0,0.9281843304634094,
17.43722915649414,1790070302.9611654,,988,,0.8155053853988647,4069.04427301,10000.0,-71.6369400024414,,1.3730109930038452,2.8852323572856218,,1.0,0.9282275438308716,
17.589691162109375,1790070307.0429142,,989,,0.8162105083465576,4073.136005953,10000.0,-71.8953857421875,,1.395552635192871,1.914696397223439,,1.0,0.9277821183204651,
17.381214141845703,1790070311.134676,,990,,0.8142250180244446,4077.202893477,10000.0,-71.8691635131836,,1.3964368104934692,3.1550182981866066,,1.0,0.9264439940452576,
17.764385223388672,1790070315.2015426,,991,,0.8167498707771301,4081.308181478,10000.0,-72.23473358154297,,1.3828853368759155,2.471735694810015,,1.0,0.9280902743339539,
17.300260543823242,1790070319.306716,,992,,0.8188387155532837,4085.417324955,10000.0,-71.89933013916016,,1.4043095111846924,2.5450370092142163,,1.0,0.9280741214752197,
17.643827438354492,1790070323.415978,,993,,0.817279040813446,4089.515936751,10000.0,-71.89075469970703,,1.373929738998413,2.4572393626053652,,1.0,0.9282715320587158,
17.804044723510742,1790070327.5145864,,994,,0.8187523484230042,4093.616724205,10000.0,-71.28710174560547,,1.3923883438110352,2.6316869846778985,,1.0,0.9286062121391296,
17.893680572509766,1790070331.615356,,995,,0.8142275214195251,4097.896949964,10000.0,-72.04043579101562,,1.3834807872772217,2.0743040459881814,,1.0,0.9276191592216492,
17.99737548828125,1790070335.895601,,996,,0.8127207159996033,4102.006865227,10000.0,-71.91667938232422,,1.4082220792770386,2.4241189184845826,,1.0,0.9275524020195007,
17.888324737548828,1790070340.005508,,997,,0.812874972820282,4106.108844591,10000.0,-71.64329528808594,,1.3978219032287598,2.476337426050656,,1.0,0.9272407293319702,
17.620925903320312,1790070344.1074722,,998,,0.818706750869751,4110.192916703,10000.0,-71.70979309082031,,1.3800047636032104,2.064086084854379,,1.0,0.9273204207420349,
17.773704528808594,1790070348.1915379,,999,,0.8158807158470154,4114.301931118,10000.0,-72.0619888305664,,1.3826208114624023,2.41480897743264,,1.0,0.9278196692466736,
17.991273880004883,1790070352.3005874,,1000,,0.8188296556472778,4118.415890772,10000.0,-71.97836303710938,,1.3501778841018677,3.3109826693660493,,1.0,0.9292555451393127,
17.80884552001953,1790070356.414529,,1001,,0.817280650138855,4122.492418065,10000.0,-71.99217987060547,,1.3714364767074585,3.5647316632164583,,1.0,0.9281463027000427,
17.331283569335938,1790070360.4910803,,1002,,0.8139169216156006,4126.696033076,10000.0,-71.66415405273438,,1.411451816558838,2.7671341001227887,,1.0,0.9264057874679565,
17.168869018554688,1790070364.694732,,1003,,0.8132940530776978,4130.779530503,10000.0,-71.46939086914062,,1.3718156814575195,2.970395221642551,,1.0,0.9274346232414246,
17.29877471923828,1790070368.7781734,,1004,,0.8140052556991577,4134.842858762,10000.0,-71.93357849121094,,1.375795602798462,2.7903884621032673,,1.0,0.9279384016990662,
17.781940460205078,1790070372.84144,,1005,,0.8126335740089417,4138.91409803,10000.0,-72.25859069824219,,1.351845145225525,2.989572004629516,,1.0,0.9276533722877502,
17.25908851623535,1790070376.912764,,1006,,0.8167923092842102,4142.973191953,10000.0,-72.38709259033203,,1.354649305343628,2.021640075779078,,1.0,0.9282163381576538,
17.11894416809082,1790070380.9718523,,1007,,0.8145781755447388,4147.030357996,10000.0,-73.00428009033203,,1.3536903858184814,1.6483922293757647,,1.0,0.9275773763656616,
17.83074188232422,1790070385.029002,,1008,,0.8170252442359924,4151.119663986,10000.0,-72.96216583251953,,1.3477809429168701,2.6789723909879566,,1.0,0.9272907972335815,
18.039535522460938,1790070389.118286,,1009,,0.8156000375747681,4155.393653125,10000.0,-72.39144897460938,,1.370207667350769,3.081399002241676,,1.0,0.9266460537910461,
17.536588668823242,1790070393.3922353,,1010,,0.8189234733581543,4159.517185736,10000.0,-72.3778305053711,,1.3692712783813477,3.118196741382682,,1.0,0.9281896948814392,
16.84871482849121,1790070397.5158365,,1011,,0.8149067759513855,4163.595853206,10000.0,-72.2417984008789,,1.382308840751648,2.3899823783667404,,1.0,0.9272434115409851,
16.830429077148438,1790070401.5943723,,1012,,0.8160926103591919,4167.673106179,10000.0,-72.4209213256836,,1.3967564105987549,3.871172202198689,,1.0,0.9265254735946655,
17.064367294311523,1790070405.671762,,1013,,0.8141704797744751,4171.82760613,10000.0,-71.93569946289062,,1.3843064308166504,2.506126436581945,,1.0,0.927213191986084,
16.839820861816406,1790070409.8262904,,1014,,0.8127433657646179,4175.921499459,10000.0,-72.4237060546875,,1.4088983535766602,3.5627677476100557,,1.0,0.927249014377594,
17.078407287597656,1790070413.9201472,,1015,,0.8168718218803406,4180.075569304,10000.0,-72.58309173583984,,1.3874057531356812,2.268124579370757,,1.0,0.9269600510597229,
17.0067138671875,1790070418.0742247,,1016,,0.814944863319397,4184.181703101,10000.0,-72.98052978515625,,1.3737090826034546,3.5262187900516513,,1.0,0.9269886612892151,
17.36029624938965,1790070422.1803594,,1017,,0.8163968920707703,4188.425415158,10000.0,-72.9414291381836,,1.3666784763336182,2.464780221600528,,1.0,0.9289226531982422,
16.941755294799805,1790070426.424057,,1018,,0.8150548338890076,4192.540668426,10000.0,-73.08694458007812,,1.3799911737442017,2.778450624910547,,1.0,0.9267501831054688,
17.285018920898438,1790070430.539302,,1019,,0.8165190815925598,4196.645482475,10000.0,-72.89810180664062,,1.3878861665725708,2.679202212783415,,1.0,0.9280605316162109,
17.080490112304688,1790070434.6441348,,1020,,0.818970799446106,4200.765968785,10000.0,-73.0992660522461,,1.3525893688201904,2.5268856405055735,,1.0,0.9279913306236267,
16.894145965576172,1790070438.7645512,,1021,,0.8150497674942017,4204.871952212,10000.0,-72.67976379394531,,1.3999640941619873,2.335029800288369,,1.0,0.9272211194038391,
16.6961612701416,1790070442.8706133,,1022,,0.8200331926345825,4208.970196996,10000.0,-73.17073822021484,,1.3702020645141602,3.2821854761053513,,1.0,0.9282219409942627,
16.57921600341797,1790070446.968881,,1023,,0.8147621750831604,4213.077432802,10000.0,-72.57817077636719,,1.3775562047958374,2.798009173002401,,1.0,0.9264444708824158,
16.75286293029785,1790070451.0761068,,1024,,0.81572425365448,4217.303647829,10000.0,-72.45569610595703,,1.3636659383773804,2.2678718559660824,,1.0,0.9289185404777527,
16.830968856811523,1790070455.3023155,,1025,,0.8150017261505127,4221.367972557,10000.0,-72.3303451538086,,1.3554879426956177,2.291086454420249,,1.0,0.9283633232116699,
16.234207153320312,1790070459.3666375,,1026,,0.8181678056716919,4225.430971648,10000.0,-72.21971130371094,,1.3915988206863403,3.088559835199777,,1.0,0.9281869530677795,
15.915112495422363,1790070463.4296393,,1027,,0.8191506862640381,4229.514872035,10000.0,-72.03307342529297,,1.4299525022506714,2.7305701290776385,,1.0,0.9257282018661499,
16.06805992126465,1790070467.5135572,,1028,,0.8191349506378174,4233.570828093,10000.0,-71.4936752319336,,1.3951363563537598,2.2907137756734843,,1.0,0.9277107119560242,
15.727816581726074,1790070471.5694885,,1029,,0.8205616474151611,4237.686969087,10000.0,-71.47259521484375,,1.5375797748565674,2.052707436118545,,1.0,0.9265311360359192,
15.946834564208984,1790070475.6856291,,1030,,0.813025951385498,4241.786765725,10000.0,-71.4541244506836,,1.4033291339874268,2.6603997420433263,,1.0,0.9269040822982788,
15.688786506652832,1790070479.7854376,,1031,,0.8153896331787109,4246.043588097,10000.0,-71.94962310791016,,1.355218529701233,2.6865937612708413,,1.0,0.9275556206703186,
15.963024139404297,1790070484.042292,,1032,,0.8145545721054077,4250.132847314,10000.0,-72.03168487548828,,1.3583112955093384,2.5484519611467475,,1.0,0.9283612966537476,
16.21259117126465,1790070488.1314905,,1033,,0.8120279908180237,4254.225920913,10000.0,-72.04020690917969,,1.3624675273895264,2.691225231782609,,1.0,0.9286953806877136,
15.846170425415039,1790070492.2245622,,1034,,0.8120439648628235,4258.3493448,10000.0,-71.29043579101562,,1.362778902053833,2.628040492861091,,1.0,0.9269073605537415,
15.630950927734375,1790070496.3479648,,1035,,0.8130830526351929,4262.442193597,10000.0,-71.21487426757812,,1.3621010780334473,2.663920374875661,,1.0,0.926605224609375,
16.32537078857422,1790070500.4408672,,1036,,0.8111871480941772,4266.5472976,10000.0,-71.53288269042969,,1.3658863306045532,2.494075551581518,,1.0,0.9275344610214233,
16.28534507751465,1790070504.5459392,,1037,,0.8128499388694763,4270.663136306,10000.0,-71.64581298828125,,1.405564308166504,2.3340687419776294,,1.0,0.9267184734344482,
16.311206817626953,1790070508.6617663,,1038,,0.814138650894165,4274.779302568,10000.0,-72.02709197998047,,1.3759431838989258,2.5877473769005026,,1.0,0.9281858205795288,
16.482688903808594,1790070512.7779505,,1039,,0.8162628412246704,4279.03424106,10000.0,-70.68123626708984,,1.377864122390747,2.711951856665705,,1.0,0.9288675785064697,
15.807726860046387,1790070517.032894,,1040,,0.819614052772522,4283.131335087,10000.0,-70.97967529296875,,1.4356580972671509,2.5996856491496634,,1.0,0.9268448352813721,
15.717428207397461,1790070521.1299922,,1041,,0.8148871064186096,4287.250240888,10000.0,-71.30462646484375,,1.3857550621032715,2.2666542291111798,,1.0,0.9265450835227966,
15.500879287719727,1790070525.2489054,,1042,,0.8140914440155029,4291.347359708,10000.0,-69.98881530761719,,1.4087169170379639,2.4219101137041728,,1.0,0.9270044565200806,
16.06111717224121,1790070529.345977,,1043,,0.8183541297912598,4295.456199355,10000.0,-70.5727310180664,,1.3836957216262817,2.8786298915817143,,1.0,0.9280503988265991,
16.169445037841797,1790070533.4548671,,1044,,0.8182098269462585,4299.558764097,10000.0,-71.55756378173828,,1.3867985010147095,2.394535188910147,,1.0,0.9285856485366821,
16.27480697631836,1790070537.557419,,1045,,0.8153120279312134,4303.662886967,10000.0,-71.71253204345703,,1.362341046333313,2.6707726476923526,,1.0,0.9276587963104248,
16.2886962890625,1790070541.6615293,,1046,,0.8176863789558411,4307.900184631,10000.0,-71.57917785644531,,1.4032509326934814,2.4254104420788005,,1.0,0.927827000617981,
16.26816177368164,1790070545.8988655,,1047,,0.8140007257461548,4312.004251825,10000.0,-71.16084289550781,,1.3784822225570679,2.497360930870941,,1.0,0.9274041652679443,
16.384849548339844,1790070550.0029175,,1048,,0.8133945465087891,4316.115051942,10000.0,-71.65354919433594,,1.3750518560409546,2.625221697898642,,1.0,0.9277036190032959,
15.558252334594727,1790070554.1137204,,1049,,0.8114995360374451,4320.250310426,10000.0,-71.54753112792969,,1.3626292943954468,3.278262446052132,,1.0,0.9266444444656372,
15.843249320983887,1790070558.24899,,1050,,0.8154618740081787,4324.360167165,10000.0,-71.99038696289062,,1.3385834693908691,2.4567946089694646,,1.0,0.9276466965675354,
15.71575927734375,1790070562.3587933,,1051,,0.8122600317001343,4328.470158798,10000.0,-72.11454010009766,,1.3585922718048096,2.4756223266458286,,1.0,0.9264904856681824,
15.879307746887207,1790070566.4688382,,1052,,0.8123908042907715,4332.600891558,10000.0,-72.97476196289062,,1.3557803630828857,2.7165932409430864,,1.0,0.9269329309463501,
15.818103790283203,1790070570.5995257,,1053,,0.8141258358955383,4336.835819363,10000.0,-73.19477081298828,,1.3560525178909302,2.632827791998072,,1.0,0.9279643893241882,
15.750078201293945,1790070574.8344424,,1054,,0.8203972578048706,4340.956892961,10000.0,-72.72383117675781,,1.3384493589401245,2.0638095587082232,,1.0,0.9281572699546814,
16.10102081298828,1790070578.9555452,,1055,,0.8174149394035339,4345.098826683,10000.0,-72.83448028564453,,1.354076862335205,2.3371077102816296,,1.0,0.9284504055976868,
16.202348709106445,1790070583.0974803,,1056,,0.8131697177886963,4349.20846988,10000.0,-73.00466918945312,,1.3657090663909912,2.8532883053901448,,1.0,0.927134096622467,
16.410600662231445,1790070587.2071335,,1057,,0.8235217332839966,4353.336296462,10000.0,-72.35778045654297,,1.5485203266143799,2.6939568187071705,,1.0,0.9273742437362671,
15.81796646118164,1790070591.334934,,1058,,0.8222553730010986,4357.422250701,10000.0,-72.26643371582031,,1.5064924955368042,2.096237818179153,,1.0,0.9289010763168335,
16.076072692871094,1790070595.4209166,,1059,,0.8158308267593384,4361.534390676,10000.0,-72.33580780029297,,1.370407223701477,2.4295701254638593,,1.0,0.928128182888031,
15.710741996765137,1790070599.533084,,1060,,0.8211154937744141,4365.666060001,10000.0,-72.74750518798828,,1.4311459064483643,2.177532951801695,,1.0,0.9277352094650269,
15.83287239074707,1790070603.6647449,,1061,,0.8156667947769165,4369.954123112,10000.0,-72.2957763671875,,1.368515133857727,2.469457175553333,,1.0,0.9278847575187683,
15.648667335510254,1790070607.9528,,1062,,0.8160634636878967,4374.065456971,10000.0,-72.97183227539062,,1.369936466217041,2.7193827045529417,,1.0,0.9278912544250488,
15.515146255493164,1790070612.064104,,1063,,0.8181657195091248,4378.198897664,10000.0,-72.43965148925781,,1.4172263145446777,3.372393717308905,,1.0,0.9283406138420105,
15.429758071899414,1790070616.1975508,,1064,,0.8171105980873108,4382.31029645,10000.0,-72.6026840209961,,1.3761361837387085,2.129184599232759,,1.0,0.9272477030754089,
15.3551025390625,1790070620.3089943,,1065,,0.8152580261230469,4386.439117135,10000.0,-72.56869506835938,,1.3684731721878052,2.3918284688603806,,1.0,0.9274866580963135,
15.594193458557129,1790070624.4377913,,1066,,0.8158544301986694,4390.574809301,10000.0,-72.65589141845703,,1.374211072921753,2.226399523809483,,1.0,0.9277153015136719,
15.269936561584473,1790070628.57345,,1067,,0.8133300542831421,4394.696120376,10000.0,-72.2928695678711,,1.3832714557647705,3.5098808468469396,,1.0,0.9277572631835938,
15.46875286102295,1790070632.6947467,,1068,,0.8184179067611694,4398.961002308,10000.0,-72.52764892578125,,1.367873191833496,2.5042302258765723,,1.0,0.9287447929382324,
15.568270683288574,1790070636.95967,,1069,,0.8159956336021423,4403.090891253,10000.0,-72.61180877685547,,1.3903834819793701,2.362476517800033,,1.0,0.9275587201118469,
15.417144775390625,1790070641.0895495,,1070,,0.8167272806167603,4407.202018361,10000.0,-72.52595520019531,,1.3888497352600098,2.2499623025333495,,1.0,0.9277389049530029,
15.006915092468262,1790070645.2006843,,1071,,0.82029128074646,4411.31695191,10000.0,-72.48724365234375,,1.387406826019287,2.832553570285015,,1.0,0.9278221130371094,
15.152867317199707,1790070649.315601,,1072,,0.8172131180763245,4415.46084594,10000.0,-72.28498840332031,,1.4011539220809937,2.507699722850393,,1.0,0.9276975989341736,
15.298864364624023,1790070653.4594953,,1073,,0.8126740455627441,4419.580790976,10000.0,-72.93135833740234,,1.4163509607315063,2.50197779230684,,1.0,0.926078736782074,
14.809064865112305,1790070657.5794568,,1074,,0.8192577958106995,4423.721089915,10000.0,-72.76705169677734,,1.4146326780319214,2.6924481360667443,,1.0,0.9287846088409424,
14.599719047546387,1790070661.7197413,,1075,,0.8192634582519531,4428.002807033,10000.0,-72.80750274658203,,1.3797454833984375,2.7495497061420675,,1.0,0.9278206825256348,
14.496681213378906,1790070666.0014307,,1076,,0.8158625960350037,4432.148300489,10000.0,-72.00318145751953,,1.4123644828796387,2.908583417753703,,1.0,0.9286738634109497,
14.64661979675293,1790070670.1469688,,1077,,0.8173159956932068,4436.267697946,10000.0,-72.04083251953125,,1.3921879529953003,3.1646592165346297,,1.0,0.9272682070732117,
14.612115859985352,1790070674.2663453,,1078,,0.8170642256736755,4440.40135799,10000.0,-72.20855712890625,,1.3850308656692505,2.8545995099206722,,1.0,0.9289329648017883,
14.832952499389648,1790070758.4895298,,1079,0.12397003723018087,0.8171744346618652,4522.128968283,10000.0,-72.78973388671875,0.00033015313941168296,1.390714168548584,2.404509700943002,0.4835376739501953,1.0,0.9275829792022705,
,1790070760.1276603,0.588504433631897,1080,,,4523.683981821,,,,,,,,,10000.0
,1790070761.6826818,0.5874878168106079,1081,,,4525.360634176,,,,,,,,,10000.0
,1790070763.3592942,0.5866897702217102,1082,,,4526.907269236,,,,,,,,,10000.0
,1790070764.9059374,0.587219774723053,1083,,,4528.465044165,,,,,,,,,10000.0
,1790070766.463744,0.5902974605560303,1084,,,4530.015332666,,,,,,,,,10000.0
,1790070768.0140567,0.5886716246604919,1085,,,4531.562906613,,,,,,,,,10000.0
,1790070769.5616994,0.5894407629966736,1086,,,4533.108517468,,,,,,,,,10000.0
,1790070771.1072607,0.5895938873291016,1087,,,4534.806319126,,,,,,,,,10000.0
,1790070772.8050504,0.5890787839889526,1088,,,4536.357123846,,,,,,,,,10000.0
,1790070774.3558307,0.5883584022521973,1089,,,4537.906236873,,,,,,,,,10000.0
,1790070775.9049451,0.5902612209320068,1090,,,4539.454795037,,,,,,,,,10000.0
,1790070777.45354,0.5873973369598389,1091,,,4541.003756785,,,,,,,,,10000.0
,1790070779.002512,0.5894210338592529,1092,,,4542.544946944,,,,,,,,,10000.0
,1790070780.543684,0.5923477411270142,1093,,,4544.094314897,,,,,,,,,10000.0
,1790070782.0930927,0.5922980308532715,1094,,,4545.648927824,,,,,,,,,10000.0
,1790070783.6476552,0.5919871926307678,1095,,,4547.200807702,,,,,,,,,10000.0
,1790070785.199514,0.5962201952934265,1096,,,4548.757269125,,,,,,,,,10000.0
,1790070786.7560246,0.5957205891609192,1097,,,4550.311478301,,,,,,,,,10000.0
,1790070788.3102381,0.5956747531890869,1098,,,4552.030078494,,,,,,,,,10000.0
,1790070790.0287673,0.5961865782737732,1099,,,4556.149344962,,,,,,,,,10000.0
15.016345024108887,1790070794.1478193,,1100,,0.8144732713699341,4560.288514065,10000.0,-72.87831115722656,,1.3734936714172363,2.878148990919943,,1.0,0.9273990392684937,
15.332442283630371,1790070798.2872157,,1101,,0.8177120685577393,4564.423375503,10000.0,-72.7371826171875,,1.3766330480575562,2.0649984484673745,,1.0,0.9285337924957275,
15.603690147399902,1790070802.422035,,1102,,0.8199498057365417,4568.554862676,10000.0,-73.10443115234375,,1.367462158203125,3.1591034336182573,,1.0,0.9272006750106812,
15.839176177978516,1790070806.553456,,1103,,0.8149335384368896,4572.679909319,10000.0,-73.19462585449219,,1.3687292337417603,3.3843286253031617,,1.0,0.9281035661697388,
15.468936920166016,1790070810.6784587,,1104,,0.8168704509735107,4576.856810619,10000.0,-73.37725830078125,,1.3811733722686768,2.3643914766354417,,1.0,0.9277057647705078,
15.546177864074707,1790070814.8554714,,1105,,0.8173530101776123,4581.171920314,10000.0,-73.40518188476562,,1.3708430528640747,2.9942888248282684,,1.0,0.927462637424469,
15.78518295288086,1790070819.170576,,1106,,0.8179478645324707,4585.322968989,10000.0,-74.0226058959961,,1.3477991819381714,2.5768090149022513,,1.0,0.9282039403915405,
15.505950927734375,1790070823.321633,,1107,,0.8108718991279602,4589.491693483,10000.0,-73.81298828125,,1.3628939390182495,2.527019864389729,,1.0,0.9273684620857239,
15.10052490234375,1790070827.4903378,,1108,,0.8118465542793274,4593.623641081,10000.0,-72.87842559814453,,1.3607237339019775,2.7776299606660473,,1.0,0.927563488483429,
15.8587646484375,1790070831.6223004,,1109,,0.8146376609802246,4597.771134962,10000.0,-72.81359100341797,,1.3503559827804565,3.0078382014059715,,1.0,0.9274885058403015,
15.394606590270996,1790070835.7698035,,1110,,0.960541844367981,4601.919204715,10000.0,-72.41797637939453,,3.9654433727264404,2.723711007613812,,1.0,0.9273235201835632,
15.298514366149902,1790070839.9178567,,1111,,0.8244994282722473,4606.060439048,10000.0,-72.39009857177734,,1.5615729093551636,2.202711512914104,,1.0,0.9286330938339233,
15.023324012756348,1790070844.0591063,,1112,,0.8201721906661987,4610.397740658,10000.0,-72.73612213134766,,1.471619725227356,3.334239826988458,,1.0,0.9272769689559937,
14.619322776794434,1790070848.396341,,1113,,0.8157329559326172,4614.528719085,10000.0,-72.4400863647461,,1.4066091775894165,2.552061372684942,,1.0,0.9273462891578674,
14.29393196105957,1790070852.527356,,1114,,0.8240364789962769,4618.703906421,10000.0,-72.45120239257812,,1.5877528190612793,2.7050301287523815,,1.0,0.9266700744628906,
13.562691688537598,1790070856.7024543,,1115,,0.8182803392410278,4622.844777678,10000.0,-72.72303009033203,,1.4299468994140625,2.800961479855499,,1.0,0.9275140166282654,
13.201250076293945,1790070860.8434296,,1116,,0.81719970703125,4626.931668571,10000.0,-73.72193145751953,,1.390364170074463,2.463390988939585,,1.0,0.9273462891578674,
13.372915267944336,1790070864.9303157,,1117,,0.8172000646591187,4631.056869145,10000.0,-72.84941101074219,,1.4050817489624023,2.6971489177891104,,1.0,0.9259775280952454,
13.267352104187012,1790070869.0548513,,1118,,0.8167029619216919,4635.15574024,10000.0,-72.92446899414062,,1.3896129131317139,2.802793431714683,,1.0,0.9262169003486633,
13.137219429016113,1790070873.1543522,,1119,,0.8185552358627319,4639.262877887,10000.0,-73.33773040771484,,1.3761094808578491,2.4398258092077363,,1.0,0.9283714890480042,
13.07583236694336,1790070877.2615273,,1120,,0.8181869983673096,4643.585862637,10000.0,-72.7361068725586,,1.4142953157424927,2.8274911629710577,,1.0,0.9278891682624817,
13.90650749206543,1790070881.5844603,,1121,,0.816190779209137,4647.703262166,10000.0,-73.2762451171875,,1.3788599967956543,2.3843667298581517,,1.0,0.9271385073661804,
14.300376892089844,1790070885.7018955,,1122,,0.8143369555473328,4651.85370845,10000.0,-72.0627670288086,,1.4150991439819336,2.9563802253342137,,1.0,0.9271089434623718,
14.38671875,1790070889.852371,,1123,,0.8178953528404236,4655.981345494,10000.0,-72.82235717773438,,1.4072397947311401,2.72660198505895,,1.0,0.9280138611793518,
14.372156143188477,1790070893.9799817,,1124,,0.8173122406005859,4660.13350571,10000.0,-72.69840240478516,,1.3734123706817627,2.42891910609733,,1.0,0.9278238415718079,
14.472823143005371,1790070898.1321595,,1125,,0.8173962235450745,4664.273067619,10000.0,-72.68743133544922,,1.3795993328094482,2.1679205537052635,,1.0,0.928269624710083,
14.184893608093262,1790070902.2717159,,1126,,0.8186241984367371,4668.390683903,10000.0,-73.1854019165039,,1.4161473512649536,2.2619552550933655,,1.0,0.9278165698051453,
14.19852066040039,1790070906.3893063,,1127,,0.817675769329071,4672.625177085,10000.0,-73.14175415039062,,1.3929765224456787,2.206837900551951,,1.0,0.9278385639190674,
14.282855987548828,1790070910.6238112,,1128,,0.8145396709442139,4676.729672032,10000.0,-73.9131088256836,,1.427077293395996,2.3178507955710694,,1.0,0.9275212287902832,
14.496064186096191,1790070914.7281375,,1129,,0.815123438835144,4680.834152523,10000.0,-73.88203430175781,,1.3815051317214966,2.3179499357033646,,1.0,0.9278618693351746,
14.255841255187988,1790070918.832803,,1130,,0.8159484267234802,4684.96285041,10000.0,-73.79483032226562,,1.3581442832946777,1.900940540189188,,1.0,0.9288155436515808,
14.7218017578125,1790070922.9615483,,1131,,0.8156901001930237,4689.085334322,10000.0,-74.01168060302734,,1.3617219924926758,2.5093539845113226,,1.0,0.9280236959457397,
14.700848579406738,1790070927.0839827,,1132,,0.8141980171203613,4693.189270562,10000.0,-73.63823699951172,,1.333146333694458,2.435420479470571,,1.0,0.9266178607940674,
15.036192893981934,1790070931.187925,,1133,,0.8142291307449341,4697.299802064,10000.0,-74.02855682373047,,1.36470365524292,2.000011505362963,,1.0,0.9266030192375183,
15.384421348571777,1790070935.2984643,,1134,,0.8133878111839294,4701.56100514,10000.0,-73.91600799560547,,1.3390552997589111,2.6903971788964163,,1.0,0.9288341999053955,
15.1620512008667,1790070939.5596688,,1135,,0.8146214485168457,4705.672828812,10000.0,-74.16603088378906,,1.3405160903930664,2.7775711271933,,1.0,0.9281628131866455,
15.121038436889648,1790070943.671506,,1136,,0.8122749328613281,4709.77917365,10000.0,-73.91473388671875,,1.3450424671173096,2.743332565742859,,1.0,0.9279823899269104,
15.500903129577637,1790070947.7778728,,1137,,0.8161222338676453,4713.888747221,10000.0,-73.8171157836914,,1.3316383361816406,2.940139492729185,,1.0,0.9269744157791138,
15.300362586975098,1790070951.8873448,,1138,,0.8132112622261047,4718.003666812,10000.0,-74.2480239868164,,1.3594738245010376,2.8914669183563912,,1.0,0.927111804485321,
15.658220291137695,1790070956.0023289,,1139,,0.808582067489624,4722.110879081,10000.0,-74.07389831542969,,1.3622372150421143,2.6097857725094857,,1.0,0.9266141653060913,
15.749608039855957,1790070960.1095397,,1140,,0.8147610425949097,4726.231591086,10000.0,-73.9314193725586,,1.3201290369033813,2.0856063989221245,,1.0,0.9277348518371582,
15.434074401855469,1790070964.23024,,1141,,0.8150637149810791,4730.34467922,10000.0,-74.46208953857422,,1.3497490882873535,2.5958064899998003,,1.0,0.9274736642837524,
15.39831256866455,1790070968.343288,,1142,,0.8158423900604248,4734.622156641,10000.0,-73.01335144042969,,1.414414882659912,3.307260786280131,,1.0,0.9254171848297119,
14.864858627319336,1790070972.620755,,1143,,0.8174028992652893,4738.718394349,10000.0,-74.3996353149414,,1.3631837368011475,2.470734862518022,,1.0,0.9282957315444946,
14.892034530639648,1790070976.7170937,,1144,,0.81479811668396,4742.845245551,10000.0,-73.9374771118164,,1.355181097984314,2.028287605893967,,1.0,0.9276769161224365,
14.927515029907227,1790070980.843916,,1145,,0.8120365738868713,4746.96736165,10000.0,-73.83650207519531,,1.363049030303955,2.946679273296202,,1.0,0.9283746480941772,
15.436795234680176,1790070984.9660022,,1146,,0.814470112323761,4751.101259,10000.0,-73.81320190429688,,1.3394094705581665,2.589889488108388,,1.0,0.9280557036399841,
15.202995300292969,1790070989.099803,,1147,,0.8137988448143005,4755.224910191,10000.0,-73.29367065429688,,1.35294508934021,2.496440202289293,,1.0,0.9284215569496155,
14.692452430725098,1790070993.2236185,,1148,,0.8152586221694946,4759.339315825,10000.0,-72.71062469482422,,1.443520188331604,3.342057538464195,,1.0,0.9269545674324036,
14.060179710388184,1790070997.3380065,,1149,,0.8162969946861267,4763.600435705,10000.0,-72.8295669555664,,1.3674595355987549,2.6877065438432695,,1.0,0.9271640181541443,
13.952350616455078,1790071001.5990775,,1150,,0.8148030638694763,4767.727567668,10000.0,-72.61006164550781,,1.3821371793746948,2.7072692048803377,,1.0,0.9280978441238403,
14.071524620056152,1790071005.7262113,,1151,,0.8140683174133301,4771.842713379,10000.0,-72.64434814453125,,1.3529597520828247,2.830353919396654,,1.0,0.9272765517234802,
14.494080543518066,1790071009.8413875,,1152,,0.8142997026443481,4775.987602753,10000.0,-71.94402313232422,,1.3761361837387085,2.9171475832101126,,1.0,0.9269397854804993,
14.795635223388672,1790071013.9862523,,1153,,0.8155258297920227,4780.128748384,10000.0,-72.65679931640625,,1.3674299716949463,2.06264123197192,,1.0,0.9263723492622375,
14.52828598022461,1790071018.1274161,,1154,,0.8169233798980713,4784.267086749,10000.0,-72.54268646240234,,1.34676194190979,2.271822297671144,,1.0,0.9288237690925598,
14.741734504699707,1790071022.2657535,,1155,,0.818129301071167,4788.416916834,10000.0,-72.23580932617188,,1.3601189851760864,2.820516066620497,,1.0,0.9272744059562683,
14.620064735412598,1790071026.4155715,,1156,,0.8166528344154358,4792.654976555,10000.0,-72.30459594726562,,1.363822340965271,1.8760445954807625,,1.0,0.9272428154945374,
14.329115867614746,1790071030.653644,,1157,,0.8175578117370605,4796.803106243,10000.0,-72.65027618408203,,1.3810398578643799,2.514349603176241,,1.0,0.9265673160552979,
14.470202445983887,1790071034.801745,,1158,,0.8148983716964722,4800.947530962,10000.0,-72.36649322509766,,1.3878464698791504,3.1961714791258284,,1.0,0.9263995289802551,
14.131946563720703,1790071038.9461987,,1159,,0.8159735202789307,4805.075719517,10000.0,-72.7049789428711,,1.4128761291503906,3.1089012599334254,,1.0,0.9276411533355713,
13.868376731872559,1790071043.0744064,,1160,,0.8189348578453064,4809.224363654,10000.0,-72.40814208984375,,1.382583737373352,2.8703910817411966,,1.0,0.9276795983314514,
13.657754898071289,1790071047.2230163,,1161,,0.8179307579994202,4813.370816832,10000.0,-72.48005676269531,,1.3674683570861816,2.8039583280771048,,1.0,0.9277694821357727,
14.075409889221191,1790071051.3694656,,1162,,0.8153507113456726,4817.501509793,10000.0,-72.72869110107422,,1.352030634880066,2.4639484353641774,,1.0,0.9273156523704529,
14.73341178894043,1790071055.5001533,,1163,,0.8159141540527344,4821.637139852,10000.0,-72.29483032226562,,1.3464176654815674,3.4770819194235445,,1.0,0.9275949597358704,
14.795989036560059,1790071059.6357903,,1164,,0.8119904398918152,4825.939444822,10000.0,-72.53506469726562,,1.363187313079834,3.6584673887243118,,1.0,0.9267417192459106,
14.96114730834961,1790071063.938076,,1165,,0.8146867156028748,4830.076783957,10000.0,-72.54414367675781,,1.3548457622528076,2.6336258313835876,,1.0,0.9276171326637268,
14.769486427307129,1790071068.07545,,1166,,0.8155141472816467,4834.216797982,10000.0,-72.63130950927734,,1.332435965538025,2.3772397039820397,,1.0,0.9284275770187378,
14.525550842285156,1790071072.2154367,,1167,,0.8173621296882629,4838.372069742,10000.0,-72.41402435302734,,1.3684521913528442,2.723275055980066,,1.0,0.9276115894317627,
14.500731468200684,1790071076.3707383,,1168,,0.8156032562255859,4842.535943167,10000.0,-72.93785858154297,,1.3872435092926025,2.2141107185749,,1.0,0.9262190461158752,
14.66081428527832,1790071080.5346003,,1169,,0.8194103240966797,4846.676212536,10000.0,-72.4627456665039,,1.384365439414978,2.8014417879802447,,1.0,0.9275475144386292,
14.503693580627441,1790071084.6748981,,1170,,0.8199530839920044,4850.814608229,10000.0,-73.1404800415039,,1.3860783576965332,2.765489029582885,,1.0,0.9265852570533752,
14.504687309265137,1790071088.8132641,,1171,,0.8220946788787842,4855.107131253,10000.0,-73.1403579711914,,1.3904417753219604,3.0487460947317375,,1.0,0.9268150329589844,
14.670781135559082,1790071093.1057756,,1172,,0.8164446949958801,4859.241967339,10000.0,-73.2552261352539,,1.3920636177062988,3.153182946876831,,1.0,0.9277651309967041,
14.890844345092773,1790071097.2406292,,1173,,0.8185683488845825,4863.379033915,10000.0,-73.34959411621094,,1.4059988260269165,2.4028928504362916,,1.0,0.9269680976867676,
14.803314208984375,1790071101.3776956,,1174,,0.8175356984138489,4867.502264404,10000.0,-73.07498168945312,,1.3562939167022705,2.6984045903597127,,1.0,0.9277938008308411,
14.941821098327637,1790071105.500926,,1175,,0.8175885677337646,4871.647150246,10000.0,-73.66315460205078,,1.3735358715057373,2.6253773954321105,,1.0,0.9279453158378601,
14.883506774902344,1790071109.645815,,1176,,0.8177369832992554,4875.796088262,10000.0,-73.2917251586914,,1.4186134338378906,2.4012491026712586,,1.0,0.9268330931663513,
14.924839973449707,1790071113.7947543,,1177,,0.8152534365653992,4879.92267944,10000.0,-73.38816833496094,,1.3862866163253784,2.3590142260235307,,1.0,0.9276610016822815,
14.558432579040527,1790071117.921362,,1178,,0.8184610605239868,4884.198972951,10000.0,-73.17115020751953,,1.3765324354171753,2.13108252267069,,1.0,0.92701256275177,
14.800080299377441,1790071122.1976275,,1179,,0.8148536682128906,4888.35849136,10000.0,-73.33038330078125,,1.38767671585083,2.6775838748994856,,1.0,0.9272834062576294,
14.676706314086914,1790071126.357143,,1180,,0.8158813714981079,4892.483909481,10000.0,-72.94915008544922,,1.3842484951019287,2.187419126597013,,1.0,0.9263182878494263,
14.476021766662598,1790071130.4825072,,1181,,0.8177757263183594,4896.626831631,10000.0,-73.13317108154297,,1.4120177030563354,2.652570760223114,,1.0,0.9274969696998596,
14.606549263000488,1790071134.6254923,,1182,,0.8177928328514099,4900.76996034,10000.0,-73.04474639892578,,1.3967254161834717,3.2014204502908283,,1.0,0.9285324811935425,
14.67190170288086,1790071138.7686257,,1183,,0.8171595931053162,4904.933040044,10000.0,-73.66363525390625,,1.3947519063949585,2.1109231474974743,,1.0,0.9270434379577637,
14.066766738891602,1790071142.9317129,,1184,,0.8198880553245544,4909.111995436,10000.0,-73.52593994140625,,1.412815809249878,2.7787288549768965,,1.0,0.9276894927024841,
13.994739532470703,1790071147.1106515,,1185,,0.8180141448974609,4913.262218701,10000.0,-73.52078247070312,,1.3817698955535889,2.6081702938179867,,1.0,0.9273416996002197,
14.062880516052246,1790071151.2608647,,1186,,0.8189041614532471,4917.530997795,10000.0,-72.65022277832031,,1.3819323778152466,2.6212091556536854,,1.0,0.9279112815856934,
13.783099174499512,1790071155.5296519,,1187,,0.8188695311546326,4921.665556472,10000.0,-72.93998718261719,,1.3635880947113037,2.3186771679006553,,1.0,0.9285486340522766,
13.898760795593262,1790071159.66425,,1188,,0.8186262249946594,4925.818971053,10000.0,-72.86016082763672,,1.3605835437774658,2.5159861579462235,,1.0,0.9281606078147888,
14.12695598602295,1790071163.817633,,1189,,0.8202283978462219,4929.941700041,10000.0,-72.60700225830078,,1.4179701805114746,2.5390555873193397,,1.0,0.9280208349227905,
14.287632942199707,1790071167.9403539,,1190,,0.8155620694160461,4934.064876602,10000.0,-73.1498794555664,,1.389411449432373,2.777311941101604,,1.0,0.9254268407821655,
14.339127540588379,1790071172.0635228,,1191,,0.818406879901886,4938.205167506,10000.0,-73.07003021240234,,1.3885526657104492,3.269698679440256,,1.0,0.9278660416603088,
13.908841133117676,1790071176.2038336,,1192,,0.815839409828186,4942.353977942,10000.0,-73.45877838134766,,1.401452898979187,2.3654362377498415,,1.0,0.926638662815094,
13.625086784362793,1790071180.352584,,1193,,0.8159286975860596,4946.625656247,10000.0,-71.61675262451172,,1.418654203414917,2.748603749224036,,1.0,0.9270599484443665,
13.620020866394043,1790071184.6243112,,1194,,0.8164781928062439,4950.760041382,10000.0,-72.7656021118164,,1.3843982219696045,2.846262520134067,,1.0,0.9270289540290833,
13.858877182006836,1790071188.758706,,1195,,0.8167575597763062,4954.900446553,10000.0,-73.0555648803711,,1.3665745258331299,2.7314001280945943,,1.0,0.9293869137763977,
13.761666297912598,1790071192.8991091,,1196,,0.8155762553215027,4959.0349377,10000.0,-73.23689270019531,,1.39036226272583,3.5118870782600253,,1.0,0.9276825189590454,
13.227873802185059,1790071197.0336132,,1197,,0.8169238567352295,4963.185744692,10000.0,-73.35850524902344,,1.4566422700881958,2.358894018871457,,1.0,0.9267987608909607,
12.974506378173828,1790071201.1844137,,1198,,0.8152931332588196,4967.356826719,10000.0,-73.38174438476562,,1.4200721979141235,3.113969888574832,,1.0,0.9264713525772095,
13.054041862487793,1790071205.3554642,,1199,,0.8166368007659912,4971.547503574,10000.0,-73.84239959716797,,1.3765202760696411,2.912251127514644,,1.0,0.9274885058403015,
13.525429725646973,1790071209.5460603,,1200,,0.8200129866600037,4975.842492959,10000.0,-73.293212890625,,1.380120038986206,3.3394838741711363,,1.0,0.9286566376686096,
13.237421035766602,1790071213.841111,,1201,,0.82109534740448,4980.001377432,10000.0,-73.77107238769531,,1.3735913038253784,1.9318707489479678,,1.0,0.9292261004447937,
13.379737854003906,1790071218.000025,,1202,,0.8160726428031921,4984.150885589,10000.0,-74.10118865966797,,1.3714655637741089,2.3633843285871343,,1.0,0.9265959858894348,
13.796062469482422,1790071222.149545,,1203,,0.8180106282234192,4988.302324296,10000.0,-73.98139953613281,,1.3811602592468262,2.8715405792991513,,1.0,0.9285106658935547,
13.123943328857422,1790071226.3009615,,1204,,0.8157280087471008,4992.423167055,10000.0,-73.8750228881836,,1.3859875202178955,3.713255382303967,,1.0,0.9277343153953552,
13.543130874633789,1790071230.4217567,,1205,,0.8132089376449585,4996.587584751,10000.0,-73.4449691772461,,1.3788321018218994,2.56903804533962,,1.0,0.9272291660308838,
13.4542818069458,1790071234.5862398,,1206,,0.815182089805603,5000.758422443,10000.0,-73.18883514404297,,1.401069164276123,2.418977388483567,,1.0,0.9271571636199951,
13.839695930480957,1790071238.7570665,,1207,,0.8174868822097778,5004.908494376,10000.0,-74.0438461303711,,1.3632649183273315,2.394382845346472,,1.0,0.9273106455802917,
13.835487365722656,1790071242.9071503,,1208,,0.8131697773933411,5009.287028605,10000.0,-73.87239074707031,,1.3930188417434692,2.636788445465482,,1.0,0.9274295568466187,
13.960086822509766,1790071247.2856402,,1209,,0.8165831565856934,5013.478317918,10000.0,-73.38517761230469,,1.3829522132873535,3.5064987582351437,,1.0,0.9279961585998535,
13.499878883361816,1790071251.4769788,,1210,,0.813587486743927,5017.6583712,10000.0,-73.04147338867188,,1.4058051109313965,2.769498574980287,,1.0,0.9277714490890503,
13.669337272644043,1790071255.6569734,,1211,,0.8172536492347717,5021.826564934,10000.0,-72.55150604248047,,1.3723571300506592,2.3420786319928975,,1.0,0.9271240830421448,
13.557058334350586,1790071259.8252172,,1212,,0.8214024901390076,5025.999589532,10000.0,-72.93089294433594,,1.4308857917785645,2.2669318870338593,,1.0,0.9276174306869507,
13.371646881103516,1790071263.9982345,,1213,,0.8194241523742676,5030.178453911,10000.0,-73.75718688964844,,1.4027378559112549,2.8992071501469874,,1.0,0.926618218421936,
13.136957168579102,1790071268.1771026,,1214,,0.8162180185317993,5034.326868432,10000.0,-73.40220642089844,,1.3799089193344116,2.352774500842917,,1.0,0.9274539947509766,
13.464407920837402,1790071272.3255022,,1215,,0.8216705322265625,5038.633742083,10000.0,-72.9324722290039,,1.3819329738616943,2.2331597453934076,,1.0,0.9296634793281555,
13.657008171081543,1790071276.632354,,1216,,0.8133062124252319,5042.797759907,10000.0,-72.74260711669922,,1.4085452556610107,2.317140582490149,,1.0,0.9269112348556519,
13.367040634155273,1790071280.7964194,,1217,,0.8121152520179749,5046.935835334,10000.0,-73.13959503173828,,1.3926048278808594,2.6135403196445197,,1.0,0.9265379905700684,
13.69459342956543,1790071284.934466,,1218,,0.8197858929634094,5051.10429407,10000.0,-73.6080093383789,,1.3614776134490967,2.3320605834965398,,1.0,0.9282681345939636,
13.48050308227539,1790071289.102921,,1219,,0.8163236379623413,5055.270908138,10000.0,-73.7782211303711,,1.375959873199463,2.5144941124085864,,1.0,0.9268853068351746,
13.331635475158691,1790071293.269569,,1220,,0.8154242634773254,5059.442025466,10000.0,-73.48348999023438,,1.3920907974243164,2.1825643091425637,,1.0,0.9262889623641968,
13.370536804199219,1790071297.4406903,,1221,,0.8189203143119812,5063.614577638,10000.0,-73.33531951904297,,1.4013818502426147,2.2275933894457602,,1.0,0.9279405474662781,
13.194807052612305,1790071301.6132174,,1222,,0.8179429769515991,5067.929315312,10000.0,-73.27754211425781,,1.3886147737503052,2.7909729213138927,,1.0,0.9283615946769714,
13.574197769165039,1790071305.9279377,,1223,,0.8164403438568115,5072.084552964,10000.0,-73.54631042480469,,1.3948276042938232,2.8004241189824586,,1.0,0.9264692068099976,
13.358460426330566,1790071310.0832238,,1224,,0.8164491057395935,5076.239889138,10000.0,-74.12290954589844,,1.382543921470642,2.642115721177575,,1.0,0.9266567230224609,
13.783358573913574,1790071314.23852,,1225,,0.817338228225708,5080.414656559,10000.0,-74.72030639648438,,1.3607933521270752,2.9268389570455864,,1.0,0.9291777014732361,
13.93641471862793,1790071318.4132843,,1226,,0.8205956816673279,5084.565321327,10000.0,-75.29932403564453,,1.3678696155548096,2.7502585925341014,,1.0,0.9278642535209656,
13.982810974121094,1790071322.5639598,,1227,,0.8150237202644348,5088.73646731,10000.0,-74.6842269897461,,1.3911864757537842,2.7418667285522256,,1.0,0.9276418089866638,
13.70435905456543,1790071326.7351298,,1228,,0.8152198195457458,5092.918939366,10000.0,-75.18901062011719,,1.3807494640350342,2.825362828467181,,1.0,0.9265096187591553,
13.740094184875488,1790071330.9175677,,1229,,0.815238356590271,5097.088420526,10000.0,-75.4842758178711,,1.376590371131897,2.470788390527064,,1.0,0.9290998578071594,
13.556809425354004,1790071335.087068,,1230,,0.8124857544898987,5101.406262705,10000.0,-74.59367370605469,,1.3623842000961304,2.151647447392053,,1.0,0.9281232357025146,
13.38105583190918,1790071339.4048436,,1231,,0.8191226720809937,5105.567759137,10000.0,-74.50743103027344,,1.381371259689331,2.0944318420553736,,1.0,0.9266145825386047,
13.561147689819336,1790071343.5663638,,1232,,0.8123363256454468,5109.715586166,10000.0,-74.6274185180664,,1.3710850477218628,3.274647457090704,,1.0,0.9265902638435364,
13.495953559875488,1790071347.7142375,,1233,,0.816984236240387,5113.890973394,10000.0,-74.42478942871094,,1.4042716026306152,2.5396892420007933,,1.0,0.9275005459785461,
13.93669319152832,1790071351.889587,,1234,,0.818982720375061,5118.03609756,10000.0,-74.79618835449219,,1.3800554275512695,2.977666338315629,,1.0,0.9281577467918396,
13.779766082763672,1790071356.0347233,,1235,,0.8143479824066162,5122.198488965,10000.0,-74.42776489257812,,1.3694818019866943,2.6772787936075146,,1.0,0.9272017478942871,
13.239911079406738,1790071360.1971424,,1236,,0.8179841041564941,5126.363784852,10000.0,-75.17817687988281,,1.377150058746338,2.1598693290749083,,1.0,0.9273627996444702,
13.369253158569336,1790071364.36243,,1237,,0.8132131099700928,5130.668826449,10000.0,-75.08865356445312,,1.3732311725616455,3.1846600199939745,,1.0,0.9273223280906677,
13.031689643859863,1790071368.667455,,1238,,0.8174136281013489,5134.821936983,10000.0,-75.0068588256836,,1.3576501607894897,2.8464764149267503,,1.0,0.928061306476593,
13.177220344543457,1790071372.8205879,,1239,,0.8140977621078491,5138.988927901,10000.0,-74.50513458251953,,1.4246281385421753,3.1503625537571898,,1.0,0.9266244769096375,
13.174342155456543,1790071376.9875638,,1240,,0.8127119541168213,5143.153906246,10000.0,-74.89473724365234,,1.3960485458374023,2.7363156475358714,,1.0,0.9259984493255615,
13.088680267333984,1790071381.1525545,,1241,,0.8170296549797058,5147.286289992,10000.0,-75.07882690429688,,1.3809231519699097,3.1041249230560646,,1.0,0.9272480607032776,
13.337906837463379,1790071385.284952,,1242,,0.8162972331047058,5151.443227551,10000.0,-75.38336944580078,,1.3896255493164062,2.118345313638252,,1.0,0.927844226360321,
13.258434295654297,1790071389.4418752,,1243,,0.8158026933670044,5155.587182992,10000.0,-74.53001403808594,,1.3885602951049805,2.066258131492754,,1.0,0.9281092882156372,
13.092741966247559,1790071393.5858326,,1244,,0.817029595375061,5159.878496399,10000.0,-74.40164184570312,,1.3994195461273193,2.513205215400457,,1.0,0.9264317154884338,
13.375064849853516,1790071397.8771315,,1245,,0.8131921291351318,5164.027306286,10000.0,-74.13507843017578,,1.3941144943237305,2.2696302962934234,,1.0,0.9273993968963623,
13.127176284790039,1790071402.0259697,,1246,,0.8167077898979187,5168.160040811,10000.0,-73.54228210449219,,1.3988276720046997,2.2672152927168767,,1.0,0.9273213148117065,
12.790980339050293,1790071406.1586845,,1247,,0.8167999386787415,5172.330643954,10000.0,-74.47237396240234,,1.3879295587539673,2.897236173472542,,1.0,0.9283367991447449,
13.012646675109863,1790071410.329253,,1248,,0.8186174035072327,5176.479515377,10000.0,-73.9259033203125,,1.3902387619018555,2.2273677966254146,,1.0,0.9272098541259766,
12.931560516357422,1790071414.4781704,,1249,,0.8175874352455139,5180.6482598,10000.0,-73.88412475585938,,1.3993409872055054,2.529320170062166,,1.0,0.9273951053619385,
12.837076187133789,1790071418.6469073,,1250,,0.8184874057769775,5184.831679358,10000.0,-74.95752716064453,,1.3685500621795654,2.339982104819283,,1.0,0.9285224676132202,
12.806629180908203,1790071422.8302996,,1251,,0.8173330426216125,5189.129281379,10000.0,-74.04054260253906,,1.3977453708648682,1.8878345797507343,,1.0,0.9266517758369446,
12.806421279907227,1790071427.1278949,,1252,,0.816824734210968,5193.29347588,10000.0,-73.7557144165039,,1.4014052152633667,3.2836075604703003,,1.0,0.9269164204597473,
12.953556060791016,1790071431.2921336,,1253,,0.8177652955055237,5197.456066797,10000.0,-74.36405181884766,,1.3846561908721924,2.3643509262368028,,1.0,0.9279534220695496,
13.023822784423828,1790071435.454713,,1254,,0.8155766129493713,5201.623333902,10000.0,-73.3760757446289,,1.4115185737609863,2.706678398761859,,1.0,0.9280098676681519,
12.91122055053711,1790071439.6219828,,1255,,0.8100590705871582,5205.793471807,10000.0,-73.34051513671875,,1.3950064182281494,2.898955979683292,,1.0,0.9262874126434326,
12.964591026306152,1790071443.7921371,,1256,,0.8163961172103882,5209.940852335,10000.0,-73.54088592529297,,1.3838671445846558,2.0195230598837712,,1.0,0.9269639849662781,
13.197778701782227,1790071447.9394855,,1257,,0.8153150677680969,5214.098373338,10000.0,-73.17093658447266,,1.3866459131240845,3.1294769512597664,,1.0,0.9274289011955261,
13.288421630859375,1790071452.0970025,,1258,,0.8167225122451782,5218.390034188,10000.0,-73.43181610107422,,1.3498191833496094,2.2943189633390855,,1.0,0.9282251000404358,
13.157349586486816,1790071456.3886867,,1259,,0.8161209225654602,5222.562410818,10000.0,-73.77765655517578,,1.35744309425354,2.0617666377566892,,1.0,0.928798496723175,
13.368308067321777,1790071460.5610757,,1260,,0.8141903877258301,5226.718104775,10000.0,-73.45187377929688,,1.3330732583999634,2.188669973596361,,1.0,0.9273279309272766,
12.733124732971191,1790071464.7166893,,1261,,0.8188100457191467,5230.884729034,10000.0,-73.59135437011719,,1.3933851718902588,3.1222937756262694,,1.0,0.9288715124130249,
12.768379211425781,1790071468.8833313,,1262,,0.815046489238739,5235.060475659,10000.0,-73.36772155761719,,1.3764066696166992,2.5670750574144834,,1.0,0.926378607749939,
12.433919906616211,1790071473.05913,,1263,,0.8215704560279846,5239.20079956,10000.0,-73.60272979736328,,1.359879493713379,2.343784576502326,,1.0,0.9288052320480347,
12.392913818359375,1790071477.1993768,,1264,,0.8178588151931763,5243.332131461,10000.0,-72.87091064453125,,1.3625283241271973,3.219980898822486,,1.0,0.9271969795227051,
12.930839538574219,1790071481.3307595,,1265,,0.8154861330986023,5247.463023052,10000.0,-73.31063842773438,,1.3758355379104614,2.0726442041360826,,1.0,0.9269430041313171,
12.997156143188477,1790071485.4617038,,1266,,0.8141922950744629,5251.723846731,10000.0,-74.31647491455078,,1.3591957092285156,2.750103286259062,,1.0,0.9269955158233643,
12.84703254699707,1790071489.7225242,,1267,,0.8155542016029358,5255.895122623,10000.0,-73.75084686279297,,1.3659878969192505,2.871444909686229,,1.0,0.9273298382759094,
12.802441596984863,1790071493.8937905,,1268,,0.8152714371681213,5260.056660201,10000.0,-74.99890899658203,,1.3355251550674438,3.022120734929969,,1.0,0.9292171597480774,
12.606080055236816,1790071498.0552888,,1269,,0.8204743266105652,5264.224184549,10000.0,-74.7973861694336,,1.3478072881698608,2.6706288278469406,,1.0,0.9275939464569092,
12.168917655944824,1790071502.2228353,,1270,,0.8151882290840149,5268.368955679,10000.0,-75.18119812011719,,1.3446297645568848,3.204585846593009,,1.0,0.9279683828353882,
12.401208877563477,1790071506.3676155,,1271,,0.8187111020088196,5272.504305073,10000.0,-74.94169616699219,,1.366762399673462,2.7485105670334637,,1.0,0.9281420111656189,
12.208045959472656,1790071510.5029573,,1272,,0.8156518340110779,5276.653902849,10000.0,-74.07673645019531,,1.3362308740615845,2.6445305514709623,,1.0,0.9272485375404358,
12.537958145141602,1790071514.652541,,1273,,0.8195083141326904,5280.960357236,10000.0,-74.22980499267578,,1.3553040027618408,2.7267099226568035,,1.0,0.929216206073761,
12.167680740356445,1790071518.9589822,,1274,,0.8187100291252136,5285.127662577,10000.0,-73.38481140136719,,1.360705852508545,2.390578191116181,,1.0,0.9280344247817993,
12.209097862243652,1790071523.1263006,,1275,,0.817915678024292,5289.286991478,10000.0,-71.22846984863281,,1.3817591667175293,2.3937033048349496,,1.0,0.9281809329986572,
12.4911470413208,1790071527.28563,,1276,,0.8138281106948853,5293.436222654,10000.0,-72.99777221679688,,1.3565891981124878,2.0516984372986955,,1.0,0.9271592497825623,
12.592930793762207,1790071531.4348423,,1277,,0.8174035549163818,5297.604372784,10000.0,-73.49038696289062,,1.3608746528625488,2.0889539711043947,,1.0,0.9273950457572937,
12.627967834472656,1790071535.603026,,1278,,0.8177416920661926,5301.771774523,10000.0,-73.59877014160156,,1.358070969581604,3.0801078861145017,,1.0,0.9277170300483704,
12.204957008361816,1790071539.77041,,1279,,0.8136718273162842,5305.967072725,10000.0,-73.2242660522461,,1.3490458726882935,2.5372913564267807,,1.0,0.9274493455886841,
12.142943382263184,1790071543.965722,,1280,,0.8152541518211365,5310.310866258,10000.0,-73.08633422851562,,1.370193362236023,2.133100433121109,,1.0,0.9273040294647217,
12.026802062988281,1790071548.3095071,,1281,,0.8120107054710388,5314.479623418,10000.0,-72.5599594116211,,1.3686416149139404,2.4048655562817327,,1.0,0.9266705513000488,
12.013854026794434,1790071552.4782643,,1282,,0.8145048022270203,5318.634240754,10000.0,-72.57417297363281,,1.3367364406585693,2.745932544002378,,1.0,0.9280422925949097,
12.322093963623047,1790071556.6328933,,1283,,0.8138790130615234,5322.781329652,10000.0,-72.8297348022461,,1.3554152250289917,2.966927408549259,,1.0,0.9279593825340271,
12.061117172241211,1790071560.779965,,1284,,0.8149451613426208,5326.933253569,10000.0,-72.86405181884766,,1.3478789329528809,2.455160565631334,,1.0,0.9290706515312195,
11.735465049743652,1790071564.9319189,,1285,,0.8163899779319763,5331.067278435,10000.0,-72.7402114868164,,1.3574436902999878,2.5060780633781885,,1.0,0.9276197552680969,
11.991639137268066,1790071569.0659163,,1286,,0.8144755363464355,5335.23111739,10000.0,-72.15213012695312,,1.3514126539230347,3.0733257824290843,,1.0,0.9281627535820007,
11.878762245178223,1790071573.2297382,,1287,,0.8115842938423157,5339.369122144,10000.0,-72.56331634521484,,1.3365038633346558,2.659857244518548,,1.0,0.9267826080322266,
11.95849609375,1790071577.3677957,,1288,,0.8230953812599182,5343.689529164,10000.0,-71.9931411743164,,1.5071821212768555,2.585607896704453,,1.0,0.9274609088897705,
12.161420822143555,1790071581.6881473,,1289,,0.8157514929771423,5347.836199567,10000.0,-72.36582946777344,,1.3573310375213623,3.7013872935778864,,1.0,0.929257869720459,
12.102507591247559,1790071585.8348763,,1290,,0.817192018032074,5351.970769763,10000.0,-72.39736938476562,,1.3916831016540527,2.8569198466921946,,1.0,0.9277226328849792,
12.073390007019043,1790071589.9693992,,1291,,0.8133798241615295,5356.088104198,10000.0,-72.42367553710938,,1.3788423538208008,3.495457115975816,,1.0,0.9273095726966858,
12.283791542053223,1790071594.0867755,,1292,,0.814248263835907,5360.177696593,10000.0,-72.8094253540039,,1.3664838075637817,2.564023520093371,,1.0,0.9281684756278992,
12.201581001281738,1790071598.1763022,,1293,,0.8162647485733032,5364.266927232,10000.0,-73.53666687011719,,1.355471134185791,2.396281912622889,,1.0,0.9281217455863953,
11.924683570861816,1790071602.2655807,,1294,,0.8186924457550049,5368.411973339,10000.0,-73.59500885009766,,1.4359698295593262,2.5272884342369237,,1.0,0.9287277460098267,
11.686232566833496,1790071606.4106245,,1295,,0.8172510266304016,5372.667848495,10000.0,-72.53397369384766,,1.354332685470581,2.0493860755447852,,1.0,0.928872287273407,
11.182289123535156,1790071610.6664639,,1296,,0.8140296936035156,5376.755928937,10000.0,-72.9405288696289,,1.3817421197891235,2.6622438584822965,,1.0,0.9274227023124695,
11.571998596191406,1790071614.754533,,1297,,0.8117875456809998,5380.896039537,10000.0,-72.85765838623047,,1.370888113975525,2.845532421012514,,1.0,0.926401674747467,
11.859362602233887,1790071618.8946831,,1298,,0.8149240016937256,5384.997410719,10000.0,-73.08959197998047,,1.4238042831420898,3.4480196375751797,,1.0,0.9277510046958923,
11.744392395019531,1790071703.1769035,,1299,0.23987019163087084,0.8109988570213318,5466.811683621,10000.0,-73.32345581054688,0.002542030542201226,1.3611743450164795,2.530537037426902,0.5230944156646729,1.0,0.9273073673248291,
,1790071704.8104172,0.5959184765815735,1300,,,5468.537197125,,,,,,,,,10000.0
,1790071706.5359566,0.5951593518257141,1301,,,5470.072104706,,,,,,,,,10000.0
,1790071708.0708258,0.5962855815887451,1302,,,5471.621859488,,,,,,,,,10000.0
,1790071709.6205628,0.5925037860870361,1303,,,5473.173244937,,,,,,,,,10000.0
,1790071711.1719007,0.5935030579566956,1304,,,5474.710901775,,,,,,,,,10000.0
,1790071712.709672,0.5939199328422546,1305,,,5476.265692718,,,,,,,,,10000.0
,1790071714.2644374,0.5929666757583618,1306,,,5477.824990956,,,,,,,,,10000.0
,1790071715.8236852,0.590944230556488,1307,,,5479.379799319,,,,,,,,,10000.0
,1790071717.378541,0.5900006294250488,1308,,,5480.925309587,,,,,,,,,10000.0
,1790071718.924065,0.5878015756607056,1309,,,5482.474305141,,,,,,,,,10000.0
,1790071720.4730825,0.5900300145149231,1310,,,5484.03634244,,,,,,,,,10000.0
,1790071722.0351276,0.5864954590797424,1311,,,5485.761360195,,,,,,,,,10000.0
,1790071723.7601357,0.5846440196037292,1312,,,5487.296075834,,,,,,,,,10000.0
,1790071725.29485,0.5814476609230042,1313,,,5488.841973563,,,,,,,,,10000.0
,1790071726.8406897,0.5821035504341125,1314,,,5490.405368564,,,,,,,,,10000.0
,1790071728.404064,0.5809165835380554,1315,,,5491.945458901,,,,,,,,,10000.0
,1790071729.9442072,0.5804544687271118,1316,,,5493.512258767,,,,,,,,,10000.0
,1790071731.5110178,0.5775532722473145,1317,,,5495.229826425,,,,,,,,,10000.0
,1790071733.2285638,0.5782414078712463,1318,,,5496.786322825,,,,,,,,,10000.0
,1790071734.7849972,0.580427885055542,1319,,,5500.905856365,,,,,,,,,10000.0
12.188425064086914,1790071738.9044623,,1320,,0.8137205243110657,5505.051871587,10000.0,-73.73834228515625,,1.3970446586608887,3.059940019084709,,1.0,0.9269953370094299,
12.028251647949219,1790071743.050516,,1321,,0.8125065565109253,5509.190789542,10000.0,-73.6380615234375,,1.3945930004119873,2.393738904063412,,1.0,0.9282352328300476,
12.21908187866211,1790071747.1895099,,1322,,0.8134250640869141,5513.318630728,10000.0,-73.8331298828125,,1.3663400411605835,2.288596425106229,,1.0,0.927675724029541,
12.107809066772461,1790071751.317295,,1323,,0.811939537525177,5517.460966945,10000.0,-73.95071411132812,,1.3785183429718018,2.2832078965083644,,1.0,0.9262965321540833,
12.170039176940918,1790071755.4596128,,1324,,0.813991904258728,5521.592731987,10000.0,-73.60968017578125,,1.3658496141433716,2.851783229956953,,1.0,0.9273615479469299,
12.0626220703125,1790071759.5912812,,1325,,0.8127007484436035,5525.951891475,10000.0,-73.6816635131836,,1.3729428052902222,2.97772829849658,,1.0,0.9276096224784851,
12.315474510192871,1790071763.950541,,1326,,0.8141956925392151,5530.113932995,10000.0,-73.64948272705078,,1.3706876039505005,2.3262774129198234,,1.0,0.9282680749893188,
12.464786529541016,1790071768.112591,,1327,,0.8142452836036682,5534.246286219,10000.0,-73.05461120605469,,1.3488520383834839,2.4131939091738883,,1.0,0.9273422360420227,
12.368322372436523,1790071772.2449496,,1328,,0.813107967376709,5538.400987368,10000.0,-73.83433532714844,,1.3179680109024048,2.2613962971244157,,1.0,0.9277915954589844,
12.307622909545898,1790071776.3996305,,1329,,0.810171365737915,5542.531230478,10000.0,-73.54747772216797,,1.3585946559906006,2.9554792431927206,,1.0,0.9270592331886292,
12.500690460205078,1790071780.5299087,,1330,,0.8094433546066284,5546.679683894,10000.0,-73.66517639160156,,1.3215564489364624,2.9050730070736295,,1.0,0.9279205799102783,
12.346390724182129,1790071784.6783516,,1331,,0.8111636638641357,5550.808187778,10000.0,-73.2203140258789,,1.3397200107574463,2.4321460017771903,,1.0,0.9286036491394043,
12.109108924865723,1790071788.8068445,,1332,,0.8129174709320068,5555.096921219,10000.0,-74.00640869140625,,1.3634848594665527,2.5759713455774773,,1.0,0.927378237247467,
12.197470664978027,1790071793.095616,,1333,,0.8126073479652405,5559.222090466,10000.0,-73.58078002929688,,1.335971474647522,2.4921331343987636,,1.0,0.9274148344993591,
12.127755165100098,1790071797.220727,,1334,,0.8115923404693604,5563.352087155,10000.0,-73.33880615234375,,1.3303195238113403,2.4000509736307487,,1.0,0.9280714988708496,
12.078600883483887,1790071801.350759,,1335,,0.8139790296554565,5567.495306954,10000.0,-73.55850219726562,,1.3650797605514526,2.4224670761009444,,1.0,0.926166832447052,
12.133624076843262,1790071805.4938781,,1336,,0.8164123296737671,5571.619954842,10000.0,-73.19306945800781,,1.3665002584457397,2.774275848352381,,1.0,0.9275738000869751,
12.327310562133789,1790071809.6186182,,1337,,0.8187857270240784,5575.744079563,10000.0,-73.05148315429688,,1.3410550355911255,2.802492623057125,,1.0,0.9291629195213318,
12.501203536987305,1790071813.7427506,,1338,,0.8155106902122498,5579.894209231,10000.0,-73.06063842773438,,1.3483338356018066,2.7111068856839067,,1.0,0.9273295402526855,
12.643885612487793,1790071817.8928673,,1339,,0.8173167705535889,5584.213894659,10000.0,-73.47976684570312,,1.3406909704208374,2.6691318712619077,,1.0,0.9282834529876709,
12.85306167602539,1790071822.2125864,,1340,,0.8155103325843811,5588.346257006,10000.0,-74.01997375488281,,1.3414764404296875,2.988493490873972,,1.0,0.9279296398162842,
12.563050270080566,1790071826.3449624,,1341,,0.8170508742332458,5592.464105902,10000.0,-74.09126281738281,,1.3256832361221313,2.173181438795336,,1.0,0.9282098412513733,
12.686049461364746,1790071830.462761,,1342,,0.8155087828636169,5596.620356984,10000.0,-74.63504028320312,,1.330064058303833,2.434283094764737,,1.0,0.9265355467796326,
12.8508882522583,1790071834.6190257,,1343,,0.8168947696685791,5600.732931869,10000.0,-74.2953109741211,,1.3253291845321655,2.446544280279461,,1.0,0.9273898601531982,
12.827871322631836,1790071838.7315593,,1344,,0.8170770406723022,5604.883657068,10000.0,-74.16183471679688,,1.3338221311569214,3.1237000039313023,,1.0,0.928382933139801,
13.234703063964844,1790071842.8822665,,1345,,0.8123509287834167,5609.04687873,10000.0,-73.83528137207031,,1.320308804512024,2.868035607390239,,1.0,0.9266541004180908,
13.324551582336426,1790071847.0455248,,1346,,0.8149983882904053,5613.177880233,10000.0,-74.12670135498047,,1.3141790628433228,2.257352636998353,,1.0,0.9279947876930237,
13.573062896728516,1790071851.1765378,,1347,,0.8132993578910828,5617.554864066,10000.0,-73.2168960571289,,1.3129997253417969,2.5463487630513755,,1.0,0.9282176494598389,
13.74889850616455,1790071855.5534282,,1348,,0.8156124949455261,5621.719514166,10000.0,-73.93526458740234,,1.3372633457183838,2.6416257818502467,,1.0,0.9286065697669983,
13.780451774597168,1790071859.718156,,1349,,0.8152675628662109,5625.879057747,10000.0,-73.62403869628906,,1.3211145401000977,2.6167316426377614,,1.0,0.9260509610176086,
13.547901153564453,1790071863.8776789,,1350,,0.8179545402526855,5630.031085709,10000.0,-73.37833404541016,,1.3999537229537964,2.8292122490981213,,1.0,0.9284728169441223,
12.885807991027832,1790071868.0297544,,1351,,0.8163022398948669,5634.176333908,10000.0,-73.0685806274414,,1.4456672668457031,2.596505078998136,,1.0,0.9259545207023621,
12.168030738830566,1790071872.174982,,1352,,0.8171212077140808,5638.316514293,10000.0,-72.69884490966797,,1.384383201599121,3.086735462921956,,1.0,0.9280910491943359,
12.216814041137695,1790071876.3151352,,1353,,0.8155356645584106,5642.456325736,10000.0,-73.32111358642578,,1.3773983716964722,2.5432142115610215,,1.0,0.9268077611923218,
12.602564811706543,1790071880.4550037,,1354,,0.8131653070449829,5646.747120065,10000.0,-73.18571472167969,,1.3464933633804321,2.195001739150262,,1.0,0.9272493124008179,
12.71990966796875,1790071884.7457561,,1355,,0.8148467540740967,5650.891651079,10000.0,-73.09614562988281,,1.3446054458618164,3.381154007849174,,1.0,0.929337739944458,
12.792611122131348,1790071888.890285,,1356,,0.8161094188690186,5655.027764086,10000.0,-73.22779083251953,,1.416488528251648,2.5766847832581408,,1.0,0.9276880621910095,
12.747281074523926,1790071893.0263193,,1357,,0.8181954026222229,5659.168551605,10000.0,-72.955322265625,,1.3616031408309937,3.0660514751003367,,1.0,0.9282839298248291,
12.465319633483887,1790071897.1672125,,1358,,0.8148729205131531,5663.29022248,10000.0,-72.70218658447266,,1.38657546043396,2.7515053706765054,,1.0,0.9270727634429932,
12.62387466430664,1790071901.2888658,,1359,,0.8131142258644104,5667.432402832,10000.0,-72.42826080322266,,1.3822380304336548,2.478508423592124,,1.0,0.9278261661529541,
12.348715782165527,1790071905.4310591,,1360,,0.819327712059021,5671.558627274,10000.0,-72.43002319335938,,1.3780508041381836,2.2994419500743564,,1.0,0.9292647838592529,
12.313654899597168,1790071909.5572696,,1361,,0.8131417632102966,5675.881491254,10000.0,-72.17943572998047,,1.3960407972335815,2.2370310991804967,,1.0,0.9257201552391052,
12.893420219421387,1790071913.8801115,,1362,,0.8160560131072998,5680.016637817,10000.0,-72.4624252319336,,1.3761805295944214,2.7434542455370585,,1.0,0.9284861087799072,
12.534568786621094,1790071918.0152621,,1363,,0.8162566423416138,5684.161719614,10000.0,-71.61969757080078,,1.385543704032898,2.6202411098649185,,1.0,0.928379237651825,
11.881853103637695,1790071922.1603653,,1364,,0.8170089721679688,5688.293613803,10000.0,-71.9814224243164,,1.3614076375961304,2.281954416407354,,1.0,0.9286043047904968,
12.437431335449219,1790071926.2922766,,1365,,0.8186432123184204,5692.454888387,10000.0,-72.51220703125,,1.3505767583847046,2.550893437150866,,1.0,0.9287189245223999,
12.545616149902344,1790071930.453416,,1366,,0.8182910084724426,5696.607733587,10000.0,-72.46137237548828,,1.3704593181610107,2.3261544422468883,,1.0,0.9282182455062866,
12.353099822998047,1790071934.6063938,,1367,,0.815906286239624,5700.752569209,10000.0,-72.10978698730469,,1.355825662612915,2.2197462397075527,,1.0,0.9297687411308289,
12.796913146972656,1790071938.7511709,,1368,,0.816346287727356,5704.903133267,10000.0,-72.2038345336914,,1.3748174905776978,2.412287768437199,,1.0,0.9287602305412292,
12.9601469039917,1790071942.9017618,,1369,,0.8106498718261719,5709.233898776,10000.0,-72.40930938720703,,1.3778156042099,2.3399202718478205,,1.0,0.927573561668396,
12.673791885375977,1790071947.2324939,,1370,,0.8179327249526978,5713.371561268,10000.0,-72.2553939819336,,1.3715397119522095,2.703581187773874,,1.0,0.9283999800682068,
12.125896453857422,1790071951.3701804,,1371,,0.8146250247955322,5717.484055868,10000.0,-71.03617858886719,,1.4083644151687622,2.3653834262133486,,1.0,0.9270593523979187,
11.901958465576172,1790071955.4827378,,1372,,0.8172814249992371,5721.610936521,10000.0,-71.93696594238281,,1.3798502683639526,2.6427544748572056,,1.0,0.9270721673965454,
12.156624794006348,1790071959.6095767,,1373,,0.8161380290985107,5725.738910041,10000.0,-72.48475646972656,,1.3836947679519653,1.9685641963236908,,1.0,0.9285220503807068,
12.292448997497559,1790071963.7375154,,1374,,0.8163509964942932,5729.875141435,10000.0,-72.81836700439453,,1.3850433826446533,3.595492379502033,,1.0,0.9272472858428955,
12.456521034240723,1790071967.8736312,,1375,,0.8158206343650818,5733.996881577,10000.0,-72.91279602050781,,1.3702083826065063,3.0091374116593643,,1.0,0.9282822608947754,
12.366183280944824,1790071971.9954395,,1376,,0.8158491253852844,5738.290328928,10000.0,-72.97856903076172,,1.355613112449646,2.407808149784886,,1.0,0.9284299612045288,
12.554693222045898,1790071976.288943,,1377,,0.8185664415359497,5742.411607163,10000.0,-73.1368637084961,,1.3350746631622314,2.64558222028946,,1.0,0.928274929523468,
12.573979377746582,1790071980.4102323,,1378,,0.8202821612358093,5746.563638581,10000.0,-72.91112518310547,,1.3754841089248657,2.2556040547100924,,1.0,0.9271942973136902,
12.292551040649414,1790071984.5622709,,1379,,0.81034255027771,5750.700280284,10000.0,-72.8061294555664,,1.3542572259902954,2.225950719870998,,1.0,0.9275408983230591,
12.676151275634766,1790071988.6989484,,1380,,0.8191297054290771,5754.809320819,10000.0,-73.8297348022461,,1.3783873319625854,2.2833930292066387,,1.0,0.9289289116859436,
12.694587707519531,1790071992.807973,,1381,,0.8168070912361145,5758.945293839,10000.0,-74.04095458984375,,1.3287273645401,2.536940113195314,,1.0,0.9271352291107178,
12.617122650146484,1790071996.9439392,,1382,,0.8184700012207031,5763.082881341,10000.0,-74.25536346435547,,1.325463056564331,3.7910933927897323,,1.0,0.9295490980148315,
12.336530685424805,1790072001.0815406,,1383,,0.8159458637237549,5767.409818735,10000.0,-74.62530517578125,,1.3415191173553467,2.4592776900717017,,1.0,0.9273282885551453,
12.636221885681152,1790072005.408459,,1384,,0.8155372142791748,5771.551456027,10000.0,-73.77847290039062,,1.3356555700302124,2.4492189594646496,,1.0,0.9285251498222351,
12.377554893493652,1790072009.5500956,,1385,,0.813863217830658,5775.686677382,10000.0,-73.57264709472656,,1.3499668836593628,2.5377788368038465,,1.0,0.9263038039207458,
12.395009994506836,1790072013.6853387,,1386,,0.8149280548095703,5779.824225153,10000.0,-74.08209228515625,,1.349863886833191,2.58334104448458,,1.0,0.927935779094696,
12.230022430419922,1790072017.8228836,,1387,,0.813981294631958,5783.970775998,10000.0,-74.06571197509766,,1.3593412637710571,2.0594961477479363,,1.0,0.9281508922576904,
12.551675796508789,1790072021.9694254,,1388,,0.8135277628898621,5788.093881389,10000.0,-74.31716918945312,,1.3691771030426025,2.9522199053974987,,1.0,0.9269283413887024,
12.673243522644043,1790072026.092518,,1389,,0.8156004548072815,5792.24358603,10000.0,-74.7688980102539,,1.35662043094635,2.3609672296272786,,1.0,0.9270508289337158,
12.254921913146973,1790072030.242257,,1390,,0.8170340061187744,5796.394798222,10000.0,-74.30183410644531,,1.3745821714401245,2.607961424316108,,1.0,0.9276719093322754,
12.435084342956543,1790072034.3934462,,1391,,0.8193907737731934,5800.693633781,10000.0,-74.13142395019531,,1.3828425407409668,2.4206260937903585,,1.0,0.9277145862579346,
12.798506736755371,1790072038.6921878,,1392,,0.8166607618331909,5804.841329346,10000.0,-73.8266372680664,,1.3777000904083252,2.495892418875754,,1.0,0.9270625114440918,
12.358826637268066,1790072042.8399718,,1393,,0.81688392162323,5808.971633526,10000.0,-73.48271179199219,,1.4370450973510742,2.160573612220628,,1.0,0.9267191290855408,
12.560768127441406,1790072046.9702904,,1394,,0.8144876956939697,5813.121999196,10000.0,-74.10504150390625,,1.4012348651885986,2.31553970343379,,1.0,0.927585780620575,
12.416306495666504,1790072051.1206462,,1395,,0.8170635104179382,5817.275770818,10000.0,-73.99980926513672,,1.3948571681976318,2.5528432022902456,,1.0,0.9288891553878784,
12.35550308227539,1790072055.274404,,1396,,0.8174296021461487,5821.409204026,10000.0,-74.24224090576172,,1.3997007608413696,1.9739020406506158,,1.0,0.9280514717102051,
12.026389122009277,1790072059.4077709,,1397,,0.8159483075141907,5825.54479977,10000.0,-74.40119934082031,,1.385124683380127,2.3747276566851205,,1.0,0.9280787706375122,
12.01598834991455,1790072063.5434425,,1398,,0.8168307542800903,5829.83571926,10000.0,-74.74939727783203,,1.3873889446258545,2.9342054795570855,,1.0,0.927521288394928,
12.219265937805176,1790072067.8343236,,1399,,0.8157433867454529,5833.967365331,10000.0,-75.29296112060547,,1.3819375038146973,2.6012713048866742,,1.0,0.9289711713790894,
12.182465553283691,1790072071.9659827,,1400,,0.8157988786697388,5838.116251391,10000.0,-74.41388702392578,,1.3787580728530884,3.2632749262211793,,1.0,0.9278333187103271,
12.139812469482422,1790072076.1149118,,1401,,0.8151350617408752,5842.26132048,10000.0,-74.55680084228516,,1.3987144231796265,2.667900427491189,,1.0,0.9280958771705627,
12.398772239685059,1790072080.2599497,,1402,,0.8174399733543396,5846.387518742,10000.0,-74.88104248046875,,1.3849316835403442,2.1894036637595726,,1.0,0.9281165599822998,
12.678218841552734,1790072084.386167,,1403,,0.8173847198486328,5850.536740918,10000.0,-75.02171325683594,,1.381472110748291,2.9698686583567953,,1.0,0.9270610809326172,
12.320318222045898,1790072088.5353842,,1404,,0.8181571960449219,5854.668070209,10000.0,-75.01487731933594,,1.3876159191131592,2.899306910546284,,1.0,0.928575873374939,
12.545206069946289,1790072092.6666834,,1405,,0.8206729888916016,5858.952313733,10000.0,-74.5289077758789,,1.3890799283981323,2.5020919769884906,,1.0,0.9283702373504639,
12.645062446594238,1790072096.9509544,,1406,,0.817353367805481,5863.095802617,10000.0,-74.25942993164062,,1.3973280191421509,2.769251962080284,,1.0,0.927143394947052,
12.400921821594238,1790072101.094441,,1407,,0.8167828917503357,5867.227857427,10000.0,-74.67562866210938,,1.3628692626953125,2.603655701591561,,1.0,0.9277883768081665,
12.204437255859375,1790072105.2265105,,1408,,0.8173766136169434,5871.371815398,10000.0,-74.6220932006836,,1.3766114711761475,2.2326192780195844,,1.0,0.9270718097686768,
12.216108322143555,1790072109.3704445,,1409,,0.8135675191879272,5875.499515034,10000.0,-74.96691131591797,,1.3983992338180542,2.2236761152311875,,1.0,0.9279088377952576,
12.384469985961914,1790072113.4981596,,1410,,0.8137876391410828,5879.603747772,10000.0,-75.09846496582031,,1.3963618278503418,2.572764236793221,,1.0,0.926638126373291,
12.357059478759766,1790072117.60239,,1411,,0.8178738951683044,5883.733090763,10000.0,-74.95154571533203,,1.3681734800338745,2.6300425379046626,,1.0,0.9276551008224487,
12.487183570861816,1790072121.7317498,,1412,,0.8148752450942993,5887.862246713,10000.0,-74.5656509399414,,1.3911454677581787,2.4724556630356984,,1.0,0.9265820384025574,
12.468594551086426,1790072125.8609014,,1413,,0.8128958344459534,5892.114562348,10000.0,-75.35478210449219,,1.3727326393127441,2.4847877590186536,,1.0,0.928242027759552,
12.626439094543457,1790072130.1132116,,1414,,0.8149310350418091,5896.263245653,10000.0,-75.69050598144531,,1.353194236755371,2.127244265128174,,1.0,0.9277970194816589,
12.324592590332031,1790072134.26191,,1415,,0.8284235596656799,5900.375450475,10000.0,-75.09168243408203,,1.5655838251113892,2.4032636909018494,,1.0,0.9274922013282776,
12.015907287597656,1790072138.374076,,1416,,0.8142727017402649,5904.507574632,10000.0,-75.09204864501953,,1.3553506135940552,2.622771243244718,,1.0,0.9280409812927246,
12.291051864624023,1790072142.5061543,,1417,,0.8160814642906189,5908.602331768,10000.0,-75.0438461303711,,1.3400084972381592,2.218678454346497,,1.0,0.9283365607261658,
12.551946640014648,1790072146.600967,,1418,,0.8156933784484863,5912.713198758,10000.0,-74.52316284179688,,1.3693585395812988,2.8161242421554684,,1.0,0.9270961880683899,
12.568325996398926,1790072150.7118616,,1419,,0.8137484192848206,5916.842355409,10000.0,-74.77611541748047,,1.3668919801712036,2.8247797286013303,,1.0,0.9289060831069946,
12.532623291015625,1790072154.840898,,1420,,0.8205065727233887,5921.129232285,10000.0,-75.20611572265625,,1.3491095304489136,2.665870238096297,,1.0,0.9294264912605286,
12.637592315673828,1790072159.127848,,1421,,0.8148807287216187,5925.272672819,10000.0,-74.3862075805664,,1.3733326196670532,2.7413478437761194,,1.0,0.9280350208282471,
12.80162239074707,1790072163.2713249,,1422,,0.8143479228019714,5929.376694247,10000.0,-74.35408020019531,,1.361011028289795,3.0723715069290525,,1.0,0.9277889728546143,
12.520272254943848,1790072167.3753603,,1423,,0.8144195079803467,5933.521263057,10000.0,-74.43437194824219,,1.3664480447769165,2.571819215183483,,1.0,0.9274030923843384,
12.382431983947754,1790072171.5199132,,1424,,0.8268219828605652,5937.640716332,10000.0,-74.1922836303711,,1.5444200038909912,2.280906793776087,,1.0,0.9290359616279602,
12.497936248779297,1790072175.639357,,1425,,0.8138157725334167,5941.765060799,10000.0,-75.10206604003906,,1.3348288536071777,2.4089164385511803,,1.0,0.928305983543396,
12.64493179321289,1790072179.763643,,1426,,0.8135740756988525,5945.913130973,10000.0,-75.34346008300781,,1.3587756156921387,2.675875076816757,,1.0,0.927379310131073,
12.576872825622559,1790072183.9118242,,1427,,0.8133992552757263,5950.231530437,10000.0,-74.85317993164062,,1.3795390129089355,2.2392480975888156,,1.0,0.9260395765304565,
12.539192199707031,1790072188.2302,,1428,,0.8170967698097229,5954.359621067,10000.0,-74.76228332519531,,1.3646920919418335,2.5718123139456215,,1.0,0.9270761013031006,
12.572076797485352,1790072192.3581495,,1429,,0.8155475854873657,5958.509737552,10000.0,-74.7516098022461,,1.373226523399353,2.4864226968542695,,1.0,0.9255425930023193,
12.391467094421387,1790072196.5084321,,1430,,0.8168771266937256,5962.654755808,10000.0,-75.0323715209961,,1.378705620765686,2.059460787112161,,1.0,0.9276373982429504,
12.401432991027832,1790072200.6533604,,1431,,0.8129728436470032,5966.787644598,10000.0,-75.17467498779297,,1.3677868843078613,2.4016046590372366,,1.0,0.926888644695282,
12.54088020324707,1790072204.786287,,1432,,0.8115646243095398,5970.922671056,10000.0,-75.1985092163086,,1.3799060583114624,2.287648272687198,,1.0,0.9273238182067871,
12.728867530822754,1790072208.9212542,,1433,,0.814159631729126,5975.047032558,10000.0,-74.8943099975586,,1.3706392049789429,3.748499028863768,,1.0,0.9281165599822998,
12.86444091796875,1790072213.0456464,,1434,,0.8142051100730896,5979.187708956,10000.0,-75.01642608642578,,1.346232295036316,2.6612781834301225,,1.0,0.927628755569458,
12.810681343078613,1790072217.186355,,1435,,0.8168947696685791,5983.507680418,10000.0,-75.09131622314453,,1.3705470561981201,2.818881660824383,,1.0,0.9272405505180359,
12.815973281860352,1790072221.506342,,1436,,0.8171966671943665,5987.618579007,10000.0,-74.86903381347656,,1.349816083908081,2.7512746975150835,,1.0,0.9280502200126648,
12.836735725402832,1790072225.6172633,,1437,,0.8171147704124451,5991.77814349,10000.0,-74.97186279296875,,1.3809802532196045,2.61995649274337,,1.0,0.9276782274246216,
12.673583030700684,1790072229.7767038,,1438,,0.8124183416366577,5995.922511548,10000.0,-74.96459197998047,,1.3843837976455688,2.179884474906001,,1.0,0.9271856546401978,
12.512131690979004,1790072233.92116,,1439,,0.8165744543075562,6000.04997537,10000.0,-74.4390640258789,,1.3710757493972778,2.6984910266276203,,1.0,0.9285822510719299,
11.989880561828613,1790072238.0486472,,1440,,0.8189331889152527,6004.186271343,10000.0,-75.42436218261719,,1.3573611974716187,2.362031121009378,,1.0,0.9280778765678406,
12.218228340148926,1790072242.1849363,,1441,,0.8125462532043457,6008.302182565,10000.0,-74.96748352050781,,1.3703341484069824,2.511350408549428,,1.0,0.9274088144302368,
12.354387283325195,1790072246.300852,,1442,,0.8114285469055176,6012.599857565,10000.0,-75.33423614501953,,1.4019590616226196,2.599468341498866,,1.0,0.9271259307861328,
12.234190940856934,1790072250.5985093,,1443,,0.8136599063873291,6016.733885365,10000.0,-75.20950317382812,,1.3748807907104492,2.7127636009144283,,1.0,0.928249180316925,
12.518893241882324,1790072254.7325315,,1444,,0.8144217729568481,6020.884060227,10000.0,-75.74887084960938,,1.3598382472991943,3.4070463231194807,,1.0,0.9272659420967102,
12.462211608886719,1790072258.882401,,1445,,0.8117495775222778,6025.004005421,10000.0,-74.77118682861328,,1.3749918937683105,2.5905706664406245,,1.0,0.9276441931724548,
12.235054969787598,1790072263.0026689,,1446,,0.8167228698730469,6029.147442006,10000.0,-74.20686340332031,,1.396081805229187,2.3183685784189207,,1.0,0.9275476932525635,
11.70089340209961,1790072267.1461017,,1447,,0.8136899471282959,6033.296464588,10000.0,-74.6733169555664,,1.3790911436080933,2.4745618768604865,,1.0,0.9275282025337219,
11.756640434265137,1790072271.295078,,1448,,0.8144877552986145,6037.42993038,10000.0,-74.80453491210938,,1.4338394403457642,2.492370969584127,,1.0,0.9261583685874939,
12.101367950439453,1790072275.4284663,,1449,,0.8097338676452637,6041.692944112,10000.0,-74.50611877441406,,1.3949850797653198,2.510905441281101,,1.0,0.9257698059082031,
11.663156509399414,1790072279.691616,,1450,,0.8123810291290283,6045.811694535,10000.0,-74.25801849365234,,1.3932594060897827,2.838302221795653,,1.0,0.9285747408866882,
11.944754600524902,1790072283.8103502,,1451,,0.8157675266265869,6049.92815784,10000.0,-74.40367889404297,,1.373864769935608,2.8122097066855116,,1.0,0.9277818202972412,
11.970502853393555,1790072287.9268155,,1452,,0.8166449069976807,6054.036867677,10000.0,-74.62152862548828,,1.3963024616241455,2.38980645915154,,1.0,0.9271528124809265,
12.015124320983887,1790072292.0355203,,1453,,0.8192428350448608,6058.169832984,10000.0,-74.70770263671875,,1.3700860738754272,2.8997777691296833,,1.0,0.9279362559318542,
11.668830871582031,1790072296.168485,,1454,,0.8146978616714478,6062.305156062,10000.0,-74.40202331542969,,1.3867114782333374,3.1010846311694236,,1.0,0.9269781708717346,
11.764474868774414,1790072300.3037493,,1455,,0.8145996332168579,6066.418541541,10000.0,-74.2082290649414,,1.4142365455627441,3.3174917743658376,,1.0,0.9280151128768921,
12.198979377746582,1790072304.4172056,,1456,,0.8143617510795593,6070.689654724,10000.0,-74.0090103149414,,1.380262851715088,3.2751066782446023,,1.0,0.9278455376625061,
11.315984725952148,1790072308.688308,,1457,,0.8271500468254089,6074.838478017,10000.0,-74.14935302734375,,1.6204733848571777,2.750322559880379,,1.0,0.9270791411399841,
11.35049819946289,1790072312.8371403,,1458,,0.8135867118835449,6078.962721995,10000.0,-73.81346893310547,,1.416231393814087,2.872721001405934,,1.0,0.9265870451927185,
11.575556755065918,1790072316.961378,,1459,,0.8158257007598877,6083.106704237,10000.0,-74.17205047607422,,1.3887368440628052,2.0943562009850942,,1.0,0.9265186190605164,
11.695103645324707,1790072321.1053295,,1460,,0.8153634071350098,6087.215468612,10000.0,-74.73271942138672,,1.3642257452011108,2.9640960119812214,,1.0,0.9277225732803345,
11.707073211669922,1790072325.2141151,,1461,,0.8130908012390137,6091.334544465,10000.0,-74.92303466796875,,1.3644832372665405,2.227997147732103,,1.0,0.9280624985694885,
11.563825607299805,1790072329.333206,,1462,,0.8141836524009705,6095.465800525,10000.0,-75.07907104492188,,1.3604594469070435,3.1447808649052535,,1.0,0.9283852577209473,
11.436928749084473,1790072333.4644165,,1463,,0.8141881823539734,6099.72445421,10000.0,-75.2836685180664,,1.3605996370315552,2.259103193882628,,1.0,0.9281740784645081,
11.5466890335083,1790072337.7231154,,1464,,0.8147262334823608,6103.823902549,10000.0,-75.52509307861328,,1.383297085762024,3.0328925141022505,,1.0,0.9278502464294434,
11.653149604797363,1790072341.8225229,,1465,,0.8140276074409485,6107.956835116,10000.0,-76.33123779296875,,1.3819371461868286,2.467559750548703,,1.0,0.9272889494895935,
11.406085014343262,1790072345.9555075,,1466,,0.8178864121437073,6112.067951627,10000.0,-76.49828338623047,,1.354516625404358,2.5874750867806506,,1.0,0.9271889328956604,
11.395641326904297,1790072350.0665662,,1467,,0.8151412010192871,6116.195030863,10000.0,-76.05216217041016,,1.3684161901474,2.483395982535528,,1.0,0.9277676939964294,
11.493361473083496,1790072354.1936886,,1468,,0.8155582547187805,6120.329550004,10000.0,-75.8424301147461,,1.397306203842163,2.654108661122952,,1.0,0.9275866150856018,
11.70936393737793,1790072358.3282259,,1469,,0.8145049810409546,6124.451265593,10000.0,-75.56366729736328,,1.3786298036575317,2.796444465394386,,1.0,0.9283422231674194,
11.960585594177246,1790072362.4499376,,1470,,0.8170098066329956,6128.548835875,10000.0,-75.62931823730469,,1.3989146947860718,2.994545472727104,,1.0,0.9275224208831787,
11.884799003601074,1790072366.54751,,1471,,0.8172863125801086,6132.812518375,10000.0,-75.72004699707031,,1.3587210178375244,3.0792879738289756,,1.0,0.9277629852294922,
11.921940803527832,1790072370.81117,,1472,,0.8175416588783264,6136.959359005,10000.0,-74.90282440185547,,1.3822205066680908,2.899028246789024,,1.0,0.9288469552993774,
11.830182075500488,1790072374.9580574,,1473,,0.8192797899246216,6141.070219077,10000.0,-75.33748626708984,,1.3866685628890991,2.8277293996898973,,1.0,0.9287450909614563,
11.840853691101074,1790072379.0688815,,1474,,0.8166890740394592,6145.145450095,10000.0,-74.92571258544922,,1.389540433883667,2.464322913139909,,1.0,0.9276145696640015,
11.651264190673828,1790072383.14412,,1475,,0.8132293820381165,6149.280172312,10000.0,-75.2541275024414,,1.397682785987854,2.3100953456991933,,1.0,0.9264302849769592,
11.6724271774292,1790072387.2788224,,1476,,0.8146120309829712,6153.404560637,10000.0,-74.88766479492188,,1.3901703357696533,2.4744149631932433,,1.0,0.9275709390640259,
11.550759315490723,1790072391.4032094,,1477,,0.8154647350311279,6157.505699183,10000.0,-74.80790710449219,,1.3691127300262451,2.63735311809269,,1.0,0.9274179935455322,
11.524384498596191,1790072395.5043635,,1478,,0.8149092197418213,6161.783912692,10000.0,-75.24748229980469,,1.3668419122695923,2.2811301272841593,,1.0,0.9272688031196594,
11.690878868103027,1790072399.7825532,,1479,,0.8168920278549194,6165.92207826,10000.0,-75.48153686523438,,1.3733623027801514,2.936931197915912,,1.0,0.9269656538963318,
11.832758903503418,1790072403.9207394,,1480,,0.8175517320632935,6170.042591557,10000.0,-74.13107299804688,,1.3911677598953247,2.8677725110613808,,1.0,0.9261496067047119,
11.746476173400879,1790072408.0412621,,1481,,0.8171069622039795,6174.167138561,10000.0,-74.8556137084961,,1.386906385421753,2.399331400398379,,1.0,0.9265680909156799,
11.904455184936523,1790072412.1657913,,1482,,0.8187811374664307,6178.289138643,10000.0,-74.34835052490234,,1.4024174213409424,3.1414075995627937,,1.0,0.9269277453422546,
12.096126556396484,1790072416.2877917,,1483,,0.8137116432189941,6182.42253718,10000.0,-75.26800537109375,,1.3960314989089966,2.4939176161640852,,1.0,0.9279619455337524,
12.115375518798828,1790072420.421174,,1484,,0.8144804239273071,6186.565193722,10000.0,-75.02974700927734,,1.3936972618103027,1.988832371475908,,1.0,0.9277090430259705,
12.161231994628906,1790072424.5638616,,1485,,0.8139225244522095,6190.873839471,10000.0,-74.7596664428711,,1.387048602104187,2.5871496994053222,,1.0,0.9272912740707397,
12.600555419921875,1790072428.8724601,,1486,,0.8166155815124512,6195.015958008,10000.0,-74.79888916015625,,1.3891013860702515,2.6467133560151184,,1.0,0.9265821576118469,
12.493884086608887,1790072433.0146213,,1487,,0.8165920972824097,6199.159078489,10000.0,-75.10397338867188,,1.385207176208496,2.418610002710301,,1.0,0.9288330674171448,
12.696752548217773,1790072437.1577797,,1488,,0.8214820027351379,6203.299536829,10000.0,-75.73238372802734,,1.3864468336105347,2.733489430622294,,1.0,0.928388237953186,
12.333712577819824,1790072441.2982268,,1489,,0.8188485503196716,6207.438728739,10000.0,-75.5448226928711,,1.4052821397781372,3.026827826503079,,1.0,0.9273755550384521,
12.241089820861816,1790072445.4373167,,1490,,0.8187559247016907,6211.586875206,10000.0,-76.13982391357422,,1.3953356742858887,2.422176215737609,,1.0,0.9266902804374695,
12.219717025756836,1790072449.585524,,1491,,0.8161577582359314,6215.725459179,10000.0,-75.99500274658203,,1.405427098274231,2.9353475892088547,,1.0,0.9270927906036377,
11.971174240112305,1790072453.7240505,,1492,,0.8182306885719299,6219.875174831,10000.0,-75.589111328125,,1.369275689125061,2.5087919292752483,,1.0,0.9286468625068665,
12.057036399841309,1790072457.8737972,,1493,,0.8155231475830078,6224.159636611,10000.0,-76.2366943359375,,1.405960202217102,2.419640482574269,,1.0,0.9268567562103271,
12.301478385925293,1790072462.1582384,,1494,,0.815899133682251,6228.31587708,10000.0,-76.46194458007812,,1.3968044519424438,2.2001716910559743,,1.0,0.9274739623069763,
12.185982704162598,1790072466.3145547,,1495,,0.814547598361969,6232.455066854,10000.0,-76.4202651977539,,1.3903231620788574,2.4494654175470947,,1.0,0.9264771938323975,
12.275856971740723,1790072470.4537141,,1496,,0.8117384314537048,6236.587179903,10000.0,-77.0857925415039,,1.3734099864959717,2.423327541903378,,1.0,0.9272417426109314,
12.214055061340332,1790072474.5858247,,1497,,0.8157316446304321,6240.729972522,10000.0,-76.3712387084961,,1.3812134265899658,2.9227171915374175,,1.0,0.9262948036193848,
12.408455848693848,1790072478.728632,,1498,,0.817585289478302,6244.834890756,10000.0,-76.68089294433594,,1.3962945938110352,2.4107615972449774,,1.0,0.9273818731307983,
12.241918563842773,1790072482.8335588,,1499,,0.8149555325508118,6248.945668456,10000.0,-76.54396057128906,,1.3763601779937744,2.474355400344286,,1.0,0.9279278516769409,
12.458580017089844,1790072486.9443011,,1500,,0.8178642988204956,6253.195429619,10000.0,-75.95240020751953,,1.387933611869812,2.6610455192424665,,1.0,0.9283875823020935,
12.18038558959961,1790072491.194027,,1501,,0.8147768378257751,6257.300727632,10000.0,-76.19508361816406,,1.415296196937561,2.565522748369047,,1.0,0.9275631904602051,
11.98865032196045,1790072495.2993937,,1502,,0.8153056502342224,6261.442794056,10000.0,-76.1776351928711,,1.4153133630752563,3.223810357492898,,1.0,0.9275338649749756,
11.492942810058594,1790072499.4414194,,1503,,0.8163923621177673,6265.580413004,10000.0,-75.65306091308594,,1.4189846515655518,3.228015385696975,,1.0,0.9275568127632141,
11.0000581741333,1790072503.5790534,,1504,,0.821855902671814,6269.712450137,10000.0,-75.75041198730469,,1.4708759784698486,3.0752765569668234,,1.0,0.9274223446846008,
11.002715110778809,1790072507.7110927,,1505,,0.8176183104515076,6273.849067679,10000.0,-75.66403198242188,,1.4033474922180176,2.6256505254796094,,1.0,0.9273812770843506,
11.253697395324707,1790072511.8477325,,1506,,0.8167146444320679,6277.960846897,10000.0,-75.48041534423828,,1.3916112184524536,2.774378604470459,,1.0,0.9282590746879578,
11.65155029296875,1790072515.9594517,,1507,,0.8158329129219055,6282.275109535,10000.0,-75.69280242919922,,1.3775923252105713,2.69302046843444,,1.0,0.9270660281181335,
11.572476387023926,1790072520.273732,,1508,,0.8160924315452576,6286.389276033,10000.0,-74.97102355957031,,1.3944768905639648,2.3745153707923516,,1.0,0.9276229739189148,
11.346685409545898,1790072524.3879294,,1509,,0.818955659866333,6290.538477001,10000.0,-75.8698959350586,,1.4205026626586914,3.4345630909657374,,1.0,0.9262148141860962,
11.534924507141113,1790072528.5371115,,1510,,0.8128422498703003,6294.662537147,10000.0,-75.29232788085938,,1.4064652919769287,2.691298594729141,,1.0,0.9269040822982788,
11.657841682434082,1790072532.661173,,1511,,0.8178490400314331,6298.795198091,10000.0,-75.60147857666016,,1.3916411399841309,3.480700291375884,,1.0,0.9274442791938782,
11.368130683898926,1790072536.7938893,,1512,,0.8170556426048279,6302.939205033,10000.0,-75.51079559326172,,1.3922698497772217,2.441030369915854,,1.0,0.9278651475906372,
11.482860565185547,1790072540.9378605,,1513,,0.8124215006828308,6307.04195994,10000.0,-75.13177490234375,,1.4283266067504883,2.5321313112414736,,1.0,0.9270926117897034,
11.527676582336426,1790072545.0405514,,1514,,0.8179448843002319,6311.182734441,10000.0,-75.44840240478516,,1.4064865112304688,2.821774353452355,,1.0,0.9269049167633057,
11.262138366699219,1790072549.181368,,1515,,0.8155954480171204,6315.440052813,10000.0,-74.3853759765625,,1.4248864650726318,2.7138510377521134,,1.0,0.9275782704353333,
11.533059120178223,1790072553.4387233,,1516,,0.8178567290306091,6319.546579768,10000.0,-75.43732452392578,,1.3794223070144653,2.0232650032852217,,1.0,0.9271668195724487,
11.119711875915527,1790072557.5452595,,1517,,0.8198959231376648,6323.667807124,10000.0,-75.10714721679688,,1.4736533164978027,2.4942819283024393,,1.0,0.9283009171485901,
11.205831527709961,1790072561.6664631,,1518,,0.8151299953460693,6327.770450893,10000.0,-75.22427368164062,,1.401492714881897,2.2482407644501845,,1.0,0.9276905059814453,
11.364262580871582,1790072645.8996992,,1519,0.42201876109545444,0.8310694694519043,6409.549550256,10000.0,-75.7190170288086,0.005999648492388137,1.7028517723083496,2.3369540844783367,0.5468369722366333,1.0,0.9271577596664429,
,1790072647.5482903,0.580954909324646,1520,,,6411.297773156,,,,,,,,,10000.0
,1790072649.2965248,0.5797585844993591,1521,,,6412.865095001,,,,,,,,,10000.0
,1790072650.8637917,0.5813954472541809,1522,,,6414.403052382,,,,,,,,,10000.0
,1790072652.4018033,0.5817314386367798,1523,,,6415.94818066,,,,,,,,,10000.0
,1790072653.9469063,0.582038402557373,1524,,,6417.486622397,,,,,,,,,10000.0
,1790072655.4852943,0.5827865600585938,1525,,,6419.054832409,,,,,,,,,10000.0
,1790072657.0535347,0.5829977989196777,1526,,,6420.79610527,,,,,,,,,10000.0
,1790072658.79479,0.5854091048240662,1527,,,6422.333141484,,,,,,,,,10000.0
,1790072660.3319333,0.5871816873550415,1528,,,6423.874211735,,,,,,,,,10000.0
,1790072661.8729746,0.5865515470504761,1529,,,6425.421932165,,,,,,,,,10000.0
,1790072663.4207065,0.5879213213920593,1530,,,6426.981060679,,,,,,,,,10000.0
,1790072664.9797442,0.591840386390686,1531,,,6428.533234419,,,,,,,,,10000.0
,1790072666.5320117,0.5895506143569946,1532,,,6430.091814772,,,,,,,,,10000.0
,1790072668.0905848,0.5909936428070068,1533,,,6431.642608023,,,,,,,,,10000.0
,1790072669.6413255,0.5937549471855164,1534,,,6433.184509004,,,,,,,,,10000.0
,1790072671.1832335,0.589519739151001,1535,,,6434.731028246,,,,,,,,,10000.0
,1790072672.7297864,0.5892274379730225,1536,,,6436.291015922,,,,,,,,,10000.0
,1790072674.2896116,0.5885348320007324,1537,,,6438.035820583,,,,,,,,,10000.0
,1790072676.0345528,0.5892563462257385,1538,,,6439.586932831,,,,,,,,,10000.0
,1790072677.5856483,0.5914162993431091,1539,,,6443.687551593,,,,,,,,,10000.0
11.133528709411621,1790072681.6861944,,1540,,0.8213822841644287,6447.796696589,10000.0,-74.98506164550781,,1.4520260095596313,2.5388944965153235,,1.0,0.9282242655754089,
11.122258186340332,1790072685.7953238,,1541,,0.8156804442405701,6451.892178766,10000.0,-75.71729278564453,,1.4390854835510254,2.833459219318599,,1.0,0.9271820187568665,
11.275447845458984,1790072689.8907719,,1542,,0.815416157245636,6455.9958644,10000.0,-75.83732604980469,,1.4087693691253662,2.456864633015225,,1.0,0.927168607711792,
11.164101600646973,1790072693.9944918,,1543,,0.8146008253097534,6460.11076536,10000.0,-75.43103790283203,,1.3992063999176025,2.2773286518311537,,1.0,0.9275563955307007,
11.241555213928223,1790072698.1094112,,1544,,0.815987229347229,6464.381847904,10000.0,-75.845703125,,1.3882609605789185,2.8084576533017422,,1.0,0.9286412000656128,
11.183659553527832,1790072702.3804698,,1545,,0.8158109188079834,6468.485385278,10000.0,-75.55590057373047,,1.387056589126587,3.0881317736168965,,1.0,0.9277795553207397,
11.268401145935059,1790072706.4840279,,1546,,0.8185978531837463,6472.585372553,10000.0,-74.76203918457031,,1.444929838180542,3.0530952184689175,,1.0,0.9275583028793335,
11.001655578613281,1790072710.584043,,1547,,0.8145866990089417,6476.709809737,10000.0,-75.05679321289062,,1.4164944887161255,2.455718765862405,,1.0,0.9264934659004211,
11.08008098602295,1790072714.708354,,1548,,0.8120354413986206,6480.818879792,10000.0,-75.23790740966797,,1.3898653984069824,3.431537826885397,,1.0,0.9275516271591187,
11.045884132385254,1790072718.8175385,,1549,,0.8164024949073792,6484.936458795,10000.0,-74.77517700195312,,1.3795733451843262,2.9785445025882233,,1.0,0.9277722239494324,
11.250175476074219,1790072722.9351468,,1550,,0.8161883354187012,6489.036615134,10000.0,-74.9074478149414,,1.4095419645309448,2.2555649079893163,,1.0,0.9280453324317932,
11.292715072631836,1790072727.0352886,,1551,,0.8135730624198914,6493.317677059,10000.0,-75.1878433227539,,1.3833461999893188,2.737708104159637,,1.0,0.9264753460884094,
11.429892539978027,1790072731.316304,,1552,,0.8184659481048584,6497.445035315,10000.0,-74.505126953125,,1.3578953742980957,3.237417640167197,,1.0,0.9300590753555298,
11.350895881652832,1790072735.4437332,,1553,,0.8146398663520813,6501.569261965,10000.0,-75.1817398071289,,1.3853106498718262,2.5109337897714283,,1.0,0.9273932576179504,
11.554221153259277,1790072739.567926,,1554,,0.8113685846328735,6505.667762278,10000.0,-74.94903564453125,,1.3780819177627563,3.0517103894571913,,1.0,0.9278122782707214,
11.376428604125977,1790072743.6664155,,1555,,0.8123283386230469,6509.767181382,10000.0,-74.53520202636719,,1.3970043659210205,3.4976465334322233,,1.0,0.9285597205162048,
11.2868013381958,1790072747.765842,,1556,,0.8174955248832703,6513.897474254,10000.0,-73.82511901855469,,1.455226182937622,2.800251933442472,,1.0,0.9287062287330627,
10.837902069091797,1790072751.8960905,,1557,,0.8170130252838135,6518.006612362,10000.0,-74.4369888305664,,1.4037541151046753,3.1668991902887975,,1.0,0.9278701543807983,
10.796639442443848,1790072756.005221,,1558,,0.8261007070541382,6522.305533392,10000.0,-73.66006469726562,,1.506227731704712,2.8249693472032895,,1.0,0.9286140203475952,
10.588223457336426,1790072760.304201,,1559,,0.813399076461792,6526.403060043,10000.0,-73.39607238769531,,1.3820364475250244,2.7309333764843093,,1.0,0.9269813299179077,
10.707988739013672,1790072764.401712,,1560,,0.8199639320373535,6530.525459416,10000.0,-73.55888366699219,,1.3761006593704224,2.658940730551415,,1.0,0.9288956522941589,
10.571454048156738,1790072768.5240784,,1561,,0.8172192573547363,6534.653121335,10000.0,-73.6832504272461,,1.3752357959747314,2.5588407961242976,,1.0,0.9270167350769043,
10.871628761291504,1790072772.6517687,,1562,,0.8172083497047424,6538.754033836,10000.0,-73.27027130126953,,1.3645567893981934,2.2439012012120156,,1.0,0.9272302985191345,
10.936498641967773,1790072776.7526977,,1563,,0.8150542974472046,6542.877142534,10000.0,-73.7567138671875,,1.3600627183914185,2.7136362078404344,,1.0,0.9277292490005493,
11.149935722351074,1790072780.8758054,,1564,,0.8128171563148499,6546.964563621,10000.0,-73.56127166748047,,1.3967080116271973,3.0932808792071342,,1.0,0.9270747900009155,
11.213288307189941,1790072784.9632154,,1565,,0.8145526051521301,6551.06992461,10000.0,-73.79971313476562,,1.3753498792648315,2.8274396387969274,,1.0,0.9286384582519531,
10.815630912780762,1790072789.0684536,,1566,,0.811522364616394,6555.338148737,10000.0,-74.18978881835938,,1.3811874389648438,3.0615296920500197,,1.0,0.9256870746612549,
11.047757148742676,1790072793.3368132,,1567,,0.8167911767959595,6559.413517412,10000.0,-74.34620666503906,,1.3546326160430908,2.5038569825152956,,1.0,0.9272781610488892,
10.702441215515137,1790072797.412174,,1568,,0.813459575176239,6563.540856679,10000.0,-73.90409851074219,,1.3889319896697998,2.4857457432870964,,1.0,0.9266036748886108,
10.942237854003906,1790072801.5395045,,1569,,0.8168196678161621,6567.648489431,10000.0,-74.28622436523438,,1.3599740266799927,2.520805857984229,,1.0,0.9276919364929199,
10.763150215148926,1790072805.6471455,,1570,,0.8186709880828857,6571.756870223,10000.0,-74.48517608642578,,1.3566038608551025,3.5352115333586887,,1.0,0.9281048774719238,
11.049816131591797,1790072809.755515,,1571,,0.8198637366294861,6575.868615636,10000.0,-75.0062026977539,,1.3387988805770874,2.7666174988722365,,1.0,0.9280957579612732,
10.795632362365723,1790072813.8672435,,1572,,0.8154277205467224,6579.973404862,10000.0,-74.83633422851562,,1.3447586297988892,2.4528343510339403,,1.0,0.9275338053703308,
10.831705093383789,1790072817.9720464,,1573,,0.8143854737281799,6584.249151305,10000.0,-74.73234558105469,,1.3448141813278198,2.8847339782418273,,1.0,0.9270897507667542,
10.615401268005371,1790072822.2477834,,1574,,0.8151137828826904,6588.354938614,10000.0,-75.23896789550781,,1.3648483753204346,2.121277510639961,,1.0,0.9263523817062378,
10.550788879394531,1790072826.3536227,,1575,,0.8159684538841248,6592.452170917,10000.0,-75.12051391601562,,1.3814736604690552,2.6573255866401895,,1.0,0.9267578125,
10.599505424499512,1790072830.4508119,,1576,,0.8129981756210327,6596.57978969,10000.0,-74.28912353515625,,1.3909516334533691,2.855342661834185,,1.0,0.927483320236206,
11.090458869934082,1790072834.5784209,,1577,,0.8172661066055298,6600.703942688,10000.0,-75.68668365478516,,1.360141396522522,2.714669390252367,,1.0,0.9277176856994629,
10.647549629211426,1790072838.7025392,,1578,,0.8210784792900085,6604.799118879,10000.0,-74.93206787109375,,1.3506875038146973,2.1071118813238883,,1.0,0.9279299974441528,
10.761643409729004,1790072842.7977808,,1579,,0.815784752368927,6608.920614685,10000.0,-75.7069320678711,,1.3444130420684814,2.6832507927771103,,1.0,0.927407443523407,
10.804642677307129,1790072846.9192348,,1580,,0.814359188079834,6613.177484265,10000.0,-75.98029327392578,,1.3561619520187378,2.5020086329759406,,1.0,0.9267423748970032,
10.901837348937988,1790072851.1760924,,1581,,0.8160236477851868,6617.28113863,10000.0,-76.1003646850586,,1.3582452535629272,2.8042187976117283,,1.0,0.9274197220802307,
11.127830505371094,1790072855.2798333,,1582,,0.816530168056488,6621.396942797,10000.0,-75.57396697998047,,1.3451745510101318,1.9823210391391828,,1.0,0.9283212423324585,
10.688591003417969,1790072859.3956313,,1583,,0.8197305798530579,6625.513182733,10000.0,-75.69820404052734,,1.4726446866989136,2.9787600664574976,,1.0,0.9265739321708679,
10.590031623840332,1790072863.511848,,1584,,0.816929042339325,6629.658411973,10000.0,-76.35089874267578,,1.360547661781311,3.0011084969608235,,1.0,0.9276455640792847,
10.524949073791504,1790072867.6570754,,1585,,0.8137451410293579,6633.803695497,10000.0,-76.63491821289062,,1.3570574522018433,2.0590925458760445,,1.0,0.9276272058486938,
10.522631645202637,1790072871.8023129,,1586,,0.8149231672286987,6637.945447175,10000.0,-76.95921325683594,,1.3683884143829346,2.12382807993844,,1.0,0.9278854131698608,
10.552597999572754,1790072875.944085,,1587,,0.8164589405059814,6642.087291325,10000.0,-76.77520751953125,,1.3467603921890259,2.4270187646055326,,1.0,0.928847074508667,
10.658990859985352,1790072880.0859962,,1588,,0.8132531642913818,6646.378993539,10000.0,-76.92391967773438,,1.3731870651245117,2.3744206632911857,,1.0,0.9275921583175659,
10.574981689453125,1790072884.3776307,,1589,,0.8140618205070496,6650.521579745,10000.0,-76.09009552001953,,1.38246488571167,2.5454980043453226,,1.0,0.927785336971283,
10.953293800354004,1790072888.520303,,1590,,0.8155279755592346,6654.666173437,10000.0,-75.6103515625,,1.3679715394973755,3.4599563594948397,,1.0,0.9279067516326904,
10.813283920288086,1790072892.6648192,,1591,,0.8154630064964294,6658.812258163,10000.0,-76.801025390625,,1.3513357639312744,3.0942431109881197,,1.0,0.9280822277069092,
10.73437786102295,1790072896.81095,,1592,,0.8144484162330627,6662.925105671,10000.0,-76.19656372070312,,1.3572893142700195,2.7319397026982237,,1.0,0.9280510544776917,
10.883697509765625,1790072900.9238148,,1593,,0.8142286539077759,6667.03787744,10000.0,-75.85615539550781,,1.4019540548324585,2.4545053381080546,,1.0,0.9268541932106018,
10.420720100402832,1790072905.0365427,,1594,,0.8196757435798645,6671.187091883,10000.0,-76.6889877319336,,1.3833051919937134,2.460568476738727,,1.0,0.928383469581604,
10.785538673400879,1790072909.1857488,,1595,,0.8135154247283936,6675.477437185,10000.0,-76.61701965332031,,1.3909111022949219,2.5968426544359224,,1.0,0.9277529716491699,
10.90736198425293,1790072913.4760993,,1596,,0.817915141582489,6679.602503789,10000.0,-76.51115417480469,,1.3996117115020752,2.2553234704236473,,1.0,0.9276925921440125,
10.819345474243164,1790072917.601136,,1597,,0.8153710961341858,6683.717460855,10000.0,-76.10165405273438,,1.3940496444702148,2.1781979996307346,,1.0,0.9269111156463623,
11.05305290222168,1790072921.716097,,1598,,0.8124849200248718,6687.822527576,10000.0,-76.45718383789062,,1.3860925436019897,2.791863087640755,,1.0,0.9273256659507751,
11.046607971191406,1790072925.8211517,,1599,,0.8197730183601379,6691.928212288,10000.0,-76.91532135009766,,1.3897879123687744,2.670374556816294,,1.0,0.9267919659614563,
10.855425834655762,1790072929.9268203,,1600,,0.8131738901138306,6696.065113045,10000.0,-76.87290954589844,,1.379514455795288,2.1985423269709843,,1.0,0.9276500940322876,
10.99829387664795,1790072934.063735,,1601,,0.8145921230316162,6700.182271377,10000.0,-75.30066680908203,,1.4231303930282593,2.407303393060617,,1.0,0.9268804788589478,
11.107105255126953,1790072938.1809049,,1602,,0.815276563167572,6704.519759372,10000.0,-76.28498840332031,,1.3636655807495117,3.792728034700056,,1.0,0.9283668994903564,
10.821032524108887,1790072942.5183082,,1603,,0.8220764994621277,6708.645747087,10000.0,-75.6558609008789,,1.4377615451812744,2.55407552318712,,1.0,0.9271191954612732,
10.593157768249512,1790072946.6444032,,1604,,0.8168975710868835,6712.767056587,10000.0,-75.09158325195312,,1.4068875312805176,2.394292897773467,,1.0,0.9288651347160339,
10.439885139465332,1790072950.765703,,1605,,0.814211368560791,6716.875389566,10000.0,-75.39112091064453,,1.362673282623291,2.3888551554372297,,1.0,0.9269019365310669,
10.052194595336914,1790072954.87405,,1606,,0.8165661692619324,6720.990898694,10000.0,-74.51136779785156,,1.3946458101272583,2.994335260711423,,1.0,0.926892876625061,
10.1410551071167,1790072958.9894958,,1607,,0.8167776465415955,6725.111556996,10000.0,-74.2332534790039,,1.4238533973693848,2.02105459345025,,1.0,0.9275194406509399,
9.852240562438965,1790072963.1102254,,1608,,0.822577953338623,6729.257799868,10000.0,-74.9676513671875,,1.387725830078125,3.0778665102155047,,1.0,0.9285581707954407,
10.151627540588379,1790072967.25643,,1609,,0.8199111819267273,6733.426039466,10000.0,-73.98355102539062,,1.3749035596847534,2.6107063762101377,,1.0,0.9299912452697754,
10.448564529418945,1790072971.4246716,,1610,,0.8181847929954529,6737.714285959,10000.0,-74.62759399414062,,1.363896131515503,2.723932450487388,,1.0,0.9282407164573669,
10.63416862487793,1790072975.7129471,,1611,,0.8154744505882263,6741.885747448,10000.0,-75.11609649658203,,1.3732898235321045,2.871084504083291,,1.0,0.9283022880554199,
10.43708610534668,1790072979.88429,,1612,,0.8239997625350952,6746.030474092,10000.0,-75.2391128540039,,1.4372612237930298,2.167136551830303,,1.0,0.9272328019142151,
10.18079948425293,1790072984.0291314,,1613,,0.8162103295326233,6750.181911145,10000.0,-75.0312271118164,,1.3816486597061157,2.6441794151341025,,1.0,0.9277175068855286,
10.130358695983887,1790072988.180566,,1614,,0.8177163004875183,6754.304748978,10000.0,-74.82475280761719,,1.379809856414795,2.1762788887783078,,1.0,0.9271833300590515,
10.193342208862305,1790072992.3034308,,1615,,0.8175387382507324,6758.43853374,10000.0,-74.89177703857422,,1.3835564851760864,3.00615346434576,,1.0,0.9274695515632629,
10.027933120727539,1790072996.4372065,,1616,,0.8165891766548157,6762.581176162,10000.0,-75.43080139160156,,1.3800338506698608,2.1749219230081103,,1.0,0.9271287322044373,
10.222615242004395,1790073000.5798206,,1617,,0.8132712841033936,6766.911723541,10000.0,-75.36259460449219,,1.3895013332366943,3.349503493680764,,1.0,0.9261434078216553,
10.519762992858887,1790073004.910373,,1618,,0.8147499561309814,6771.050145031,10000.0,-75.76144409179688,,1.385225772857666,3.21374217571302,,1.0,0.9269325733184814,
10.758113861083984,1790073009.048737,,1619,,0.816314697265625,6775.193696689,10000.0,-76.22693634033203,,1.3812583684921265,3.302421018172631,,1.0,0.929159939289093,
10.384552001953125,1790073013.1923528,,1620,,0.8143028020858765,6779.317645037,10000.0,-75.87287139892578,,1.3592547178268433,2.0431648349138,,1.0,0.927055835723877,
10.663568496704102,1790073017.3163154,,1621,,0.8164402842521667,6783.46719324,10000.0,-76.03903198242188,,1.3580491542816162,2.4808468764428238,,1.0,0.9291942119598389,
10.640045166015625,1790073021.4658482,,1622,,0.817596435546875,6787.610479895,10000.0,-75.87030792236328,,1.3686976432800293,2.622189524726399,,1.0,0.9262896776199341,
10.62333869934082,1790073025.6091387,,1623,,0.8154391646385193,6791.772083385,10000.0,-75.67201232910156,,1.3743175268173218,2.5923564950715123,,1.0,0.9273023009300232,
10.690269470214844,1790073029.7707374,,1624,,0.8186843991279602,6796.053750718,10000.0,-74.5383071899414,,1.381165623664856,2.599516950077645,,1.0,0.9278548359870911,
10.585343360900879,1790073034.0523984,,1625,,0.8132109642028809,6800.192954869,10000.0,-74.67831420898438,,1.3890420198440552,2.4045374124656758,,1.0,0.9278108477592468,
10.635924339294434,1790073038.1914613,,1626,,0.8180278539657593,6804.340478444,10000.0,-75.42367553710938,,1.3862853050231934,2.7161430688707906,,1.0,0.9286168813705444,
10.33819580078125,1790073042.3391328,,1627,,0.819516122341156,6808.469205553,10000.0,-75.6657943725586,,1.3791216611862183,2.5682282322093406,,1.0,0.9276378154754639,
10.29308795928955,1790073046.4678435,,1628,,0.8214482069015503,6812.621444102,10000.0,-76.03680419921875,,1.376570463180542,2.7950214363476835,,1.0,0.9286892414093018,
10.302170753479004,1790073050.6200502,,1629,,0.8191808462142944,6816.753852612,10000.0,-75.52091217041016,,1.396708369255066,4.101229552331753,,1.0,0.9278021454811096,
10.502047538757324,1790073054.7524676,,1630,,0.8176089525222778,6820.863032769,10000.0,-75.72415161132812,,1.400240182876587,2.5282464311515773,,1.0,0.9278714060783386,
10.469487190246582,1790073058.8616598,,1631,,0.8177564740180969,6825.001978301,10000.0,-75.96033477783203,,1.3989213705062866,2.437319587185701,,1.0,0.9274548292160034,
10.442358016967773,1790073063.0006862,,1632,,0.8190550804138184,6829.265367628,10000.0,-76.32706451416016,,1.3865944147109985,2.638745604431843,,1.0,0.9274757504463196,
10.417367935180664,1790073067.2640073,,1633,,0.8171071410179138,6833.388136777,10000.0,-75.8971939086914,,1.4015709161758423,2.652182875324586,,1.0,0.9277626276016235,
10.501357078552246,1790073071.3867776,,1634,,0.8215696811676025,6837.486821162,10000.0,-76.27709197998047,,1.3356415033340454,3.2799140749416544,,1.0,0.9280679225921631,
10.412131309509277,1790073075.4853334,,1635,,0.8200109601020813,6841.598350201,10000.0,-75.39812469482422,,1.3772228956222534,2.2742110237674438,,1.0,0.9278537034988403,
10.457547187805176,1790073079.5969963,,1636,,0.8205402493476868,6845.746861178,10000.0,-75.98613739013672,,1.3565396070480347,2.3203572782113553,,1.0,0.9283297657966614,
10.54751968383789,1790073083.7455149,,1637,,0.8200228810310364,6849.866384195,10000.0,-75.20824432373047,,1.4087547063827515,3.7298194614305014,,1.0,0.9280416965484619,
10.469876289367676,1790073087.8650355,,1638,,0.8164574503898621,6853.995300648,10000.0,-75.85041809082031,,1.395715594291687,2.543706444736504,,1.0,0.9265594482421875,
10.613874435424805,1790073091.9939318,,1639,,0.8187534809112549,6858.299099954,10000.0,-75.67223358154297,,1.4287142753601074,2.5175824393008557,,1.0,0.9274771809577942,
10.499155044555664,1790073096.2977579,,1640,,0.819333553314209,6862.43008878,10000.0,-75.5317153930664,,1.420426368713379,2.295381442485903,,1.0,0.9275717735290527,
10.722916603088379,1790073100.428719,,1641,,0.8189597129821777,6866.541700954,10000.0,-75.0347900390625,,1.3803658485412598,2.212476842031451,,1.0,0.9273703694343567,
10.847940444946289,1790073104.540347,,1642,,0.8179175853729248,6870.691376766,10000.0,-75.96669006347656,,1.3984191417694092,2.3788798931055477,,1.0,0.9270250201225281,
10.608656883239746,1790073108.6900458,,1643,,0.8198190927505493,6874.843127453,10000.0,-75.98174285888672,,1.358902931213379,2.25563937938859,,1.0,0.9278526306152344,
10.443473815917969,1790073112.8416805,,1644,,0.8189500570297241,6878.978541382,10000.0,-75.71898651123047,,1.3948003053665161,2.4007681591157928,,1.0,0.9285803437232971,
10.497819900512695,1790073116.9771907,,1645,,0.8166970610618591,6883.112122563,10000.0,-76.56365966796875,,1.355281949043274,3.0631134517226273,,1.0,0.929074227809906,
10.75637435913086,1790073121.110757,,1646,,0.8159138560295105,6887.416397942,10000.0,-75.41046905517578,,1.3885245323181152,2.4870629525732624,,1.0,0.927570104598999,
11.133896827697754,1790073125.4150562,,1647,,0.8159000873565674,6891.560396948,10000.0,-74.8222885131836,,1.3740296363830566,2.5963534387689733,,1.0,0.9275496006011963,
11.256543159484863,1790073129.5590477,,1648,,0.8149964213371277,6895.710257401,10000.0,-75.95010375976562,,1.3962295055389404,2.3916889091920264,,1.0,0.9275392889976501,
11.166509628295898,1790073133.708907,,1649,,0.8187077045440674,6899.857389188,10000.0,-76.15672302246094,,1.3577197790145874,2.5745982126195996,,1.0,0.9279264807701111,
11.206189155578613,1790073137.8560448,,1650,,0.8151631951332092,6903.991052767,10000.0,-74.70203399658203,,1.374722957611084,2.448430784185151,,1.0,0.928260326385498,
11.300811767578125,1790073141.9897182,,1651,,0.8157138228416443,6908.133453969,10000.0,-74.76012420654297,,1.4078799486160278,2.8934247438443075,,1.0,0.9262911081314087,
10.895545959472656,1790073146.1320963,,1652,,0.8202721476554871,6912.27694955,10000.0,-74.3273696899414,,1.3798075914382935,2.223623303638617,,1.0,0.9280566573143005,
11.102828025817871,1790073150.2754726,,1653,,0.8128911852836609,6916.416640847,10000.0,-74.12761688232422,,1.4006543159484863,3.1528120827767436,,1.0,0.9269863963127136,
10.884202003479004,1790073154.4152904,,1654,,0.8147154450416565,6920.765808139,10000.0,-74.53205108642578,,1.3858696222305298,2.578104139697021,,1.0,0.9276632070541382,
10.957995414733887,1790073158.7644248,,1655,,0.8144253492355347,6924.927334509,10000.0,-74.87788391113281,,1.3805596828460693,2.362496573005616,,1.0,0.9279093146324158,
10.960441589355469,1790073162.9259872,,1656,,0.8166034817695618,6929.052211921,10000.0,-74.13491821289062,,1.3795777559280396,2.7293701175170098,,1.0,0.9281943440437317,
11.229804992675781,1790073167.0508516,,1657,,0.8138641119003296,6933.179805083,10000.0,-74.82129669189453,,1.3693764209747314,2.543483238149446,,1.0,0.9264878630638123,
11.125632286071777,1790073171.1784482,,1658,,0.8171260952949524,6937.321029741,10000.0,-74.78087615966797,,1.3581346273422241,2.8113729134687127,,1.0,0.9279975891113281,
11.173110008239746,1790073175.319662,,1659,,0.8133478760719299,6941.438016624,10000.0,-74.24029541015625,,1.3756910562515259,2.6260558507764458,,1.0,0.9280698299407959,
11.380908966064453,1790073179.436658,,1660,,0.8133352398872375,6945.587080257,10000.0,-73.96432495117188,,1.3776333332061768,3.523672222408489,,1.0,0.928448498249054,
11.473615646362305,1790073183.5856752,,1661,,0.8133872747421265,6949.873485614,10000.0,-74.0838394165039,,1.3753505945205688,2.1383257927774544,,1.0,0.9277852773666382,
11.371070861816406,1790073187.8719804,,1662,,0.8136277198791504,6953.997494668,10000.0,-74.5984115600586,,1.3783562183380127,2.7662338669230997,,1.0,0.9274531602859497,
11.2750825881958,1790073191.996122,,1663,,0.8148385882377625,6958.116831339,10000.0,-74.6379623413086,,1.3630176782608032,2.2465384398462316,,1.0,0.9272087812423706,
11.236361503601074,1790073196.1154485,,1664,,0.8143872022628784,6962.238220122,10000.0,-74.41924285888672,,1.3812483549118042,2.109174348181795,,1.0,0.9270084500312805,
11.190949440002441,1790073200.2369015,,1665,,0.8132433891296387,6966.379572334,10000.0,-74.6729736328125,,1.3757396936416626,2.2626029563429966,,1.0,0.9280651211738586,
11.243605613708496,1790073204.3782065,,1666,,0.8155683875083923,6970.49077997,10000.0,-74.77485656738281,,1.3448847532272339,2.554302859101709,,1.0,0.9288889169692993,
11.284618377685547,1790073208.4894333,,1667,,0.8152939677238464,6974.609173401,10000.0,-74.58009338378906,,1.3697987794876099,3.219034614583593,,1.0,0.9277954697608948,
11.387129783630371,1790073212.6077964,,1668,,0.8140811920166016,6978.873043231,10000.0,-73.89495849609375,,1.3729745149612427,2.355510623018342,,1.0,0.9272710680961609,
11.472843170166016,1790073216.8716738,,1669,,0.8148394823074341,6982.971728447,10000.0,-74.79376983642578,,1.3426495790481567,2.7938605502303346,,1.0,0.9284383654594421,
11.551469802856445,1790073220.9703631,,1670,,0.8126681447029114,6987.075327537,10000.0,-75.07868957519531,,1.3651622533798218,2.2406756448252736,,1.0,0.927337646484375,
11.735158920288086,1790073225.0737565,,1671,,0.8155152201652527,6991.182910494,10000.0,-75.05944061279297,,1.3577150106430054,3.2720612109288023,,1.0,0.9283725619316101,
11.375389099121094,1790073229.181586,,1672,,0.8140283823013306,6995.293201321,10000.0,-75.20698547363281,,1.3548792600631714,2.632392007531355,,1.0,0.928001880645752,
11.52886962890625,1790073233.291779,,1673,,0.8148308396339417,6999.410184436,10000.0,-75.64563751220703,,1.3832876682281494,2.7636823934504195,,1.0,0.9273169040679932,
11.770332336425781,1790073237.4088285,,1674,,0.813071072101593,7003.494779593,10000.0,-75.84117889404297,,1.3899269104003906,2.191176432064859,,1.0,0.9266421794891357,
11.67131233215332,1790073241.4934418,,1675,,0.8139699697494507,7007.598740428,10000.0,-76.08716583251953,,1.3932297229766846,2.534748782527685,,1.0,0.9273414611816406,
11.409786224365234,1790073245.5974233,,1676,,0.8137828707695007,7011.917193057,10000.0,-76.26437377929688,,1.3835744857788086,2.543466399857063,,1.0,0.9269195795059204,
11.535619735717773,1790073249.9158523,,1677,,0.8120453357696533,7016.019787874,10000.0,-76.48059844970703,,1.4017395973205566,2.35159428828586,,1.0,0.9280649423599243,
11.13626480102539,1790073254.018456,,1678,,0.8152241706848145,7020.13785667,10000.0,-75.78976440429688,,1.395565152168274,2.1749917991689838,,1.0,0.9286350011825562,
11.128558158874512,1790073258.136527,,1679,,0.8176069855690002,7024.324019216,10000.0,-75.82262420654297,,1.3863548040390015,2.5029086749169402,,1.0,0.9279351830482483,
11.255206108093262,1790073262.3225722,,1680,,0.816862940788269,7028.452026999,10000.0,-74.67950439453125,,1.3991752862930298,2.6539933063532692,,1.0,0.9273665547370911,
11.37472915649414,1790073266.450687,,1681,,0.8189244270324707,7032.636617587,10000.0,-74.09529113769531,,1.4858448505401611,2.4759643698211082,,1.0,0.9270412921905518,
10.969898223876953,1790073270.6352484,,1682,,0.8149049878120422,7036.791439073,10000.0,-74.76525115966797,,1.3832887411117554,2.3100334974468746,,1.0,0.9265899062156677,
11.047008514404297,1790073274.790089,,1683,,0.8176078796386719,7041.081222385,10000.0,-74.78810119628906,,1.3697580099105835,2.875736457471079,,1.0,0.9289676547050476,
11.18648910522461,1790073279.0798278,,1684,,0.8154094815254211,7045.218354613,10000.0,-74.50343322753906,,1.3989615440368652,2.607602796867349,,1.0,0.9275122880935669,
11.242280006408691,1790073283.2169976,,1685,,0.8169293999671936,7049.357692492,10000.0,-75.37590026855469,,1.394310712814331,3.314464845787857,,1.0,0.9262803792953491,
11.178424835205078,1790073287.3563218,,1686,,0.814717710018158,7053.509328599,10000.0,-74.82315063476562,,1.4168835878372192,2.264513647489399,,1.0,0.9260302186012268,
11.658635139465332,1790073291.5079596,,1687,,0.8149210214614868,7057.639960465,10000.0,-74.932861328125,,1.3713940382003784,2.9011971353785526,,1.0,0.9279637336730957,
11.876033782958984,1790073295.6386292,,1688,,0.8169481158256531,7061.776442591,10000.0,-74.81819152832031,,1.4363114833831787,2.1928974436344513,,1.0,0.928058922290802,
11.631495475769043,1790073299.7750077,,1689,,0.8161634802818298,7065.924852908,10000.0,-74.7007064819336,,1.4164848327636719,2.833300445630719,,1.0,0.9283762574195862,
11.223509788513184,1790073303.9234784,,1690,,0.8153409361839294,7070.263154128,10000.0,-73.81126403808594,,1.4685795307159424,2.4368454696995236,,1.0,0.9268024563789368,
11.337718963623047,1790073308.261824,,1691,,0.815705418586731,7074.431356298,10000.0,-74.5229721069336,,1.4232391119003296,2.4650020564467297,,1.0,0.9285340905189514,
11.243427276611328,1790073312.43003,,1692,,0.8140996694564819,7078.573712758,10000.0,-74.63542175292969,,1.4101591110229492,2.557602032973092,,1.0,0.9280322194099426,
11.191061019897461,1790073316.5723243,,1693,,0.8174996376037598,7082.73251304,10000.0,-74.38572692871094,,1.4090673923492432,2.8907069297438865,,1.0,0.9281414747238159,
11.113049507141113,1790073320.7311728,,1694,,0.8159258365631104,7086.878693184,10000.0,-74.05239868164062,,1.4049463272094727,2.4989985459772397,,1.0,0.9282457232475281,
10.957270622253418,1790073324.877347,,1695,,0.8158315420150757,7091.004929662,10000.0,-74.3878402709961,,1.3898780345916748,2.513199585176766,,1.0,0.9278085827827454,
11.0055570602417,1790073329.0035696,,1696,,0.8153476119041443,7095.124039918,10000.0,-74.68915557861328,,1.4021934270858765,2.3832252078892466,,1.0,0.927257239818573,
10.951926231384277,1790073333.1227057,,1697,,0.8166435360908508,7099.25237067,10000.0,-74.44711303710938,,1.3929790258407593,2.786806289850445,,1.0,0.9269728064537048,
10.927970886230469,1790073337.2509985,,1698,,0.8166685700416565,7103.554306001,10000.0,-74.97335815429688,,1.4246983528137207,2.6662886014356117,,1.0,0.9281812906265259,
11.090182304382324,1790073341.552974,,1699,,0.8161712884902954,7107.695842065,10000.0,-75.21602630615234,,1.4394927024841309,2.5580670280019393,,1.0,0.9281032085418701,
11.291319847106934,1790073345.694501,,1700,,0.8176952600479126,7111.825396722,10000.0,-75.26527404785156,,1.4039528369903564,2.919427859717712,,1.0,0.9280235171318054,
11.343088150024414,1790073349.8240516,,1701,,0.8172059655189514,7115.931010469,10000.0,-75.7260513305664,,1.4059795141220093,2.931207219488881,,1.0,0.9263715147972107,
10.904186248779297,1790073353.927624,,1702,,0.8151569366455078,7120.052811293,10000.0,-75.28219604492188,,1.407589077949524,2.7538528560584936,,1.0,0.9269623756408691,
11.267617225646973,1790073358.0514512,,1703,,0.8177054524421692,7124.164013978,10000.0,-75.59801483154297,,1.3958700895309448,3.275688110936131,,1.0,0.9271344542503357,
11.225223541259766,1790073362.1626647,,1704,,0.8157312870025635,7128.297102309,10000.0,-75.71551513671875,,1.4174308776855469,3.3040489808540126,,1.0,0.9271288514137268,
10.95071792602539,1790073366.2957857,,1705,,0.8177171349525452,7132.588932105,10000.0,-75.65776062011719,,1.399449110031128,2.2915274758046404,,1.0,0.927595853805542,
11.139559745788574,1790073370.5875769,,1706,,0.8152969479560852,7136.687411272,10000.0,-75.75469207763672,,1.3937420845031738,2.26241340906422,,1.0,0.926811933517456,
11.04458999633789,1790073374.6860626,,1707,,0.8202145099639893,7140.780768315,10000.0,-75.86873626708984,,1.3650851249694824,2.972666570532677,,1.0,0.9291765689849854,
10.98231315612793,1790073378.7794213,,1708,,0.8185245990753174,7144.904250904,10000.0,-76.2240219116211,,1.377983570098877,2.8162782405304547,,1.0,0.9267066121101379,
10.924539566040039,1790073382.9029167,,1709,,0.8158564567565918,7149.004087888,10000.0,-76.44210815429688,,1.364799976348877,2.813272957314502,,1.0,0.9275711178779602,
10.982059478759766,1790073387.0026443,,1710,,0.8172479867935181,7153.121338099,10000.0,-76.18754577636719,,1.364598035812378,2.7127236595095914,,1.0,0.927356481552124,
10.973807334899902,1790073391.1199625,,1711,,0.8174257874488831,7157.242385089,10000.0,-76.84515380859375,,1.3618813753128052,2.6854928475487396,,1.0,0.9273613691329956,
11.177412986755371,1790073395.2410605,,1712,,0.8190212845802307,7161.492883989,10000.0,-76.1384506225586,,1.3625134229660034,2.549575417706163,,1.0,0.9279547929763794,
11.497846603393555,1790073399.491523,,1713,,0.8183882832527161,7165.577708464,10000.0,-76.37403106689453,,1.3502343893051147,2.92216658402934,,1.0,0.9280779957771301,
11.361713409423828,1790073403.57634,,1714,,0.8179786205291748,7169.71148617,10000.0,-76.75332641601562,,1.3449149131774902,3.198572140770689,,1.0,0.928958535194397,
11.428581237792969,1790073407.7101486,,1715,,0.8125934600830078,7173.841329427,10000.0,-76.9172134399414,,1.3796565532684326,2.611932820170212,,1.0,0.9267208576202393,
11.691794395446777,1790073411.8399947,,1716,,0.8158838152885437,7177.976051213,10000.0,-76.5362319946289,,1.371375322341919,2.7790961332763833,,1.0,0.9268205761909485,
11.317744255065918,1790073415.974692,,1717,,0.8280988931655884,7182.122637811,10000.0,-76.98802185058594,,1.6662178039550781,2.1667488077404977,,1.0,0.9277986884117126,
11.052298545837402,1790073420.1212764,,1718,,0.8118542432785034,7186.252116428,10000.0,-76.08854675292969,,1.404870867729187,2.6878409692074023,,1.0,0.9269073605537415,
11.053089141845703,1790073424.250666,,1719,,0.8169384598731995,7190.404219238,10000.0,-75.77226257324219,,1.3830031156539917,3.379316335112613,,1.0,0.9268389344215393,
11.182833671569824,1790073428.4028563,,1720,,0.8176805973052979,7194.711711186,10000.0,-75.2618637084961,,1.4516621828079224,2.8989342271555265,,1.0,0.9290248155593872,
11.237671852111816,1790073432.7103114,,1721,,0.814287543296814,7198.837813975,10000.0,-75.68622589111328,,1.3760114908218384,3.0943110955751427,,1.0,0.9287354350090027,
11.265597343444824,1790073436.8364432,,1722,,0.8178157210350037,7202.97635622,10000.0,-75.89383697509766,,1.3758097887039185,2.619829249641038,,1.0,0.927462100982666,
11.160286903381348,1790073440.9750824,,1723,,0.8182435035705566,7207.105671143,10000.0,-76.34459686279297,,1.3564105033874512,3.0310964810696595,,1.0,0.9279811382293701,
11.118316650390625,1790073445.1043298,,1724,,0.8155840039253235,7211.22573863,10000.0,-76.2405014038086,,1.3801182508468628,2.29723971543993,,1.0,0.9281416535377502,
11.248339653015137,1790073449.2243514,,1725,,0.8127108812332153,7215.359285122,10000.0,-75.83458709716797,,1.3712217807769775,2.3785295184446245,,1.0,0.9280739426612854,
11.413168907165527,1790073453.3579447,,1726,,0.815773606300354,7219.495505612,10000.0,-76.11737060546875,,1.3833246231079102,2.5215681682470694,,1.0,0.9278827905654907,
11.571163177490234,1790073457.4941778,,1727,,0.8202658295631409,7223.764412292,10000.0,-75.91763305664062,,1.5011582374572754,3.2061604369244976,,1.0,0.926517128944397,
11.291577339172363,1790073461.7630377,,1728,,0.8153430819511414,7227.899057355,10000.0,-75.09075927734375,,1.3897894620895386,2.4189432320541595,,1.0,0.9271441698074341,
11.054113388061523,1790073465.897688,,1729,,0.8131526708602905,7232.031357061,10000.0,-75.89358520507812,,1.403530240058899,2.563225779967431,,1.0,0.9266194105148315,
11.002071380615234,1790073470.0300045,,1730,,0.8149850368499756,7236.153173264,10000.0,-75.82838439941406,,1.3803128004074097,2.536683673392016,,1.0,0.9270341992378235,
11.068459510803223,1790073474.1517851,,1731,,0.8176975846290588,7240.275007389,10000.0,-75.54035949707031,,1.3707386255264282,1.9656256427240142,,1.0,0.9281032085418701,
11.321938514709473,1790073478.273666,,1732,,0.8148253560066223,7244.388537404,10000.0,-75.14692687988281,,1.4024866819381714,2.958608257722598,,1.0,0.927937388420105,
11.140018463134766,1790073482.387197,,1733,,0.8141103386878967,7248.512368243,10000.0,-75.08386993408203,,1.4208579063415527,2.9308860661575946,,1.0,0.9255768656730652,
11.401071548461914,1790073486.5110416,,1734,,0.8186401128768921,7252.784291144,10000.0,-75.23646545410156,,1.4027212858200073,2.6815598582690696,,1.0,0.9284943342208862,
11.39867877960205,1790073490.782919,,1735,,0.8145888447761536,7256.897029543,10000.0,-75.4315414428711,,1.4129745960235596,2.201750336724176,,1.0,0.9282060861587524,
11.492012023925781,1790073494.8956661,,1736,,0.8186476826667786,7261.013610002,10000.0,-75.40172576904297,,1.4144517183303833,2.871896689784661,,1.0,0.9276558756828308,
11.333704948425293,1790073499.0122604,,1737,,0.8172298669815063,7265.150960958,10000.0,-75.05902099609375,,1.4432815313339233,2.8114773635393724,,1.0,0.9265629649162292,
11.62893295288086,1790073503.14962,,1738,,0.8199772834777832,7269.283983951,10000.0,-75.76254272460938,,1.3552863597869873,2.209398198507303,,1.0,0.9282261729240417,
11.507671356201172,1790073587.365436,,1739,0.3276271537704831,0.8173854947090149,7350.990471099,10000.0,-76.27070617675781,0.021997359996615447,1.4151710271835327,2.955698097243998,0.6404615640640259,1.0,0.9270095825195312,
,1790073588.989142,0.5899803042411804,1740,,,7352.691700765,,,,,,,,,10000.0
,1790073590.6904187,0.5914396643638611,1741,,,7354.232667194,,,,,,,,,10000.0
,1790073592.2313564,0.5924917459487915,1742,,,7355.787211647,,,,,,,,,10000.0
,1790073593.785905,0.591810405254364,1743,,,7357.330785284,,,,,,,,,10000.0
,1790073595.3295288,0.5929792523384094,1744,,,7358.8716085,,,,,,,,,10000.0
,1790073596.8703685,0.5900232195854187,1745,,,7360.414542955,,,,,,,,,10000.0
,1790073598.413321,0.5920906066894531,1746,,,7361.948942056,,,,,,,,,10000.0
,1790073599.947723,0.5902861952781677,1747,,,7363.504512467,,,,,,,,,10000.0
,1790073601.5032,0.5910586714744568,1748,,,7365.047249118,,,,,,,,,10000.0
,1790073603.0459492,0.5925130248069763,1749,,,7366.591980473,,,,,,,,,10000.0
,1790073604.5906425,0.590005099773407,1750,,,7368.282901899,,,,,,,,,10000.0
,1790073606.281653,0.5907959342002869,1751,,,7369.834231466,,,,,,,,,10000.0
,1790073607.8329892,0.5906118750572205,1752,,,7371.378715155,,,,,,,,,10000.0
,1790073609.3774545,0.591627299785614,1753,,,7372.912918156,,,,,,,,,10000.0
,1790073610.9116304,0.5887085795402527,1754,,,7374.449708647,,,,,,,,,10000.0
,1790073612.4483542,0.5943277478218079,1755,,,7375.999292915,,,,,,,,,10000.0
,1790073613.997984,0.591616153717041,1756,,,7377.66504562,,,,,,,,,10000.0
,1790073615.6637607,0.5934507250785828,1757,,,7379.20252347,,,,,,,,,10000.0
,1790073617.2013056,0.594412088394165,1758,,,7380.758109815,,,,,,,,,10000.0
,1790073618.756906,0.5892608761787415,1759,,,7384.877756415,,,,,,,,,10000.0
11.390607833862305,1790073622.876454,,1760,,0.8187045454978943,7389.003718909,10000.0,-76.08233642578125,,1.3968223333358765,2.5207653199634414,,1.0,0.9276596903800964,
11.415329933166504,1790073627.002361,,1761,,0.8156026601791382,7393.126190912,10000.0,-77.10406494140625,,1.3809292316436768,2.1857451031615294,,1.0,0.927229642868042,
11.214127540588379,1790073631.1248262,,1762,,0.8201219439506531,7397.226891927,10000.0,-76.13956451416016,,1.3907349109649658,2.15712718475172,,1.0,0.9283759593963623,
11.40587043762207,1790073635.2255833,,1763,,0.8185549378395081,7401.342279474,10000.0,-76.7742691040039,,1.3906607627868652,2.097083828007949,,1.0,0.9279158115386963,
11.150415420532227,1790073639.3409107,,1764,,0.8163293600082397,7405.583909435,10000.0,-76.94066619873047,,1.4017152786254883,3.327739181443507,,1.0,0.9265744686126709,
11.2142972946167,1790073643.582548,,1765,,0.8177459239959717,7409.755528991,10000.0,-75.2604751586914,,1.3969148397445679,2.0923753651395276,,1.0,0.926734447479248,
11.412742614746094,1790073647.7541711,,1766,,0.8162244558334351,7413.850880278,10000.0,-75.9151840209961,,1.3901022672653198,2.621905880266506,,1.0,0.9274947643280029,
11.194805145263672,1790073651.8495376,,1767,,0.8180417418479919,7417.950658016,10000.0,-76.46997833251953,,1.404996633529663,2.86613293924998,,1.0,0.9281874895095825,
11.414142608642578,1790073655.9492965,,1768,,0.8188939690589905,7422.069665941,10000.0,-76.7769775390625,,1.4011437892913818,2.613298383238079,,1.0,0.9270662665367126,
11.529994010925293,1790073660.0682096,,1769,,0.8125345706939697,7426.204748315,10000.0,-77.12705993652344,,1.3960806131362915,2.735560553987846,,1.0,0.9269124865531921,
11.308466911315918,1790073664.2034025,,1770,,0.8105332255363464,7430.337684493,10000.0,-76.56375122070312,,1.3803790807724,2.551611232074864,,1.0,0.9264711141586304,
11.531335830688477,1790073668.3363428,,1771,,0.8170628547668457,7434.587469638,10000.0,-76.89559173583984,,1.3728729486465454,2.51914001332656,,1.0,0.9282277822494507,
11.713390350341797,1790073672.5855844,,1772,,0.8152273297309875,7438.69992583,10000.0,-77.2160415649414,,1.3478950262069702,1.9340616491534584,,1.0,0.928367018699646,
11.501948356628418,1790073676.6985705,,1773,,0.8136748671531677,7442.831007262,10000.0,-77.31572723388672,,1.3606213331222534,2.065781677738305,,1.0,0.9267783164978027,
11.495382308959961,1790073680.8296664,,1774,,0.8124243021011353,7446.951586694,10000.0,-77.44235229492188,,1.3804991245269775,3.003847470952106,,1.0,0.9277907013893127,
11.518270492553711,1790073684.950255,,1775,,0.8151280283927917,7451.032404864,10000.0,-77.18959045410156,,1.3736135959625244,2.3433690958700013,,1.0,0.9276112914085388,
11.325152397155762,1790073689.0310423,,1776,,0.8125346899032593,7455.152522889,10000.0,-77.35885620117188,,1.3712992668151855,2.450587314941306,,1.0,0.9268444180488586,
11.435102462768555,1790073693.1511993,,1777,,0.8110948204994202,7459.27062078,10000.0,-75.97139739990234,,1.3850741386413574,2.3816291871554505,,1.0,0.9267823696136475,
11.179198265075684,1790073697.2692475,,1778,,0.8154078722000122,7463.405689344,10000.0,-75.76190185546875,,1.411818027496338,2.5603871827956053,,1.0,0.9260298013687134,
11.221207618713379,1790073701.404329,,1779,,0.8152828812599182,7467.66704502,10000.0,-76.4806900024414,,1.3576011657714844,3.8318999202687096,,1.0,0.9277727007865906,
11.021614074707031,1790073705.6656778,,1780,,0.8209691047668457,7471.755076228,10000.0,-76.13536834716797,,1.3990695476531982,2.220281208114609,,1.0,0.9286675453186035,
10.890373229980469,1790073709.7537155,,1781,,0.8144539594650269,7475.862360715,10000.0,-75.7315902709961,,1.387379765510559,2.018533435470465,,1.0,0.9281122088432312,
11.197391510009766,1790073713.8610113,,1782,,0.8166356086730957,7479.989555874,10000.0,-76.07743072509766,,1.3622806072235107,2.8034125881691403,,1.0,0.9276763200759888,
11.036799430847168,1790073717.9881918,,1783,,0.8139896988868713,7484.089772134,10000.0,-76.23023223876953,,1.3586925268173218,2.9428583474911196,,1.0,0.9276341795921326,
11.114301681518555,1790073722.0884256,,1784,,0.8169448971748352,7488.221006445,10000.0,-76.69257354736328,,1.3784096240997314,2.63908879472202,,1.0,0.9277197122573853,
11.243961334228516,1790073726.2196364,,1785,,0.8194124102592468,7492.34953096,10000.0,-76.52855682373047,,1.3723515272140503,2.269591035524711,,1.0,0.9290066361427307,
10.605417251586914,1790073730.348189,,1786,,0.8620730042457581,7496.638023281,10000.0,-76.2618179321289,,2.2643566131591797,2.8027133551254533,,1.0,0.9269741177558899,
10.601375579833984,1790073734.6366525,,1787,,0.8380731344223022,7500.749843081,10000.0,-75.78124237060547,,1.8335613012313843,2.321983460149362,,1.0,0.9278165698051453,
10.460956573486328,1790073738.7485085,,1788,,0.8195068836212158,7504.882041589,10000.0,-75.40258026123047,,1.4283654689788818,2.600700072163176,,1.0,0.9283550381660461,
10.761161804199219,1790073742.8807094,,1789,,0.8183942437171936,7508.972716008,10000.0,-75.4765853881836,,1.3880261182785034,2.05728584286627,,1.0,0.9285476207733154,
10.720376968383789,1790073746.97135,,1790,,0.8173785209655762,7513.097199832,10000.0,-75.63418579101562,,1.4124233722686768,2.4360771823343463,,1.0,0.9286999702453613,
10.5836820602417,1790073751.0958211,,1791,,0.813518226146698,7517.200138298,10000.0,-76.33214569091797,,1.3954439163208008,3.279912223658121,,1.0,0.9266196489334106,
10.97426986694336,1790073755.1988149,,1792,,0.812894344329834,7521.331127823,10000.0,-76.06465148925781,,1.4026391506195068,3.3952089960273284,,1.0,0.9267973303794861,
11.214252471923828,1790073759.3298042,,1793,,0.8156425952911377,7525.622100707,10000.0,-75.80309295654297,,1.4141948223114014,2.3812406994087723,,1.0,0.9287605881690979,
10.741874694824219,1790073763.6207635,,1794,,0.8178983926773071,7529.718524854,10000.0,-75.17144775390625,,1.4743924140930176,2.5255634609506656,,1.0,0.9271329641342163,
10.926946640014648,1790073767.7171917,,1795,,0.8170718550682068,7533.836693661,10000.0,-75.11587524414062,,1.415601372718811,2.3938423940236513,,1.0,0.9279427528381348,
10.803949356079102,1790073771.835304,,1796,,0.814319372177124,7537.947254352,10000.0,-75.71444702148438,,1.42546808719635,3.003386578561202,,1.0,0.9291092753410339,
10.646064758300781,1790073775.9459035,,1797,,0.8180046677589417,7542.06614523,10000.0,-75.33287811279297,,1.4681847095489502,2.2783522340637576,,1.0,0.9267545938491821,
10.831822395324707,1790073780.0647879,,1798,,0.8145996332168579,7546.199335658,10000.0,-76.11424255371094,,1.377943754196167,2.2491748519929584,,1.0,0.9288051724433899,
10.970620155334473,1790073784.1979957,,1799,,0.8168803453445435,7550.303360885,10000.0,-75.57930755615234,,1.42698335647583,3.6299927827784884,,1.0,0.9283975958824158,
10.942647933959961,1790073788.3020318,,1800,,0.8193474411964417,7554.435138514,10000.0,-75.53445434570312,,1.408023715019226,2.7393482100788273,,1.0,0.9284873008728027,
10.938898086547852,1790073792.433795,,1801,,0.813345193862915,7558.676956183,10000.0,-75.58618927001953,,1.4002183675765991,2.4708604796245925,,1.0,0.927337646484375,
10.990632057189941,1790073796.675603,,1802,,0.8143907189369202,7562.763569046,10000.0,-75.89277648925781,,1.4126501083374023,2.415845596852116,,1.0,0.9274548888206482,
11.206306457519531,1790073800.7622092,,1803,,0.8157065510749817,7566.87593081,10000.0,-75.97173309326172,,1.3856596946716309,2.2878694322756243,,1.0,0.9275814890861511,
11.301902770996094,1790073804.8745642,,1804,,0.8192912340164185,7570.967188263,10000.0,-73.84139251708984,,1.4027711153030396,2.8971077130296194,,1.0,0.9286940693855286,
11.079229354858398,1790073808.965835,,1805,,0.8148762583732605,7575.095372099,10000.0,-75.75498962402344,,1.4017035961151123,2.6297151540949457,,1.0,0.9275875091552734,
11.373906135559082,1790073813.0939882,,1806,,0.8145310878753662,7579.215003099,10000.0,-75.80317687988281,,1.411470651626587,2.976943538887995,,1.0,0.9271477460861206,
11.147431373596191,1790073817.2136674,,1807,,0.8140147924423218,7583.32571634,10000.0,-76.67723846435547,,1.4088256359100342,3.0304773400668172,,1.0,0.9274422526359558,
10.929228782653809,1790073821.3243432,,1808,,0.8161321878433228,7587.561144823,10000.0,-76.47826385498047,,1.4100675582885742,2.216048884101088,,1.0,0.9282649755477905,
10.964417457580566,1790073825.559784,,1809,,0.8108568787574768,7591.644021294,10000.0,-76.55286407470703,,1.407577395439148,2.68601057718855,,1.0,0.926781177520752,
10.942231178283691,1790073829.642593,,1810,,0.8115254044532776,7595.763819748,10000.0,-76.7874526977539,,1.4003921747207642,2.828311213803428,,1.0,0.9278526306152344,
10.964714050292969,1790073833.7624536,,1811,,0.8133408427238464,7599.902063001,10000.0,-76.49517059326172,,1.3908319473266602,2.0901504623699707,,1.0,0.927897572517395,
11.215080261230469,1790073837.90061,,1812,,0.8161625862121582,7604.005317254,10000.0,-76.09016418457031,,1.4187233448028564,2.467996156216204,,1.0,0.9279899001121521,
11.184401512145996,1790073842.003962,,1813,,0.8142389059066772,7608.102912524,10000.0,-76.23039245605469,,1.3996250629425049,3.0866785234115603,,1.0,0.9270347356796265,
11.072504997253418,1790073846.1015582,,1814,,0.8143063187599182,7612.19149761,10000.0,-76.69798278808594,,1.4056864976882935,2.9443643225294593,,1.0,0.9274191856384277,
10.864217758178711,1790073850.1901608,,1815,,0.817402720451355,7616.468817122,10000.0,-76.96955108642578,,1.403745174407959,1.9537361492695426,,1.0,0.9276706576347351,
10.753177642822266,1790073854.4674554,,1816,,0.8184623718261719,7620.557347944,10000.0,-76.5890884399414,,1.3932403326034546,2.8983214984327588,,1.0,0.9276725649833679,
10.929828643798828,1790073858.5560164,,1817,,0.8151588439941406,7624.668127994,10000.0,-75.5274429321289,,1.4024896621704102,2.8408808989505205,,1.0,0.9284659028053284,
10.763586044311523,1790073862.6668055,,1818,,0.8140307664871216,7628.77931555,10000.0,-76.3088150024414,,1.4161187410354614,2.8758742896432876,,1.0,0.9272089600563049,
10.801822662353516,1790073866.777996,,1819,,0.8195342421531677,7632.884060192,10000.0,-76.54591369628906,,1.383171796798706,2.0764971978195326,,1.0,0.9296118021011353,
11.0796480178833,1790073870.8827164,,1820,,0.8114454746246338,7636.980422415,10000.0,-75.89019775390625,,1.4189785718917847,2.450677664787982,,1.0,0.9279946088790894,
11.209425926208496,1790073874.979084,,1821,,0.8160800337791443,7641.069732905,10000.0,-76.89592742919922,,1.424546480178833,2.326392866742918,,1.0,0.9264270067214966,
11.085021018981934,1790073879.0683467,,1822,,0.8150413036346436,7645.163752954,10000.0,-76.11859893798828,,1.409195065498352,2.82862715310047,,1.0,0.9274265766143799,
10.798480033874512,1790073883.1623344,,1823,,0.8169522285461426,7649.431866444,10000.0,-76.42147827148438,,1.4047245979309082,2.6614398516295834,,1.0,0.9260072112083435,
11.00709342956543,1790073887.4305246,,1824,,0.8167672157287598,7653.515917653,10000.0,-76.52835083007812,,1.3753796815872192,2.803871211766081,,1.0,0.9282979369163513,
11.341777801513672,1790073891.5144506,,1825,,0.8182397484779358,7657.634189923,10000.0,-76.8479995727539,,1.3525784015655518,2.4512714999429344,,1.0,0.9277205467224121,
11.246297836303711,1790073895.632812,,1826,,0.8183147311210632,7661.73599286,10000.0,-76.67877197265625,,1.3735525608062744,2.6962325744810514,,1.0,0.9278719425201416,
11.309505462646484,1790073899.7346191,,1827,,0.813167929649353,7665.857367656,10000.0,-76.52484130859375,,1.384813666343689,2.3926466338894095,,1.0,0.9267111420631409,
11.042732238769531,1790073903.8559966,,1828,,0.8121138215065002,7669.963841594,10000.0,-75.68360137939453,,1.4059981107711792,2.193773383387063,,1.0,0.9263777136802673,
10.930996894836426,1790073907.9625401,,1829,,0.8160618543624878,7674.05074248,10000.0,-76.58757019042969,,1.374861717224121,3.2199190525385073,,1.0,0.9275524020195007,
11.052879333496094,1790073912.049441,,1830,,0.8183646202087402,7678.290477267,10000.0,-75.94786834716797,,1.3899929523468018,2.7190968326475438,,1.0,0.928230881690979,
10.88142204284668,1790073916.2891064,,1831,,0.8164831399917603,7682.408859876,10000.0,-76.08873748779297,,1.4146925210952759,2.7308031895826965,,1.0,0.9275175333023071,
10.618548393249512,1790073920.4075134,,1832,,0.8186503052711487,7686.518635206,10000.0,-76.867919921875,,1.3639118671417236,3.758125612086202,,1.0,0.9289363622665405,
10.751791000366211,1790073924.5172813,,1833,,0.8143193125724792,7690.645140622,10000.0,-76.81839752197266,,1.4126850366592407,4.028702389917747,,1.0,0.9265749454498291,
10.492622375488281,1790073928.6437328,,1834,,0.8160275220870972,7694.746295644,10000.0,-77.63964080810547,,1.3746258020401,2.603421896584036,,1.0,0.9279145002365112,
10.391999244689941,1790073932.744961,,1835,,0.8110471963882446,7698.849746635,10000.0,-77.08647155761719,,1.384303092956543,2.8722366285060597,,1.0,0.9254146814346313,
10.555959701538086,1790073936.8484216,,1836,,0.8167743682861328,7702.944032385,10000.0,-78.04053497314453,,1.3679524660110474,2.2248695020000135,,1.0,0.9272550344467163,
10.3148193359375,1790073940.9426727,,1837,,0.8128558993339539,7707.205080801,10000.0,-77.65304565429688,,1.3722912073135376,2.7657212120773345,,1.0,0.9271311163902283,
10.339150428771973,1790073945.2037237,,1838,,0.8166642785072327,7711.33206471,10000.0,-77.46229553222656,,1.4044747352600098,2.253877456410227,,1.0,0.9270880818367004,
10.362051963806152,1790073949.3307214,,1839,,0.8149356245994568,7715.430412867,10000.0,-76.86711120605469,,1.3962452411651611,2.5475680010446875,,1.0,0.9268558621406555,
10.31462287902832,1790073953.4290848,,1840,,0.8129806518554688,7719.550940792,10000.0,-76.39380645751953,,1.389650821685791,2.731960549532612,,1.0,0.9291813373565674,
10.456279754638672,1790073957.549445,,1841,,0.8168796300888062,7723.683388025,10000.0,-76.89352416992188,,1.402916669845581,2.8690950975475076,,1.0,0.9267743825912476,
10.662602424621582,1790073961.6820295,,1842,,0.812746524810791,7727.796047652,10000.0,-76.647216796875,,1.4278547763824463,2.279332578580475,,1.0,0.9264248013496399,
10.770915985107422,1790073965.794692,,1843,,0.8139665722846985,7731.9033401,10000.0,-76.06353759765625,,1.3907300233840942,3.5857235680524333,,1.0,0.9285174012184143,
10.858776092529297,1790073969.9019985,,1844,,0.8188790082931519,7736.006618606,10000.0,-75.8111801147461,,1.402917504310608,3.0608037001712853,,1.0,0.9285799264907837,
10.563790321350098,1790073974.005277,,1845,,0.8157676458358765,7740.323161743,10000.0,-75.42436218261719,,1.4379987716674805,2.851234165760493,,1.0,0.9273331165313721,
10.519756317138672,1790073978.3218138,,1846,,0.8159951567649841,7744.43185903,10000.0,-76.24974822998047,,1.395331859588623,2.5517273148385886,,1.0,0.928596556186676,
10.622690200805664,1790073982.4305403,,1847,,0.8163803815841675,7748.536173681,10000.0,-76.20196533203125,,1.4075875282287598,2.1462945109389975,,1.0,0.9280304908752441,
10.714757919311523,1790073986.5347471,,1848,,0.8170788288116455,7752.64050377,10000.0,-76.84319305419922,,1.388288974761963,2.5881646157272606,,1.0,0.927289605140686,
10.628155708312988,1790073990.639129,,1849,,0.8147299885749817,7756.742786778,10000.0,-76.54497528076172,,1.415634036064148,2.894373705155687,,1.0,0.9272400140762329,
10.64148235321045,1790073994.7413237,,1850,,0.818223237991333,7760.806163219,10000.0,-76.88414764404297,,1.402133584022522,2.3382624011759274,,1.0,0.928622841835022,
10.640417098999023,1790073998.8048317,,1851,,0.8187869787216187,7764.895501613,10000.0,-74.90263366699219,,1.4262678623199463,2.611976945853518,,1.0,0.9270395040512085,
10.604342460632324,1790074002.8941426,,1852,,0.8163395524024963,7769.175896497,10000.0,-75.76115417480469,,1.4005769491195679,2.9469572156607273,,1.0,0.9273131489753723,
10.540068626403809,1790074007.1745148,,1853,,0.8185854554176331,7773.256707448,10000.0,-76.85292053222656,,1.3773657083511353,2.293362560506434,,1.0,0.9286787509918213,
10.62255859375,1790074011.2553341,,1854,,0.813340425491333,7777.348618591,10000.0,-76.89959716796875,,1.3866313695907593,2.994366871215787,,1.0,0.9267366528511047,
10.6887845993042,1790074015.347269,,1855,,0.8155673146247864,7781.44343581,10000.0,-77.2059097290039,,1.3790414333343506,2.366542331759213,,1.0,0.9275718927383423,
10.425165176391602,1790074019.44205,,1856,,0.8114743828773499,7785.561764428,10000.0,-77.5504379272461,,1.3838701248168945,2.146102101046764,,1.0,0.9272697567939758,
10.473625183105469,1790074023.5604205,,1857,,0.8170093297958374,7789.690134219,10000.0,-77.5878677368164,,1.3894613981246948,2.9374192004427737,,1.0,0.9284350872039795,
10.452275276184082,1790074027.688798,,1858,,0.8152991533279419,7793.80528831,10000.0,-78.17711639404297,,1.373268723487854,2.862458669929059,,1.0,0.9264439344406128,
9.713105201721191,1790074031.803828,,1859,,0.8308535814285278,7798.113102457,10000.0,-77.74253845214844,,1.606547236442566,2.9908623664704,,1.0,0.928473949432373,
9.693258285522461,1790074036.1117437,,1860,,0.8146076202392578,7802.221649856,10000.0,-76.8165512084961,,1.3964070081710815,2.286844067744422,,1.0,0.928331732749939,
9.893157005310059,1790074040.2202423,,1861,,0.8162075877189636,7806.322059119,10000.0,-77.05823516845703,,1.366176724433899,2.5523988511196305,,1.0,0.9281353950500488,
10.146995544433594,1790074044.320698,,1862,,0.8190392255783081,7810.437602038,10000.0,-77.43614959716797,,1.4034407138824463,2.7685722621264275,,1.0,0.92863929271698,
10.3770112991333,1790074048.4362383,,1863,,0.8121163249015808,7814.52739147,10000.0,-77.2559585571289,,1.402561068534851,2.840245133279878,,1.0,0.9267498254776001,
10.170496940612793,1790074052.526025,,1864,,0.8152488470077515,7818.650835839,10000.0,-77.72724151611328,,1.3625718355178833,2.4146568058682676,,1.0,0.9276379346847534,
9.907928466796875,1790074056.649489,,1865,,0.8130967617034912,7822.773303388,10000.0,-78.1917953491211,,1.3668110370635986,2.2976088483671613,,1.0,0.9268495440483093,
10.169205665588379,1790074060.7719553,,1866,,0.8135870099067688,7826.885304,10000.0,-78.48568725585938,,1.353951096534729,2.5512111631234005,,1.0,0.9283594489097595,
10.195951461791992,1790074064.8839493,,1867,,0.815680742263794,7831.134821531,10000.0,-77.5435562133789,,1.4107916355133057,2.79996151560329,,1.0,0.9266616106033325,
10.058110237121582,1790074069.1333475,,1868,,0.8180450201034546,7835.237232468,10000.0,-78.38693237304688,,1.3852523565292358,2.9855949772719645,,1.0,0.927326500415802,
9.890560150146484,1790074073.2359068,,1869,,0.8126402497291565,7839.356517775,10000.0,-78.10102844238281,,1.379095435142517,2.393948286880629,,1.0,0.9270374178886414,
10.129836082458496,1790074077.3551702,,1870,,0.8144685626029968,7843.500165949,10000.0,-78.22049713134766,,1.383028507232666,2.0793098792163427,,1.0,0.9267460107803345,
9.916179656982422,1790074081.4988031,,1871,,0.8137410879135132,7847.626795995,10000.0,-77.80127716064453,,1.3801461458206177,2.306634971604576,,1.0,0.9254229664802551,
9.996123313903809,1790074085.6254702,,1872,,0.8145207762718201,7851.757849529,10000.0,-77.44229125976562,,1.3867919445037842,2.853927862732474,,1.0,0.9270166158676147,
9.908892631530762,1790074089.756477,,1873,,0.8164774179458618,7855.883064249,10000.0,-77.4190673828125,,1.349239468574524,2.649309402750693,,1.0,0.9278242588043213,
10.093570709228516,1790074093.8817306,,1874,,0.8137058019638062,7860.176870622,10000.0,-77.5542221069336,,1.375117540359497,2.664990809792032,,1.0,0.9273484945297241,
9.78021240234375,1790074098.1755257,,1875,,0.8163099884986877,7864.314180295,10000.0,-76.66024780273438,,1.42694890499115,3.4070901095336614,,1.0,0.9283308982849121,
10.192463874816895,1790074102.312857,,1876,,0.8189029097557068,7868.432411088,10000.0,-76.35167694091797,,1.421647310256958,3.180215666811894,,1.0,0.9277541637420654,
10.190889358520508,1790074106.4310353,,1877,,0.8126094937324524,7872.554869182,10000.0,-77.28173828125,,1.401166558265686,3.209949609992062,,1.0,0.9278209209442139,
10.327457427978516,1790074110.553491,,1878,,0.8142698407173157,7876.674227264,10000.0,-77.95352935791016,,1.3787658214569092,3.1089359993808503,,1.0,0.9267210960388184,
10.116183280944824,1790074114.672865,,1879,,0.8092281222343445,7880.817743469,10000.0,-77.40887451171875,,1.3906294107437134,2.4298736601962316,,1.0,0.9252371191978455,
10.042389869689941,1790074118.8164096,,1880,,0.815061628818512,7884.939302371,10000.0,-76.60760498046875,,1.383671760559082,2.404249978135283,,1.0,0.9276997447013855,
10.260751724243164,1790074122.9379504,,1881,,0.8123101592063904,7889.263320929,10000.0,-76.58548736572266,,1.386547565460205,2.2985557193166644,,1.0,0.9274193644523621,
10.376752853393555,1790074127.2619615,,1882,,0.8110722899436951,7893.3986439,10000.0,-76.68302917480469,,1.3730577230453491,2.3270209400364403,,1.0,0.9271326661109924,
10.174256324768066,1790074131.3972576,,1883,,0.8386508822441101,7897.514337854,10000.0,-76.39014434814453,,1.8049426078796387,2.8334433288997096,,1.0,0.9277611374855042,
9.84984016418457,1790074135.512952,,1884,,0.8144769072532654,7901.65554893,10000.0,-77.17562103271484,,1.445387363433838,2.8295447603966726,,1.0,0.9274246096611023,
9.93062973022461,1790074139.6541858,,1885,,0.8164372444152832,7905.800956586,10000.0,-76.964599609375,,1.4233999252319336,2.4208653421331303,,1.0,0.9279104471206665,
9.913151741027832,1790074143.799615,,1886,,0.8160041570663452,7909.924682918,10000.0,-77.14173126220703,,1.382880449295044,3.245046798017399,,1.0,0.9291011691093445,
9.924363136291504,1790074147.9233387,,1887,,0.8163692951202393,7914.065182333,10000.0,-77.20449829101562,,1.4091111421585083,2.890890222335582,,1.0,0.9257911443710327,
9.89526653289795,1790074152.0638447,,1888,,0.8140827417373657,7918.18577997,10000.0,-76.9380111694336,,1.3950942754745483,3.1713135430737927,,1.0,0.9282953143119812,
10.048845291137695,1790074156.1844356,,1889,,0.8165196180343628,7922.472803908,10000.0,-77.73318481445312,,1.404360055923462,2.652693732661774,,1.0,0.928479790687561,
9.73427677154541,1790074160.4714713,,1890,,0.8115670084953308,7926.600786013,10000.0,-77.08086395263672,,1.3911432027816772,2.6927731204005885,,1.0,0.9280837178230286,
9.845602989196777,1790074164.5994558,,1891,,0.8181217908859253,7930.713311222,10000.0,-77.20467376708984,,1.4049698114395142,2.648350459828696,,1.0,0.9281129240989685,
10.063189506530762,1790074168.7119665,,1892,,0.814713716506958,7934.843725275,10000.0,-76.30821990966797,,1.407312273979187,2.602903313236314,,1.0,0.9271618127822876,
9.936614990234375,1790074172.8423815,,1893,,0.8167629241943359,7938.963417729,10000.0,-76.41109466552734,,1.41950261592865,2.5303047001883114,,1.0,0.927237331867218,
10.052610397338867,1790074176.9620802,,1894,,0.8133953213691711,7943.106327434,10000.0,-76.47442626953125,,1.4242587089538574,2.535818539404738,,1.0,0.9280886054039001,
9.757046699523926,1790074181.105014,,1895,,0.8169136643409729,7947.218663915,10000.0,-76.73377990722656,,1.4287091493606567,2.629664771447048,,1.0,0.9273425340652466,
10.098063468933105,1790074185.2173228,,1896,,0.8165464997291565,7951.484038715,10000.0,-76.68545532226562,,1.3922321796417236,2.6307454065694262,,1.0,0.9290605187416077,
10.109766006469727,1790074189.482706,,1897,,0.8126829266548157,7955.604959994,10000.0,-76.05038452148438,,1.4388630390167236,2.243960561939259,,1.0,0.9259649515151978,
10.322402000427246,1790074193.6034825,,1898,,0.8153190016746521,7959.722029394,10000.0,-75.96985626220703,,1.404518485069275,1.94967194082431,,1.0,0.9285215735435486,
10.085453033447266,1790074197.720695,,1899,,0.8179419636726379,7963.846609048,10000.0,-75.59761810302734,,1.4675711393356323,2.7788725562461045,,1.0,0.9265727996826172,
9.894365310668945,1790074201.845273,,1900,,0.8154782056808472,7967.980767948,10000.0,-75.69091796875,,1.444157600402832,2.981337981741224,,1.0,0.9269782900810242,
9.969517707824707,1790074205.9794595,,1901,,0.814023494720459,7972.104848741,10000.0,-75.77236938476562,,1.421839714050293,3.1197017263095366,,1.0,0.9270656108856201,
9.588003158569336,1790074210.1035085,,1902,,0.8141406774520874,7976.258289171,10000.0,-75.74125671386719,,1.4349963665008545,2.285905419947486,,1.0,0.9264611601829529,
9.814793586730957,1790074214.2569683,,1903,,0.8179423809051514,7980.544778237,10000.0,-75.94623565673828,,1.4207223653793335,2.257955507606311,,1.0,0.9277867078781128,
9.779496192932129,1790074218.5434465,,1904,,0.8158485889434814,7984.680131863,10000.0,-76.20850372314453,,1.4231915473937988,2.531474021339202,,1.0,0.9285556674003601,
9.685888290405273,1790074222.6788309,,1905,,0.8143079280853271,7988.825621738,10000.0,-76.34963989257812,,1.4167579412460327,3.2368367625730663,,1.0,0.9276853799819946,
9.94645881652832,1790074226.824303,,1906,,0.8145769238471985,7992.956368276,10000.0,-75.22663879394531,,1.4270641803741455,2.7151846845280927,,1.0,0.9269621968269348,
9.943785667419434,1790074230.9550183,,1907,,0.8183590769767761,7997.104353137,10000.0,-75.37952423095703,,1.4462628364562988,1.9073008213900036,,1.0,0.9276247620582581,
9.776586532592773,1790074235.1030107,,1908,,0.8147152662277222,8001.261546522,10000.0,-74.97329711914062,,1.4706826210021973,2.3281095964097704,,1.0,0.9258641004562378,
9.987985610961914,1790074239.2602017,,1909,,0.8140092492103577,8005.388649312,10000.0,-74.7967758178711,,1.4699100255966187,2.570863567989787,,1.0,0.9276946187019348,
10.189922332763672,1790074243.3873117,,1910,,0.8172416090965271,8009.650538117,10000.0,-75.5957260131836,,1.4062608480453491,2.518740578167791,,1.0,0.9286354184150696,
9.605982780456543,1790074247.649222,,1911,,0.8136478662490845,8013.766640903,10000.0,-75.74635314941406,,1.391474962234497,2.148416453782251,,1.0,0.9267332553863525,
9.612568855285645,1790074251.7652488,,1912,,0.8168429732322693,8017.889833244,10000.0,-75.76228332519531,,1.4273909330368042,3.0240871074888127,,1.0,0.9284744262695312,
9.5231294631958,1790074255.8884754,,1913,,0.8147457242012024,8022.016452938,10000.0,-75.81901550292969,,1.3997397422790527,2.518492682561345,,1.0,0.9280175566673279,
9.590051651000977,1790074260.0151188,,1914,,0.8139801025390625,8026.135616065,10000.0,-76.51061248779297,,1.3895137310028076,2.9643357818772675,,1.0,0.9271474480628967,
9.929190635681152,1790074264.1342702,,1915,,0.8150714635848999,8030.273651684,10000.0,-76.27495574951172,,1.393582820892334,2.7914478272640197,,1.0,0.9264270067214966,
10.104666709899902,1790074268.272319,,1916,,0.8109047412872314,8034.388777203,10000.0,-75.72857666015625,,1.3631062507629395,2.8788056691444472,,1.0,0.9284493923187256,
10.285429954528809,1790074272.3874447,,1917,,0.8143783807754517,8038.676979831,10000.0,-75.76025390625,,1.381621241569519,3.263310150253645,,1.0,0.9280539155006409,
10.178260803222656,1790074276.6756935,,1918,,0.8145250082015991,8042.816702136,10000.0,-76.31002807617188,,1.3967326879501343,2.7682887284764877,,1.0,0.9275245070457458,
10.092641830444336,1790074280.8153467,,1919,,0.8153637051582336,8046.945444285,10000.0,-76.3819808959961,,1.3694169521331787,2.2792918258320096,,1.0,0.9278432726860046,
10.399275779724121,1790074284.9440994,,1920,,0.8126794695854187,8051.073238955,10000.0,-76.49775695800781,,1.3854695558547974,3.129169820120509,,1.0,0.9283263683319092,
10.452776908874512,1790074289.0718942,,1921,,0.8159648180007935,8055.202078078,10000.0,-76.91858673095703,,1.3701450824737549,2.7377870820990853,,1.0,0.9275122880935669,
10.452086448669434,1790074293.200744,,1922,,0.8160024881362915,8059.311875851,10000.0,-77.16426086425781,,1.372960090637207,2.172592074677419,,1.0,0.9268981218338013,
10.625666618347168,1790074297.3105202,,1923,,0.8158214688301086,8063.453612764,10000.0,-77.26598358154297,,1.3776190280914307,2.246769031841186,,1.0,0.9283464550971985,
10.490147590637207,1790074301.4522758,,1924,,0.8168305158615112,8067.58043164,10000.0,-76.50971984863281,,1.3741803169250488,2.4361382717615885,,1.0,0.927914559841156,
10.223505020141602,1790074305.57909,,1925,,0.8151030540466309,8071.833839279,10000.0,-76.51627349853516,,1.375648856163025,3.095437491010958,,1.0,0.9273774027824402,
10.060314178466797,1790074309.8325007,,1926,,0.8152933716773987,8075.969004322,10000.0,-77.03555297851562,,1.3697729110717773,2.2092379486906752,,1.0,0.9265515208244324,
10.105491638183594,1790074313.9676561,,1927,,0.8146353363990784,8080.096036049,10000.0,-77.03272247314453,,1.3582170009613037,4.040249562510278,,1.0,0.9274855852127075,
10.275847434997559,1790074318.0946891,,1928,,0.8146429657936096,8084.21298778,10000.0,-75.83275604248047,,1.3623394966125488,2.551490893947685,,1.0,0.9284025430679321,
10.125977516174316,1790074322.2115302,,1929,,0.8168569803237915,8088.339464444,10000.0,-77.2328872680664,,1.3587416410446167,2.3853450774867366,,1.0,0.9286254644393921,
10.00534439086914,1790074326.3380527,,1930,,0.8137921094894409,8092.467922999,10000.0,-76.61326599121094,,1.3594162464141846,2.0447418117563774,,1.0,0.9282810688018799,
10.144601821899414,1790074330.466556,,1931,,0.8123704791069031,8096.597642052,10000.0,-77.15811157226562,,1.3417024612426758,2.182123432064681,,1.0,0.9277967214584351,
10.11635684967041,1790074334.5962875,,1932,,0.8122730851173401,8100.943771957,10000.0,-76.6524887084961,,1.3519991636276245,2.2080595320497225,,1.0,0.9276201725006104,
10.136985778808594,1790074338.9424233,,1933,,0.8141611218452454,8105.06853228,10000.0,-76.62666320800781,,1.322097659111023,2.4197318845337685,,1.0,0.9271658062934875,
10.240640640258789,1790074343.0671868,,1934,,0.8166394233703613,8109.235746644,10000.0,-77.15247344970703,,1.3121426105499268,2.570583204907758,,1.0,0.9287919402122498,
10.127299308776855,1790074347.2343976,,1935,,0.8161172270774841,8113.383195184,10000.0,-77.64273834228516,,1.3489841222763062,2.1455108960397955,,1.0,0.9276050329208374,
10.130271911621094,1790074351.3818376,,1936,,0.8153746128082275,8117.497609122,10000.0,-78.04376220703125,,1.3329153060913086,2.291016549256649,,1.0,0.9295167326927185,
10.218609809875488,1790074355.4962897,,1937,,0.8130072951316833,8121.636253075,10000.0,-77.4663314819336,,1.3438493013381958,2.6675715381919756,,1.0,0.9279722571372986,
10.269774436950684,1790074359.6347477,,1938,,0.8159320950508118,8125.764967339,10000.0,-77.83429718017578,,1.3545441627502441,2.175263315819573,,1.0,0.9276341795921326,
10.059795379638672,1790074363.7636354,,1939,,0.8123615384101868,8130.095434991,10000.0,-78.3553466796875,,1.3642654418945312,3.0072224899585107,,1.0,0.9257358312606812,
10.287795066833496,1790074368.0940914,,1940,,0.8166958689689636,8134.235260414,10000.0,-77.90011596679688,,1.3339976072311401,2.151199946646248,,1.0,0.928031861782074,
10.155067443847656,1790074372.2338943,,1941,,0.8192662000656128,8138.363156584,10000.0,-77.95429992675781,,1.3368256092071533,2.1341528023977134,,1.0,0.9280999898910522,
10.003283500671387,1790074376.3617802,,1942,,0.8161428570747375,8142.489512012,10000.0,-77.56182861328125,,1.350977897644043,2.474772900420915,,1.0,0.928729236125946,
10.275590896606445,1790074380.488163,,1943,,0.8186083436012268,8146.628423184,10000.0,-78.05712127685547,,1.376020073890686,2.9243388386670124,,1.0,0.9286247491836548,
10.243999481201172,1790074384.627081,,1944,,0.8124499320983887,8150.742663627,10000.0,-76.9525375366211,,1.341288447380066,2.7416832089092193,,1.0,0.9276219010353088,
10.360495567321777,1790074388.741319,,1945,,0.8156800866127014,8154.883653501,10000.0,-76.80625915527344,,1.369518756866455,2.3823934945625247,,1.0,0.9271155595779419,
9.787003517150879,1790074392.882289,,1946,,0.8123260736465454,8159.0265299,10000.0,-76.87274169921875,,1.3680393695831299,2.481618979633111,,1.0,0.9273914098739624,
10.138091087341309,1790074397.025075,,1947,,0.8129583597183228,8163.336694445,10000.0,-76.20983123779297,,1.3651362657546997,2.727623780801451,,1.0,0.9284744262695312,
9.937703132629395,1790074401.3353615,,1948,,0.8155893087387085,8167.454885887,10000.0,-77.08491516113281,,1.3559869527816772,2.373638853683179,,1.0,0.9294065237045288,
9.907176971435547,1790074405.4535282,,1949,,0.8168217539787292,8171.591297171,10000.0,-76.09056854248047,,1.3805824518203735,2.6627709835870013,,1.0,0.9272605776786804,
10.156815528869629,1790074409.5899346,,1950,,0.8159290552139282,8175.736059775,10000.0,-76.42324829101562,,1.3668653964996338,2.278107891886013,,1.0,0.9269996881484985,
9.846120834350586,1790074413.7347538,,1951,,0.8149944543838501,8179.860936722,10000.0,-76.52454376220703,,1.3737397193908691,2.5269441575475584,,1.0,0.927290141582489,
10.101690292358398,1790074417.859619,,1952,,0.8161572217941284,8184.003788438,10000.0,-77.09387969970703,,1.356568455696106,2.4463674593383966,,1.0,0.928124189376831,
10.201773643493652,1790074422.0024345,,1953,,0.8138067722320557,8188.143349519,10000.0,-75.79822540283203,,1.4017701148986816,2.5963827582506767,,1.0,0.9265679717063904,
10.214938163757324,1790074426.1420152,,1954,,0.8132795691490173,8192.404163873,10000.0,-76.23971557617188,,1.396309494972229,2.5623739342141345,,1.0,0.9277967214584351,
10.328556060791016,1790074430.4027798,,1955,,0.8174627423286438,8196.523633209,10000.0,-76.0927963256836,,1.4270673990249634,2.727225212981781,,1.0,0.9263670444488525,
10.186524391174316,1790074434.5221634,,1956,,0.816257655620575,8200.64715107,10000.0,-75.82341766357422,,1.3704631328582764,2.944811702896981,,1.0,0.9278664588928223,
10.125199317932129,1790074438.6458247,,1957,,0.8199695348739624,8204.756113035,10000.0,-75.38819122314453,,1.3882795572280884,2.470116402702189,,1.0,0.9276986122131348,
10.226938247680664,1790074442.7547617,,1958,,0.8143678903579712,8208.884797657,10000.0,-75.82716369628906,,1.3590726852416992,3.936703634353286,,1.0,0.9286413788795471,
10.264775276184082,1790074526.9575732,,1959,0.2355827271587792,0.8152529001235962,8290.588473222,10000.0,-75.14978790283203,0.0021520390676165986,1.3940529823303223,2.1868068534974436,0.4613865613937378,1.0,0.9280642867088318,
,1790074528.5871983,0.5872791409492493,1960,,,8292.269646759,,,,,,,,,10000.0
,1790074530.2683277,0.5865151882171631,1961,,,8293.813187598,,,,,,,,,10000.0
,1790074531.8119256,0.5834531188011169,1962,,,8295.36126745,,,,,,,,,10000.0
,1790074533.3600187,0.584341287612915,1963,,,8296.91053015,,,,,,,,,10000.0
,1790074534.9092577,0.5837554931640625,1964,,,8298.466256288,,,,,,,,,10000.0
,1790074536.4650195,0.5833291411399841,1965,,,8300.16816822,,,,,,,,,10000.0
,1790074538.1668968,0.5833225846290588,1966,,,8301.720065042,,,,,,,,,10000.0
,1790074539.7187684,0.5818886756896973,1967,,,8303.271580745,,,,,,,,,10000.0
,1790074541.2702582,0.5802010893821716,1968,,,8304.810676268,,,,,,,,,10000.0
,1790074542.8093202,0.5785214900970459,1969,,,8306.363461775,,,,,,,,,10000.0
,1790074544.3622556,0.5770610570907593,1970,,,8307.916614844,,,,,,,,,10000.0
,1790074545.915412,0.5751054286956787,1971,,,8309.466874075,,,,,,,,,10000.0
,1790074547.4656444,0.5737036466598511,1972,,,8311.014904231,,,,,,,,,10000.0
,1790074549.0136888,0.5745618939399719,1973,,,8312.560525116,,,,,,,,,10000.0
,1790074550.5593486,0.5740767121315002,1974,,,8314.090358243,,,,,,,,,10000.0
,1790074552.0891535,0.5716075897216797,1975,,,8315.632755433,,,,,,,,,10000.0
,1790074553.63146,0.5687423944473267,1976,,,8317.360365521,,,,,,,,,10000.0
,1790074555.3590064,0.5669970512390137,1977,,,8318.920325365,,,,,,,,,10000.0
,1790074556.9190338,0.5668116211891174,1978,,,8320.476157863,,,,,,,,,10000.0
,1790074558.474919,0.5634509921073914,1979,,,8324.572615738,,,,,,,,,10000.0
9.974886894226074,1790074562.571258,,1980,,0.8123942613601685,8328.682457669,10000.0,-74.70181274414062,,1.3808859586715698,3.051763226445788,,1.0,0.9279943108558655,
10.250348091125488,1790074566.6811264,,1981,,0.8132740259170532,8332.789913402,10000.0,-75.49703979492188,,1.383723497390747,1.854484914147777,,1.0,0.9276005625724792,
10.217721939086914,1790074570.788567,,1982,,0.8156528472900391,8336.890632508,10000.0,-75.59146118164062,,1.349938988685608,2.7347522495535417,,1.0,0.9284690022468567,
10.120609283447266,1790074574.889258,,1983,,0.8137449026107788,8341.166060728,10000.0,-75.0329360961914,,1.3471989631652832,3.2830282563665643,,1.0,0.9275650978088379,
10.035652160644531,1790074579.164692,,1984,,0.8158973455429077,8345.30428877,10000.0,-75.91417694091797,,1.3436683416366577,2.314967308757785,,1.0,0.9274243116378784,
10.170614242553711,1790074583.3029566,,1985,,0.8113954663276672,8349.420471857,10000.0,-75.76973724365234,,1.349025011062622,2.7841518126542537,,1.0,0.927937388420105,
10.014181137084961,1790074587.4190264,,1986,,0.8112657070159912,8353.51732968,10000.0,-75.48480224609375,,1.347672939300537,2.3212207131437705,,1.0,0.9274174571037292,
10.126625061035156,1790074591.515951,,1987,,0.8136383295059204,8357.652563556,10000.0,-75.79926300048828,,1.3664802312850952,2.550388622626076,,1.0,0.9266782999038696,
10.242105484008789,1790074595.651257,,1988,,0.8172078132629395,8361.797551722,10000.0,-75.6996078491211,,1.3520174026489258,2.5193011235625136,,1.0,0.9282839894294739,
10.070202827453613,1790074599.7962017,,1989,,0.8154459595680237,8365.934084713,10000.0,-76.12316131591797,,1.364501953125,2.8623902199698823,,1.0,0.9273558259010315,
10.148226737976074,1790074603.9327369,,1990,,0.8164076209068298,8370.222798007,10000.0,-75.39994812011719,,1.3516007661819458,2.7959016875347817,,1.0,0.9277495741844177,
9.952880859375,1790074608.2214122,,1991,,0.8136841654777527,8374.370753413,10000.0,-75.73973083496094,,1.3922243118286133,2.627136131821385,,1.0,0.9266472458839417,
10.055468559265137,1790074612.3692088,,1992,,0.8142238855361938,8378.493900079,10000.0,-75.67011260986328,,1.3512829542160034,2.028557232460844,,1.0,0.928885817527771,
10.133968353271484,1790074616.4925406,,1993,,0.8165811896324158,8382.647470822,10000.0,-75.94202423095703,,1.3930679559707642,3.369586150305116,,1.0,0.9278610944747925,
10.102273941040039,1790074620.6461275,,1994,,0.813965916633606,8386.802871563,10000.0,-75.83297729492188,,1.3626723289489746,2.515297177504082,,1.0,0.9281732439994812,
9.96525764465332,1790074624.8014226,,1995,,0.819019615650177,8390.938189736,10000.0,-76.08866882324219,,1.380998134613037,2.8322123367443175,,1.0,0.9284888505935669,
9.759902000427246,1790074628.9368463,,1996,,0.8139294981956482,8395.080831467,10000.0,-75.51927947998047,,1.3863158226013184,2.881459403230452,,1.0,0.9278099536895752,
9.763343811035156,1790074633.0794914,,1997,,0.8167245388031006,8399.232351808,10000.0,-75.04283142089844,,1.3786429166793823,1.909289514989433,,1.0,0.9268844127655029,
10.044526100158691,1790074637.231008,,1998,,0.8209872245788574,8403.556484035,10000.0,-74.82119750976562,,1.3731995820999146,2.535771475340199,,1.0,0.9281501770019531,
9.980167388916016,1790074641.5551627,,1999,,0.816498339176178,8407.700730133,10000.0,-74.80290222167969,,1.394926905632019,2.029716309258052,,1.0,0.9278537034988403,
10.167726516723633,1790074645.699349,,2000,,0.8140694499015808,8411.837805371,10000.0,-74.9416275024414,,1.397096872329712,3.3173447951525548,,1.0,0.9273649454116821,
10.123846054077148,1790074649.836426,,2001,,0.8127833604812622,8415.955276925,10000.0,-74.83164978027344,,1.3992905616760254,2.5472534012692805,,1.0,0.9260134696960449,
10.334315299987793,1790074653.9539466,,2002,,0.8156762719154358,8420.082037343,10000.0,-75.15545654296875,,1.3949626684188843,2.449805143087429,,1.0,0.9267929792404175,
10.380019187927246,1790074658.0807056,,2003,,0.8125579357147217,8424.214260463,10000.0,-74.54145812988281,,1.418123722076416,2.8436908122049314,,1.0,0.9271522760391235,
10.11852741241455,1790074662.212687,,2004,,0.8171229362487793,8428.342534707,10000.0,-75.06855773925781,,1.393113613128662,2.165861152934793,,1.0,0.9289371371269226,
10.198322296142578,1790074666.3411846,,2005,,0.8147762417793274,8432.624889695,10000.0,-75.0943832397461,,1.4135404825210571,2.8808055359531206,,1.0,0.9278790354728699,
10.154162406921387,1790074670.623563,,2006,,0.8163800835609436,8436.748010224,10000.0,-76.17245483398438,,1.3716135025024414,2.9837292879583455,,1.0,0.9281206727027893,
9.97374439239502,1790074674.746655,,2007,,0.8171144127845764,8440.857653111,10000.0,-75.43368530273438,,1.4550164937973022,2.6992426285881415,,1.0,0.926139771938324,
10.192015647888184,1790074678.8562484,,2008,,0.8148440718650818,8444.967752947,10000.0,-76.28120422363281,,1.4219166040420532,2.539001127577542,,1.0,0.9263961315155029,
10.004122734069824,1790074682.9664032,,2009,,0.817979633808136,8449.091666718,10000.0,-76.19273376464844,,1.3824386596679688,3.0753175667560355,,1.0,0.9278215765953064,
9.860041618347168,1790074687.0903335,,2010,,0.8158094882965088,8453.218177694,10000.0,-76.29627990722656,,1.4196734428405762,2.4923408732360457,,1.0,0.9260262846946716,
10.098135948181152,1790074691.2168186,,2011,,0.8178457021713257,8457.323631537,10000.0,-76.9461441040039,,1.3704228401184082,2.3551519705031465,,1.0,0.9275561571121216,
10.105626106262207,1790074695.322273,,2012,,0.8191778659820557,8461.605467684,10000.0,-76.3978042602539,,1.3699878454208374,2.5507591797363336,,1.0,0.9284060597419739,
10.06765079498291,1790074699.6040728,,2013,,0.8161188364028931,8465.730812544,10000.0,-76.25641632080078,,1.3735963106155396,2.9217603495398343,,1.0,0.9284095168113708,
10.088303565979004,1790074703.7294896,,2014,,0.8140125870704651,8469.845798325,10000.0,-76.38410949707031,,1.3883295059204102,2.5361233295541123,,1.0,0.9269359707832336,
9.892717361450195,1790074707.8444526,,2015,,0.8120936751365662,8473.941752448,10000.0,-76.6046142578125,,1.3855903148651123,2.438807684411898,,1.0,0.9264487624168396,
9.949542999267578,1790074711.940375,,2016,,0.8140188455581665,8478.069714745,10000.0,-76.81242370605469,,1.3625587224960327,3.13317614828565,,1.0,0.9273697733879089,
9.855660438537598,1790074716.0683868,,2017,,0.8131202459335327,8482.162809686,10000.0,-77.4931640625,,1.3926267623901367,2.916805342651921,,1.0,0.9260897040367126,
9.757109642028809,1790074720.1614606,,2018,,0.8156182765960693,8486.285100656,10000.0,-77.07810974121094,,1.3615777492523193,2.2231010000540232,,1.0,0.9274066686630249,
9.889978408813477,1790074724.2837517,,2019,,0.8139225244522095,8490.444458872,10000.0,-77.40818786621094,,1.3510359525680542,2.7318875109804943,,1.0,0.9277989268302917,
9.896435737609863,1790074728.44313,,2020,,0.8151541352272034,8494.7017385,10000.0,-78.17235565185547,,1.3503661155700684,2.1124581469610213,,1.0,0.9267875552177429,
10.035619735717773,1790074732.7003675,,2021,,0.8109482526779175,8498.850076286,10000.0,-77.31156921386719,,1.3572582006454468,2.7231779500632176,,1.0,0.9268017411231995,
9.999629020690918,1790074736.8486207,,2022,,0.8165626525878906,8502.964544999,10000.0,-77.63557434082031,,1.3703522682189941,1.9223719167591546,,1.0,0.9271945953369141,
10.283390045166016,1790074740.9632106,,2023,,0.812968373298645,8507.08448023,10000.0,-77.0281982421875,,1.334760308265686,3.1526720468675955,,1.0,0.9281769394874573,
10.19863510131836,1790074745.0831492,,2024,,0.8126260638237,8511.208475636,10000.0,-77.19979858398438,,1.3549772500991821,2.386222208738007,,1.0,0.9294562339782715,
10.216333389282227,1790074749.2071671,,2025,,0.8124098181724548,8515.312969833,10000.0,-77.64244842529297,,1.3460601568222046,2.746832216542854,,1.0,0.9269033670425415,
10.11892032623291,1790074753.3116,,2026,,0.8128368258476257,8519.439082111,10000.0,-77.40233612060547,,1.3660496473312378,2.2435874980680923,,1.0,0.9254888296127319,
10.144214630126953,1790074757.4377081,,2027,,0.8135364651679993,8523.690756137,10000.0,-76.67372131347656,,1.3703346252441406,2.049893405566354,,1.0,0.9261857867240906,
10.254887580871582,1790074761.689425,,2028,,0.8161910176277161,8527.793212326,10000.0,-76.5551986694336,,1.3556838035583496,2.8035481681514645,,1.0,0.9298474788665771,
10.113919258117676,1790074765.7918634,,2029,,0.8177171349525452,8531.910649697,10000.0,-75.70746612548828,,1.375788688659668,2.4317417885598553,,1.0,0.9281487464904785,
10.359118461608887,1790074769.9092927,,2030,,0.8159394264221191,8536.022493005,10000.0,-76.02139282226562,,1.3612170219421387,2.4055182915920374,,1.0,0.9288390278816223,
10.111859321594238,1790074774.0211303,,2031,,0.8146669268608093,8540.125884917,10000.0,-76.27601623535156,,1.3615089654922485,2.604726150222154,,1.0,0.9279054403305054,
10.098974227905273,1790074778.124547,,2032,,0.8140636682510376,8544.237215361,10000.0,-76.4972152709961,,1.3459961414337158,2.173173150334258,,1.0,0.9284603595733643,
9.901665687561035,1790074782.2357671,,2033,,0.8099411129951477,8548.336345551,10000.0,-76.73535919189453,,1.3683732748031616,2.988507997828922,,1.0,0.9269580245018005,
9.804882049560547,1790074786.3350296,,2034,,0.8141613006591797,8552.62172867,10000.0,-77.53900146484375,,1.3469640016555786,1.9708475403826804,,1.0,0.9270660877227783,
9.873885154724121,1790074790.620419,,2035,,0.816897451877594,8556.730101057,10000.0,-77.09331512451172,,1.3488277196884155,3.338596878226231,,1.0,0.928779125213623,
9.74356746673584,1790074794.7287483,,2036,,0.8152687549591064,8560.838059916,10000.0,-76.886474609375,,1.3569966554641724,2.9929364162947727,,1.0,0.928012490272522,
9.559347152709961,1790074798.8367088,,2037,,0.8177686333656311,8564.937449394,10000.0,-77.26171875,,1.3346891403198242,2.1386929650730657,,1.0,0.9272894859313965,
9.90323257446289,1790074802.9360995,,2038,,0.814565896987915,8569.051477524,10000.0,-77.29154968261719,,1.3435133695602417,2.970265514330694,,1.0,0.9285902976989746,
9.707388877868652,1790074807.050161,,2039,,0.8157939314842224,8573.160659591,10000.0,-77.910888671875,,1.3461941480636597,2.4915466319940855,,1.0,0.9282072186470032,
9.758978843688965,1790074811.1593196,,2040,,0.8132528066635132,8577.262814683,10000.0,-77.74728393554688,,1.370330810546875,2.1541372060237696,,1.0,0.9272443652153015,
9.640644073486328,1790074815.2614625,,2041,,0.8146374225616455,8581.365326201,10000.0,-78.00883483886719,,1.354170560836792,3.281250339534938,,1.0,0.9284394979476929,
9.559652328491211,1790074819.3639054,,2042,,0.8129305243492126,8585.643109572,10000.0,-77.90079498291016,,1.3531898260116577,2.506562962827117,,1.0,0.9279600381851196,
9.766584396362305,1790074823.6417775,,2043,,0.8112179636955261,8589.752901212,10000.0,-77.20552062988281,,1.3889155387878418,2.8256495752781925,,1.0,0.9263598918914795,
9.703389167785645,1790074827.7515898,,2044,,0.8182425498962402,8593.846592546,10000.0,-75.87814331054688,,1.3818789720535278,2.3487499929930133,,1.0,0.9279302358627319,
9.843214988708496,1790074831.8452456,,2045,,0.817851185798645,8597.943571422,10000.0,-75.6687240600586,,1.3600512742996216,2.9778547327414877,,1.0,0.9303319454193115,
9.686394691467285,1790074835.9422474,,2046,,0.8139864206314087,8602.042128413,10000.0,-76.0363540649414,,1.3802226781845093,2.1116609222724008,,1.0,0.9268056750297546,
10.00128173828125,1790074840.0407956,,2047,,0.814971923828125,8606.129152631,10000.0,-75.85501098632812,,1.3630685806274414,2.523619390322375,,1.0,0.9282311797142029,
9.636523246765137,1790074844.12781,,2048,,0.8173967599868774,8610.233481204,10000.0,-75.7591781616211,,1.4103949069976807,3.1078921562869306,,1.0,0.9273831844329834,
9.599900245666504,1790074848.2321599,,2049,,0.8157185316085815,8614.459421321,10000.0,-75.79845428466797,,1.449013352394104,3.2070225286849037,,1.0,0.9285821318626404,
9.570894241333008,1790074852.458074,,2050,,0.8164287805557251,8618.53111453,10000.0,-76.02825164794922,,1.4071136713027954,2.4455123898636275,,1.0,0.9262824058532715,
9.698046684265137,1790074856.529673,,2051,,0.8138291835784912,8622.614257001,10000.0,-74.4043197631836,,1.385954737663269,2.219433953406881,,1.0,0.9281033277511597,
9.53359317779541,1790074860.6129248,,2052,,0.8174949884414673,8626.703440524,10000.0,-73.5478286743164,,1.4003998041152954,2.325448828304538,,1.0,0.9292397499084473,
9.753473281860352,1790074864.702098,,2053,,0.8163340091705322,8630.780311446,10000.0,-75.02131652832031,,1.3708915710449219,3.2861261592654896,,1.0,0.9287153482437134,
9.75891399383545,1790074868.7789867,,2054,,0.8174417614936829,8634.862163048,10000.0,-74.44650268554688,,1.3889477252960205,2.761599169187532,,1.0,0.9277722239494324,
10.048556327819824,1790074872.8608325,,2055,,0.811913013458252,8638.944799287,10000.0,-74.45935821533203,,1.4088081121444702,3.3613488125799673,,1.0,0.9258700609207153,
10.111726760864258,1790074876.9434621,,2056,,0.8154406547546387,8643.197039048,10000.0,-74.5417251586914,,1.3827323913574219,2.1206704137234973,,1.0,0.9269682168960571,
9.956841468811035,1790074881.1957278,,2057,,0.8139659762382507,8647.273140185,10000.0,-74.16421508789062,,1.4052826166152954,2.197872129060026,,1.0,0.9268788695335388,
10.341717720031738,1790074885.2717917,,2058,,0.8165915608406067,8651.369586533,10000.0,-74.6093521118164,,1.4212255477905273,2.4691480362833005,,1.0,0.9269073009490967,
10.397504806518555,1790074889.368217,,2059,,0.8152898550033569,8655.455995075,10000.0,-75.33944702148438,,1.4336161613464355,2.8400527854340023,,1.0,0.9265861511230469,
10.366144180297852,1790074893.4546537,,2060,,0.8184757232666016,8659.510400613,10000.0,-74.29458618164062,,1.3921836614608765,2.5429222891221435,,1.0,0.9287087321281433,
10.199846267700195,1790074897.5090895,,2061,,0.8155973553657532,8663.578580599,10000.0,-74.7190170288086,,1.4162358045578003,2.342973917042457,,1.0,0.9273387789726257,
10.265158653259277,1790074901.5772383,,2062,,0.8181790709495544,8667.650008815,10000.0,-74.51594543457031,,1.3982852697372437,2.372965342420817,,1.0,0.9285727739334106,
10.140646934509277,1790074905.6486783,,2063,,0.8179528713226318,8671.874636486,10000.0,-75.09028625488281,,1.3990302085876465,2.223409993610246,,1.0,0.927348792552948,
9.97457218170166,1790074909.8733115,,2064,,0.8162016272544861,8675.960602054,10000.0,-75.48981475830078,,1.4055763483047485,2.4301785590911953,,1.0,0.9277970790863037,
10.309406280517578,1790074913.9592648,,2065,,0.817903459072113,8680.018612921,10000.0,-75.52002716064453,,1.4114466905593872,3.764831302041049,,1.0,0.9272311925888062,
10.142257690429688,1790074918.017271,,2066,,0.8152229189872742,8684.103261683,10000.0,-76.52310180664062,,1.3987927436828613,2.679231290545996,,1.0,0.9275913834571838,
9.888659477233887,1790074922.1019373,,2067,,1.3939529657363892,8688.170911165,10000.0,-73.05844116210938,,11.953178405761719,2.8386438189270855,,1.0,0.9264234304428101,
9.94178295135498,1790074926.1695924,,2068,,0.8188163042068481,8692.236422376,10000.0,-75.49669647216797,,1.427243709564209,3.2796487669973438,,1.0,0.9277089834213257,
9.851417541503906,1790074930.2351043,,2069,,0.8182022571563721,8696.310073691,10000.0,-75.43016052246094,,1.4244252443313599,2.0927069619841023,,1.0,0.9276169538497925,
9.870357513427734,1790074934.308774,,2070,,0.8147585391998291,8700.50794926,10000.0,-75.5250473022461,,1.386884331703186,2.8337437297714723,,1.0,0.9279482364654541,
10.169355392456055,1790074938.506591,,2071,,0.8143517971038818,8704.584132968,10000.0,-75.43679809570312,,1.3976011276245117,2.5096458048964903,,1.0,0.9274588227272034,
10.154789924621582,1790074942.5828276,,2072,,0.8175907731056213,8708.640238711,10000.0,-75.41320037841797,,1.4137659072875977,3.0241783395755024,,1.0,0.9263529181480408,
10.110466957092285,1790074946.6389124,,2073,,0.8137801289558411,8712.685912136,10000.0,-75.39636993408203,,1.3842058181762695,2.284898666399419,,1.0,0.9271337985992432,
9.99392318725586,1790074950.6845684,,2074,,0.8156237602233887,8716.735087602,10000.0,-75.51525115966797,,1.397977590560913,2.0379666930877702,,1.0,0.9287217855453491,
10.025906562805176,1790074954.7337532,,2075,,0.8166921138763428,8720.788535962,10000.0,-76.89115142822266,,1.394180417060852,3.2070963238058816,,1.0,0.9268645644187927,
10.063237190246582,1790074958.7872243,,2076,,0.815488874912262,8724.817733443,10000.0,-76.4173812866211,,1.3924137353897095,2.865598425022277,,1.0,0.9271748065948486,
9.991277694702148,1790074962.8164203,,2077,,0.8154038190841675,8728.858040237,10000.0,-77.14456176757812,,1.3540115356445312,2.1653083687909342,,1.0,0.9274397492408752,
9.966326713562012,1790074966.8567183,,2078,,0.8147094249725342,8733.048338626,10000.0,-76.3194351196289,,1.3670289516448975,2.6204334459628584,,1.0,0.9280959367752075,
10.197725296020508,1790074971.047012,,2079,,0.8156937956809998,8737.098681535,10000.0,-76.69596862792969,,1.3570947647094727,3.496651915705456,,1.0,0.9285264611244202,
9.907130241394043,1790074975.0973704,,2080,,0.8140251636505127,8741.169841607,10000.0,-76.27196502685547,,1.3605713844299316,2.4481834261576205,,1.0,0.9290175437927246,
9.804595947265625,1790074979.1685197,,2081,,0.8170760869979858,8745.224886975,10000.0,-76.9472885131836,,1.3668550252914429,3.25703891064046,,1.0,0.9273310303688049,
9.794587135314941,1790074983.2235682,,2082,,0.812801718711853,8749.278561074,10000.0,-76.83844757080078,,1.3966809511184692,3.18847277636494,,1.0,0.9256259202957153,
9.815805435180664,1790074987.2772515,,2083,,0.8142885565757751,8753.328640678,10000.0,-76.70062255859375,,1.3612478971481323,2.4627387141641233,,1.0,0.9279007911682129,
9.872891426086426,1790074991.3272867,,2084,,0.8152571320533752,8757.387341952,10000.0,-76.83322143554688,,1.3804136514663696,2.84156191579508,,1.0,0.9280049800872803,
10.068624496459961,1790074995.3859959,,2085,,0.8118710517883301,8761.582318149,10000.0,-76.61434936523438,,1.3671598434448242,3.0849656701090487,,1.0,0.927747368812561,
9.77873420715332,1790074999.580999,,2086,,0.8163561820983887,8765.63433208,10000.0,-76.28880310058594,,1.3728713989257812,2.4890245605803685,,1.0,0.9282026886940002,
9.893173217773438,1790075003.6330678,,2087,,0.8139253258705139,8769.702436073,10000.0,-76.51568603515625,,1.3902407884597778,3.1600633885523455,,1.0,0.9266784191131592,
10.085372924804688,1790075007.701121,,2088,,0.81635582447052,8773.758769832,10000.0,-76.90814971923828,,1.3742403984069824,2.68094266024863,,1.0,0.9278143048286438,
9.737317085266113,1790075011.7574155,,2089,,0.8146235942840576,8777.820778643,10000.0,-76.69482421875,,1.3753422498703003,3.0217561398828403,,1.0,0.9276003837585449,
9.834646224975586,1790075015.8194242,,2090,,0.821234941482544,8781.89112834,10000.0,-75.52874755859375,,1.3973599672317505,2.5268266588905464,,1.0,0.9264036417007446,
9.743494033813477,1790075019.8897731,,2091,,0.8148036003112793,8785.940295544,10000.0,-77.46656036376953,,1.3642756938934326,2.702176899232274,,1.0,0.9277397394180298,
9.849072456359863,1790075023.9389625,,2092,,0.8158446550369263,8790.127754381,10000.0,-77.33358764648438,,1.3636229038238525,2.7881977612487137,,1.0,0.9274665117263794,
9.690330505371094,1790075028.1264174,,2093,,0.8193394541740417,8794.1979111,10000.0,-76.55215454101562,,1.4325470924377441,2.1195655989242095,,1.0,0.9280223846435547,
9.71369457244873,1790075032.1965883,,2094,,0.8153187036514282,8798.242429567,10000.0,-76.64179992675781,,1.3666926622390747,2.102683051830494,,1.0,0.9285733103752136,
9.687325477600098,1790075036.2410948,,2095,,0.8148871660232544,8802.300013789,10000.0,-76.31289672851562,,1.382083535194397,2.550781313615486,,1.0,0.927695095539093,
9.508798599243164,1790075040.298679,,2096,,0.814965009689331,8806.344030609,10000.0,-76.2059097290039,,1.3736859560012817,2.4357598222469568,,1.0,0.9283726215362549,
9.655922889709473,1790075044.3427076,,2097,,0.8165463805198669,8810.425867582,10000.0,-76.07841491699219,,1.356787919998169,2.877498670795888,,1.0,0.927996039390564,
9.78029727935791,1790075048.42454,,2098,,0.8155831694602966,8814.455597632,10000.0,-75.47814178466797,,1.3659265041351318,3.7335615313332284,,1.0,0.9276390671730042,
9.65041732788086,1790075052.4542491,,2099,,0.8142527937889099,8818.541052416,10000.0,-75.09388732910156,,1.3679001331329346,2.403821863800703,,1.0,0.9287559390068054,
9.485708236694336,1790075056.5397093,,2100,,0.8145318627357483,8822.747502063,10000.0,-76.033447265625,,1.353919506072998,2.6047012647666197,,1.0,0.9288288354873657,
9.835782051086426,1790075060.7461786,,2101,,0.8144168853759766,8826.815227871,10000.0,-75.82960510253906,,1.3405969142913818,2.6203594297837913,,1.0,0.9276295304298401,
9.876790046691895,1790075064.8138897,,2102,,0.8148231506347656,8830.844340657,10000.0,-75.98483276367188,,1.4163870811462402,3.1081719570980453,,1.0,0.9260134100914001,
9.656699180603027,1790075068.8430033,,2103,,0.809390664100647,8834.907516826,10000.0,-76.04485321044922,,1.3757444620132446,3.1991362184548433,,1.0,0.9270155429840088,
9.548979759216309,1790075072.9061937,,2104,,0.8138835430145264,8838.935793146,10000.0,-75.9111557006836,,1.3637281656265259,2.887876787968812,,1.0,0.9273788332939148,
9.540929794311523,1790075076.9344358,,2105,,0.8184269666671753,8843.002012906,10000.0,-75.3841323852539,,1.3932615518569946,2.8342645143127148,,1.0,0.9295485615730286,
9.653850555419922,1790075081.0006182,,2106,,0.811737060546875,8847.051280605,10000.0,-75.25517272949219,,1.3831440210342407,2.33612277004744,,1.0,0.9272404313087463,
9.396812438964844,1790075085.0499656,,2107,,0.816565990447998,8851.228844411,10000.0,-75.0052261352539,,1.388919711112976,2.671529737129745,,1.0,0.9266539216041565,
9.284658432006836,1790075089.2274988,,2108,,0.8151876926422119,8855.285577473,10000.0,-74.91361999511719,,1.3929808139801025,2.1150222609454903,,1.0,0.9263052344322205,
9.293900489807129,1790075093.284232,,2109,,0.8164950013160706,8859.322701027,10000.0,-74.9227066040039,,1.3630412817001343,2.744970103424578,,1.0,0.9280262589454651,
9.403892517089844,1790075097.3213542,,2110,,0.8179135322570801,8863.358324192,10000.0,-74.59954071044922,,1.3621211051940918,3.007965769810633,,1.0,0.9287816882133484,
9.396749496459961,1790075101.356963,,2111,,0.816301703453064,8867.420447823,10000.0,-75.08870697021484,,1.3750734329223633,3.416885214242995,,1.0,0.9272464513778687,
9.536011695861816,1790075105.4191074,,2112,,0.8188180327415466,8871.462443423,10000.0,-75.24618530273438,,1.3532819747924805,2.3143252998253794,,1.0,0.927448570728302,
9.633363723754883,1790075109.4610875,,2113,,0.8180827498435974,8875.510071234,10000.0,-75.7027359008789,,1.3637176752090454,2.828698325711825,,1.0,0.9274839758872986,
9.593260765075684,1790075113.50874,,2114,,0.8149254322052002,8879.677111009,10000.0,-76.51905059814453,,1.3983405828475952,2.557700307719388,,1.0,0.9278805255889893,
9.4110746383667,1790075117.67576,,2115,,0.8189888000488281,8883.732906595,10000.0,-74.7943115234375,,1.410534381866455,2.6152988804196835,,1.0,0.9268337488174438,
9.519500732421875,1790075121.7315993,,2116,,0.8176335096359253,8887.777887471,10000.0,-75.7791748046875,,1.3950108289718628,2.312051463682454,,1.0,0.9270156025886536,
9.893414497375488,1790075125.7765372,,2117,,0.8119242191314697,8891.828143242,10000.0,-75.78121185302734,,1.3577557802200317,2.781144357481415,,1.0,0.9270107746124268,
9.812399864196777,1790075129.8268123,,2118,,0.8149136900901794,8895.87658138,10000.0,-74.82745361328125,,1.3671455383300781,3.03873637882425,,1.0,0.9280570149421692,
9.771514892578125,1790075133.875263,,2119,,0.8180820941925049,8899.929394258,10000.0,-74.83401489257812,,1.3687421083450317,2.65762763501193,,1.0,0.9273468852043152,
9.534622192382812,1790075137.9280827,,2120,,0.8152389526367188,8903.944225452,10000.0,-74.70226287841797,,1.408186674118042,2.8881101331130496,,1.0,0.9268549084663391,
9.563865661621094,1790075141.942925,,2121,,0.8152068257331848,8907.927997981,10000.0,-75.20101928710938,,1.3697152137756348,2.333056104149901,,1.0,0.927116870880127,
10.053495407104492,1790075145.926673,,2122,,0.8130499124526978,8912.094045806,10000.0,-75.14342498779297,,1.3884553909301758,3.0449969879194674,,1.0,0.9276014566421509,
9.484186172485352,1790075150.0927014,,2123,,0.816519021987915,8916.096869056,10000.0,-74.90418243408203,,1.370723009109497,2.8640474849173776,,1.0,0.9282129406929016,
9.656350135803223,1790075154.0955486,,2124,,0.8160902261734009,8920.071950858,10000.0,-74.36836242675781,,1.368005394935608,2.4125342250886175,,1.0,0.9287224411964417,
9.871413230895996,1790075158.0706263,,2125,,0.8199844360351562,8924.083208119,10000.0,-74.98922729492188,,1.3613160848617554,2.1162349958897226,,1.0,0.9302354454994202,
9.680826187133789,1790075162.0818877,,2126,,0.8182451725006104,8928.065909524,10000.0,-75.5595932006836,,1.372336745262146,2.5620841655789923,,1.0,0.9272139668464661,
9.372781753540039,1790075166.0645976,,2127,,0.8178097605705261,8932.087156039,10000.0,-75.07804870605469,,1.3820807933807373,2.222539302501763,,1.0,0.9272050261497498,
9.222334861755371,1790075170.0858576,,2128,,0.8152053356170654,8936.092805067,10000.0,-75.48541259765625,,1.3891494274139404,3.372808329724048,,1.0,0.9275504946708679,
9.107599258422852,1790075174.0914896,,2129,,0.8195711374282837,8940.210454857,10000.0,-76.14886474609375,,1.3711059093475342,3.397905122824023,,1.0,0.9277237057685852,
9.072671890258789,1790075178.209116,,2130,,0.8150151968002319,8944.203615299,10000.0,-75.4221420288086,,1.3860812187194824,3.787111702222109,,1.0,0.92698073387146,
9.493322372436523,1790075182.2023091,,2131,,0.8161243200302124,8948.203932859,10000.0,-75.73973846435547,,1.3661227226257324,2.5204449283953956,,1.0,0.9287242889404297,
9.426061630249023,1790075186.2024462,,2132,,0.8176127076148987,8952.193184721,10000.0,-75.61412811279297,,1.3725552558898926,2.1342731759242546,,1.0,0.9275674223899841,
9.36326789855957,1790075190.1918645,,2133,,0.8163084387779236,8956.205009282,10000.0,-75.87632751464844,,1.3779634237289429,2.454956933829221,,1.0,0.9278342723846436,
9.455805778503418,1790075194.203686,,2134,,0.8187999725341797,8960.203490529,10000.0,-74.8973617553711,,1.3883848190307617,2.6495024384899186,,1.0,0.928265392780304,
9.36436653137207,1790075198.2021856,,2135,,0.8136224150657654,8964.244054999,10000.0,-75.48352813720703,,1.3957164287567139,2.3130928419137597,,1.0,0.9278108477592468,
9.155109405517578,1790075202.2427218,,2136,,0.8177937865257263,8968.391110214,10000.0,-75.37471008300781,,1.3834339380264282,2.7515766336589897,,1.0,0.9276020526885986,
9.103663444519043,1790075206.3897624,,2137,,0.8221428394317627,8972.392985388,10000.0,-75.84154510498047,,1.3737967014312744,2.7831421096839284,,1.0,0.9273926615715027,
9.517036437988281,1790075210.391651,,2138,,0.8168659210205078,8976.405833989,10000.0,-76.1618423461914,,1.3686631917953491,2.5835240542100584,,1.0,0.9275041222572327,
9.528164863586426,1790075214.4044456,,2139,,0.8194004893302917,8980.392950605,10000.0,-75.7437515258789,,1.3671393394470215,2.878440119046533,,1.0,0.9285634756088257,
9.44757080078125,1790075218.3916311,,2140,,0.8191438317298889,8984.391182182,10000.0,-76.20747375488281,,1.3723499774932861,2.319931777043573,,1.0,0.9286280274391174,
9.621585845947266,1790075222.3898377,,2141,,0.8193684220314026,8988.393503153,10000.0,-76.26876831054688,,1.3805984258651733,2.680205609399291,,1.0,0.9285597205162048,
9.412531852722168,1790075226.3921938,,2142,,0.8158828020095825,8992.39009189,10000.0,-75.73323059082031,,1.408491849899292,2.9342715658533955,,1.0,0.9276630878448486,
9.564882278442383,1790075230.3887703,,2143,,0.8219574093818665,8996.367325355,10000.0,-75.08969116210938,,1.486971139907837,2.6296833446696883,,1.0,0.9270137548446655,
9.635688781738281,1790075234.3660038,,2144,,0.8149524927139282,9000.471038026,10000.0,-75.89386749267578,,1.4138574600219727,2.5037840978763306,,1.0,0.9259841442108154,
9.678508758544922,1790075238.4697185,,2145,,0.8171088695526123,9004.45553216,10000.0,-75.9114761352539,,1.385084867477417,2.5939204890242777,,1.0,0.927202582359314,
9.712611198425293,1790075242.4541986,,2146,,0.8151220679283142,9008.459527221,10000.0,-75.42410278320312,,1.4131486415863037,2.1931479809430114,,1.0,0.9268052577972412,
9.821786880493164,1790075246.4582205,,2147,,0.8159424662590027,9012.477345026,10000.0,-76.19293212890625,,1.3982560634613037,2.699002893888319,,1.0,0.9283534288406372,
9.706025123596191,1790075250.476003,,2148,,0.8184053301811218,9016.485660719,10000.0,-76.73854064941406,,1.414294719696045,2.5382824723774493,,1.0,0.9276248216629028,
9.446893692016602,1790075254.4842515,,2149,,0.8156241774559021,9020.51385032,10000.0,-76.5882797241211,,1.3906840085983276,2.928372561568983,,1.0,0.9269458651542664,
9.68899917602539,1790075258.5125372,,2150,,0.8151301741600037,9024.529638909,10000.0,-75.53791809082031,,1.4277565479278564,2.612544963630368,,1.0,0.9260580539703369,
9.569294929504395,1790075262.5282907,,2151,,0.8145400285720825,9028.663878003,10000.0,-75.48255920410156,,1.402043342590332,2.334620730019713,,1.0,0.927883505821228,
9.712896347045898,1790075266.6625197,,2152,,0.815112829208374,9032.692738547,10000.0,-75.6701889038086,,1.4106303453445435,2.531989807267479,,1.0,0.9267175197601318,
10.239950180053711,1790075270.691447,,2153,,0.8140730857849121,9036.705491131,10000.0,-76.73944091796875,,1.4160090684890747,3.0328689559018214,,1.0,0.9278708100318909,
9.9430513381958,1790075274.70412,,2154,,0.8144661784172058,9040.718398253,10000.0,-76.75633239746094,,1.4178869724273682,2.783538142055073,,1.0,0.9264277815818787,
10.112777709960938,1790075278.717064,,2155,,0.8156236410140991,9044.742229043,10000.0,-76.33602142333984,,1.432267189025879,2.184465685469659,,1.0,0.9271968603134155,
10.099649429321289,1790075282.7409105,,2156,,0.8171525001525879,9048.757688377,10000.0,-76.34086608886719,,1.3719903230667114,2.9269585660396644,,1.0,0.9267198443412781,
9.827116966247559,1790075286.7563844,,2157,,0.8156697154045105,9052.773024848,10000.0,-75.51890563964844,,1.3776510953903198,2.699594251929106,,1.0,0.9279605150222778,
9.990633964538574,1790075290.771704,,2158,,0.8143231868743896,9056.922104711,10000.0,-75.95460510253906,,1.4080032110214233,2.4028685531539486,,1.0,0.928088903427124,
10.123281478881836,1790075294.9208157,,2159,,0.820871114730835,9060.927780626,10000.0,-76.1375961303711,,1.4481549263000488,2.2715552152374623,,1.0,0.927951991558075,
10.040604591369629,1790075298.9264874,,2160,,0.8180481791496277,9064.944672789,10000.0,-76.63041687011719,,1.3931728601455688,2.969825907988799,,1.0,0.9271466135978699,
10.033951759338379,1790075302.9433641,,2161,,0.8182532787322998,9068.955723522,10000.0,-77.18817138671875,,1.367642879486084,2.3070039298628657,,1.0,0.9263149499893188,
10.050050735473633,1790075306.954298,,2162,,0.8163561820983887,9072.95992842,10000.0,-77.05514526367188,,1.3712096214294434,3.0566371462432476,,1.0,0.9276766180992126,
10.144686698913574,1790075310.9586108,,2163,,0.8185996413230896,9076.982463274,10000.0,-76.78558349609375,,1.3592538833618164,2.7212395726337357,,1.0,0.9281370043754578,
9.743940353393555,1790075314.9811673,,2164,,0.8159936666488647,9081.003433533,10000.0,-76.95989990234375,,1.3455755710601807,3.084688610742111,,1.0,0.929023802280426,
9.764251708984375,1790075319.002074,,2165,,0.8148500919342041,9085.022470786,10000.0,-76.3595199584961,,1.3945006132125854,1.8847668115409966,,1.0,0.9259204864501953,
9.981934547424316,1790075323.021128,,2166,,0.8137045502662659,9089.153653592,10000.0,-76.78347778320312,,1.3573516607284546,2.6440322306336395,,1.0,0.9275109171867371,
9.783931732177734,1790075327.1523154,,2167,,0.8161256313323975,9093.161120628,10000.0,-77.5712890625,,1.3610130548477173,2.510018827968011,,1.0,0.9283185601234436,
9.543071746826172,1790075331.159848,,2168,,0.8201383948326111,9097.177974958,10000.0,-77.53445434570312,,1.4028778076171875,3.262190159082928,,1.0,0.927263081073761,
9.698083877563477,1790075335.1765895,,2169,,0.8175731897354126,9101.182798428,10000.0,-77.98766326904297,,1.3760044574737549,1.8650760760930398,,1.0,0.9271737933158875,
9.742295265197754,1790075339.1814888,,2170,,0.8168289065361023,9105.172482822,10000.0,-77.46900177001953,,1.3922351598739624,2.575469986635041,,1.0,0.9288989901542664,
9.463661193847656,1790075343.1711566,,2171,,0.8159440755844116,9109.161930868,10000.0,-78.04364013671875,,1.3674181699752808,2.5035373815519693,,1.0,0.9268457889556885,
9.660656929016113,1790075347.160629,,2172,,0.818041205406189,9113.156330468,10000.0,-78.44990539550781,,1.3590754270553589,2.8282145588093917,,1.0,0.9278382658958435,
9.641861915588379,1790075351.154996,,2173,,0.8160395622253418,9117.321632531,10000.0,-77.56330871582031,,1.3691424131393433,3.10590715369313,,1.0,0.9275898933410645,
9.306867599487305,1790075355.3202753,,2174,,0.8162024617195129,9121.30579686,10000.0,-77.89929962158203,,1.3918468952178955,2.6937874325394278,,1.0,0.9276411533355713,
9.199973106384277,1790075359.3044648,,2175,,0.817226767539978,9125.302345586,10000.0,-77.20263671875,,1.3698420524597168,2.297988615828976,,1.0,0.9287218451499939,
9.282994270324707,1790075363.301037,,2176,,0.8196994066238403,9129.303077137,10000.0,-77.68390655517578,,1.364689826965332,2.5064971860242147,,1.0,0.9285523295402527,
9.297325134277344,1790075367.3017604,,2177,,0.8165411353111267,9133.315190704,10000.0,-77.82259368896484,,1.3791850805282593,2.4971731772919123,,1.0,0.9281316995620728,
9.180770874023438,1790075371.3138442,,2178,,0.8132550120353699,9137.342946349,10000.0,-77.33078002929688,,1.4084302186965942,2.668789921884378,,1.0,0.9261659383773804,
9.286674499511719,1790075454.4578888,,2179,0.1913679341705943,0.8177395462989807,9218.1845839,10000.0,-78.1590805053711,0.013922179720122638,1.373976230621338,2.457825058554343,0.43704909086227417,1.0,0.9285176992416382,
,1790075456.1832888,0.5650814771652222,2180,,,9219.689089604,,,,,,,,,10000.0
,1790075457.6878731,0.5611093640327454,2181,,,9221.196027465,,,,,,,,,10000.0
,1790075459.1946392,0.5617470145225525,2182,,,9222.713237849,,,,,,,,,10000.0
,1790075460.7119532,0.5632908344268799,2183,,,9224.22408912,,,,,,,,,10000.0
,1790075462.2228744,0.5623217225074768,2184,,,9225.733522149,,,,,,,,,10000.0
,1790075463.732261,0.5599446296691895,2185,,,9227.226420169,,,,,,,,,10000.0
,1790075465.2251477,0.5533950924873352,2186,,,9228.744386967,,,,,,,,,10000.0
,1790075466.7431755,0.5558668375015259,2187,,,9230.243473673,,,,,,,,,10000.0
,1790075468.2422547,0.5531043410301208,2188,,,9231.756145361,,,,,,,,,10000.0
,1790075469.7548645,0.5521060824394226,2189,,,9233.256010367,,,,,,,,,10000.0
,1790075471.2547965,0.5511103272438049,2190,,,9234.888723316,,,,,,,,,10000.0
,1790075472.8874376,0.5511970520019531,2191,,,9236.390920054,,,,,,,,,10000.0
,1790075474.3895924,0.5521287322044373,2192,,,9237.89495252,,,,,,,,,10000.0
,1790075475.8937116,0.5493171215057373,2193,,,9239.404984433,,,,,,,,,10000.0
,1790075477.4037645,0.5479942560195923,2194,,,9240.905807913,,,,,,,,,10000.0
,1790075478.9045377,0.5496764779090881,2195,,,9242.561770463,,,,,,,,,10000.0
,1790075480.5605211,0.5462445020675659,2196,,,9244.066491115,,,,,,,,,10000.0
,1790075482.065244,0.5454768538475037,2197,,,9245.567088028,,,,,,,,,10000.0
,1790075483.565892,0.5446162223815918,2198,,,9247.081219504,,,,,,,,,10000.0
,1790075485.0799775,0.5451846122741699,2199,,,9251.085867006,,,,,,,,,10000.0
9.222916603088379,1790075489.084503,,2200,,0.8153091669082642,9255.108804395,10000.0,-78.2240219116211,,1.3752092123031616,2.533191341121136,,1.0,0.927986204624176,
9.379430770874023,1790075493.1074588,,2201,,0.8140160441398621,9259.092174167,10000.0,-77.49734497070312,,1.394445538520813,2.124198298974729,,1.0,0.9267131686210632,
9.314508438110352,1790075497.0908647,,2202,,0.8108049631118774,9263.105952911,10000.0,-78.37628173828125,,1.3891409635543823,2.740526704872005,,1.0,0.9265268445014954,
9.730887413024902,1790075501.10455,,2203,,0.8138325214385986,9267.225977477,10000.0,-77.7800064086914,,1.376612663269043,2.775002729794867,,1.0,0.9280346632003784,
9.5763578414917,1790075505.22464,,2204,,0.8212915062904358,9271.249057573,10000.0,-76.12406921386719,,1.4584593772888184,2.1809800224200835,,1.0,0.9275174736976624,
9.47971248626709,1790075509.2476754,,2205,,0.8170334696769714,9275.214406842,10000.0,-77.26480865478516,,1.3847905397415161,2.6171344557751772,,1.0,0.9266951680183411,
9.442770957946777,1790075513.2130802,,2206,,0.8176517486572266,9279.20228551,10000.0,-77.68669128417969,,1.3878649473190308,3.25296189353662,,1.0,0.9278426170349121,
9.581084251403809,1790075517.2009323,,2207,,0.8178027272224426,9283.190506068,10000.0,-77.2575912475586,,1.4029850959777832,2.8294267640362945,,1.0,0.9274898767471313,
9.178328514099121,1790075521.1891725,,2208,,0.8188590407371521,9287.18526205,10000.0,-76.4414291381836,,1.4133106470108032,2.210987582322992,,1.0,0.9274346828460693,
9.680795669555664,1790075525.1838892,,2209,,0.8164267539978027,9291.224130449,10000.0,-75.97541046142578,,1.395857810974121,3.285829647614158,,1.0,0.9275026917457581,
9.516887664794922,1790075529.222792,,2210,,0.8195154666900635,9295.235444405,10000.0,-73.68186950683594,,1.4758589267730713,2.2767194114003853,,1.0,0.9271197319030762,
9.406895637512207,1790075533.2341151,,2211,,0.8156708478927612,9299.394402071,10000.0,-75.9139633178711,,1.4245119094848633,2.987317298803666,,1.0,0.9265899658203125,
9.45260238647461,1790075537.3930094,,2212,,0.8195736408233643,9303.394521574,10000.0,-76.18412780761719,,1.3584610223770142,2.107122651996345,,1.0,0.9285402894020081,
9.490952491760254,1790075541.3932047,,2213,,0.8169395327568054,9307.412307679,10000.0,-75.8108139038086,,1.3817654848098755,2.488203487632369,,1.0,0.9289901256561279,
9.182916641235352,1790075545.4109688,,2214,,0.8179226517677307,9311.436406997,10000.0,-76.08373260498047,,1.382614254951477,3.0303129393024064,,1.0,0.9266364574432373,
9.235858917236328,1790075549.4350698,,2215,,0.8163299560546875,9315.451307622,10000.0,-75.714599609375,,1.39752197265625,2.7105477751806677,,1.0,0.9272923469543457,
9.201821327209473,1790075553.449943,,2216,,0.8105645775794983,9319.476144684,10000.0,-76.35795593261719,,1.4002119302749634,2.1872958233945483,,1.0,0.926306962966919,
9.254768371582031,1790075557.474841,,2217,,0.8145296573638916,9323.485480533,10000.0,-75.53882598876953,,1.3971121311187744,2.4894335376971917,,1.0,0.9274049997329712,
9.360259056091309,1790075561.48416,,2218,,0.8172067999839783,9327.671180953,10000.0,-76.55640411376953,,1.3653602600097656,2.427523130447994,,1.0,0.9284466505050659,
8.961758613586426,1790075565.6698296,,2219,,0.8211958408355713,9331.676867841,10000.0,-76.57386016845703,,1.3840386867523193,2.7053220876192703,,1.0,0.9281780123710632,
9.099379539489746,1790075569.675494,,2220,,0.8172603845596313,9335.7089809,10000.0,-76.45597839355469,,1.38490891456604,2.8957300173025033,,1.0,0.9277709126472473,
9.084665298461914,1790075573.7076473,,2221,,0.8166689276695251,9339.719551175,10000.0,-77.35708618164062,,1.3733361959457397,2.9971754634643157,,1.0,0.9289531111717224,
9.116252899169922,1790075577.7182007,,2222,,0.814382016658783,9343.74407775,10000.0,-77.21578216552734,,1.385403037071228,2.778883753355385,,1.0,0.9276458621025085,
9.423079490661621,1790075581.7427313,,2223,,0.8166302442550659,9347.765548285,10000.0,-76.96137237548828,,1.3748960494995117,2.3692087275078246,,1.0,0.9280880093574524,
9.549385070800781,1790075585.7642307,,2224,,0.8166760206222534,9351.779014115,10000.0,-77.70531463623047,,1.3697516918182373,1.9737749731856822,,1.0,0.9279220700263977,
9.395748138427734,1790075589.7776916,,2225,,0.8154833912849426,9355.916340884,10000.0,-77.18571472167969,,1.3868391513824463,3.125819067691336,,1.0,0.9270795583724976,
9.38503360748291,1790075593.9150188,,2226,,0.819670557975769,9359.947829226,10000.0,-76.6459732055664,,1.3837486505508423,2.1813693056530665,,1.0,0.9291189312934875,
9.342880249023438,1790075597.946486,,2227,,0.8157681226730347,9363.960304553,10000.0,-77.15140533447266,,1.4072494506835938,2.133947155122284,,1.0,0.9273400902748108,
9.457218170166016,1790075601.9589841,,2228,,0.814399778842926,9367.989397043,10000.0,-76.30493927001953,,1.3937116861343384,2.6599221321361424,,1.0,0.9266455173492432,
9.133136749267578,1790075605.9880471,,2229,,0.8162170648574829,9372.016490684,10000.0,-76.48397827148438,,1.4435921907424927,3.359262298200099,,1.0,0.9268774390220642,
9.376989364624023,1790075610.015136,,2230,,0.8162068724632263,9376.041552598,10000.0,-76.90936279296875,,1.3933886289596558,3.3872082494497926,,1.0,0.9275022745132446,
9.538263320922852,1790075614.0401807,,2231,,0.8131166100502014,9380.075834236,10000.0,-76.77998352050781,,1.3945298194885254,2.4146743565238125,,1.0,0.9261125326156616,
9.666942596435547,1790075618.0745115,,2232,,0.8134172558784485,9384.088874296,10000.0,-76.86918640136719,,1.41298508644104,2.330356383127811,,1.0,0.9270777106285095,
9.792306900024414,1790075622.0875294,,2233,,0.818729043006897,9388.249266203,10000.0,-74.8545913696289,,1.4510126113891602,3.0229086500070728,,1.0,0.9278445243835449,
9.867717742919922,1790075626.247919,,2234,,0.8169500231742859,9392.263864992,10000.0,-77.27046966552734,,1.3854987621307373,2.2604480551961026,,1.0,0.9273738861083984,
9.935909271240234,1790075630.2624655,,2235,,0.8150886297225952,9396.275754711,10000.0,-76.40933990478516,,1.3831870555877686,2.561550627179456,,1.0,0.9281397461891174,
9.697012901306152,1790075634.2744253,,2236,,0.8342669606208801,9400.30499838,10000.0,-74.8919448852539,,1.7347264289855957,2.6784317742673514,,1.0,0.9278180003166199,
9.804388046264648,1790075638.3036656,,2237,,0.8176122903823853,9404.311694251,10000.0,-75.67640686035156,,1.433271050453186,2.396779247840027,,1.0,0.9271095991134644,
9.865459442138672,1790075642.3103611,,2238,,0.818744421005249,9408.319995145,10000.0,-75.61904907226562,,1.3948036432266235,2.1714370103353233,,1.0,0.9291935563087463,
9.900705337524414,1790075646.3186836,,2239,,0.8182274699211121,9412.328733584,10000.0,-75.87616729736328,,1.368393063545227,2.677385478426787,,1.0,0.9282550811767578,
10.026731491088867,1790075650.3274064,,2240,,0.8153460025787354,9416.467408341,10000.0,-75.87088012695312,,1.4087241888046265,2.22740934949353,,1.0,0.9284458160400391,
10.019828796386719,1790075654.4660716,,2241,,0.8150613903999329,9420.471144912,10000.0,-75.6861343383789,,1.3730363845825195,2.7060425358042335,,1.0,0.9282190799713135,
10.245028495788574,1790075658.4698436,,2242,,0.8100040555000305,9424.497405822,10000.0,-75.70003509521484,,1.3975722789764404,3.569070647504062,,1.0,0.9270012378692627,
10.371294975280762,1790075662.496119,,2243,,0.8161493539810181,9428.504877119,10000.0,-75.11370849609375,,1.3767096996307373,3.267853806957849,,1.0,0.927527666091919,
10.361183166503906,1790075666.503548,,2244,,0.8123139142990112,9432.566329368,10000.0,-75.31822204589844,,1.4025923013687134,3.1569152243110743,,1.0,0.9271588921546936,
10.21435260772705,1790075670.56499,,2245,,0.8164793252944946,9436.581673783,10000.0,-76.07051849365234,,1.4073313474655151,1.9551971786977518,,1.0,0.9273483157157898,
10.042552947998047,1790075674.5803332,,2246,,0.8174030780792236,9440.59942112,10000.0,-76.78750610351562,,1.36750066280365,2.5868706608658867,,1.0,0.9286485314369202,
9.12231159210205,1790075678.5981271,,2247,,0.816165566444397,9444.840151915,10000.0,-77.3807144165039,,1.4480911493301392,3.4414561619700765,,1.0,0.9267393350601196,
9.542606353759766,1790075682.8387969,,2248,,0.8151081800460815,9448.869099573,10000.0,-76.55187225341797,,1.3930479288101196,2.396090985256842,,1.0,0.9283705949783325,
9.442790985107422,1790075686.8677802,,2249,,0.8143430352210999,9452.877550305,10000.0,-77.2704086303711,,1.401676058769226,3.0841980784826766,,1.0,0.92754727602005,
9.669246673583984,1790075690.8762214,,2250,,0.8207125067710876,9456.896744172,10000.0,-75.88188171386719,,1.4649879932403564,2.5871785437035744,,1.0,0.9276651740074158,
9.606355667114258,1790075694.8954122,,2251,,0.8158291578292847,9460.921028834,10000.0,-75.9361572265625,,1.4096161127090454,2.753147404443283,,1.0,0.9287971258163452,
9.373418807983398,1790075698.9196873,,2252,,0.8142165541648865,9464.948128692,10000.0,-76.16020202636719,,1.4280121326446533,3.160983170603197,,1.0,0.9276629686355591,
9.897146224975586,1790075702.9467957,,2253,,0.817060649394989,9468.967023998,10000.0,-76.67623138427734,,1.384150505065918,3.195906225118237,,1.0,0.9279974102973938,
9.492029190063477,1790075706.9656987,,2254,,0.82049161195755,9473.006566519,10000.0,-76.08489227294922,,1.391176700592041,3.5290248653644456,,1.0,0.9296109080314636,
9.41113567352295,1790075711.0051727,,2255,,0.8095959424972534,9477.153745734,10000.0,-76.30802917480469,,1.3993252515792847,2.741208974960297,,1.0,0.9265491366386414,
9.254104614257812,1790075715.1523924,,2256,,0.8141055107116699,9481.185551526,10000.0,-76.75480651855469,,1.3969045877456665,3.109907549199951,,1.0,0.9274871945381165,
9.465271949768066,1790075719.1842396,,2257,,0.8173387050628662,9485.207165008,10000.0,-76.99240112304688,,1.4026052951812744,3.4318707496607006,,1.0,0.9287073612213135,
9.389060974121094,1790075723.205832,,2258,,0.816984236240387,9489.228685887,10000.0,-76.61921691894531,,1.3808308839797974,3.0289400925045458,,1.0,0.9283695220947266,
9.467562675476074,1790075727.2273548,,2259,,0.8172740936279297,9493.22791929,10000.0,-76.99568176269531,,1.4427101612091064,2.397216396244626,,1.0,0.9276102185249329,
9.078516960144043,1790075731.2265754,,2260,,0.8178796172142029,9497.256887517,10000.0,-76.7672119140625,,1.4079879522323608,3.4060786634364786,,1.0,0.9276748895645142,
9.119178771972656,1790075735.2555375,,2261,,0.815847635269165,9501.287272156,10000.0,-77.02307891845703,,1.4109708070755005,2.584844443082543,,1.0,0.9267483353614807,
9.144552230834961,1790075739.2857132,,2262,,0.816403329372406,9505.442830949,10000.0,-76.42955017089844,,1.4094314575195312,2.1021107141115687,,1.0,0.9265586733818054,
9.113425254821777,1790075743.4414582,,2263,,0.8154672980308533,9509.475675585,10000.0,-76.97615814208984,,1.4010215997695923,2.6460731428189694,,1.0,0.9268738031387329,
9.422850608825684,1790075747.4743795,,2264,,0.8216364979743958,9513.5010158,10000.0,-76.9146499633789,,1.3901493549346924,3.305772770849437,,1.0,0.9288844466209412,
9.343979835510254,1790075751.4997087,,2265,,0.8166831135749817,9517.513476037,10000.0,-77.04525756835938,,1.4028490781784058,3.1463189527239748,,1.0,0.9279341697692871,
9.231603622436523,1790075755.5121436,,2266,,0.8124457001686096,9521.545499767,10000.0,-75.9737319946289,,1.4028414487838745,2.8557044020213342,,1.0,0.9274791479110718,
9.490861892700195,1790075759.5441444,,2267,,0.8157052397727966,9525.574636598,10000.0,-76.250244140625,,1.3651747703552246,2.4749772624365503,,1.0,0.9292342662811279,
9.52492904663086,1790075763.5732954,,2268,,0.8153514862060547,9529.594791542,10000.0,-76.11676788330078,,1.411100149154663,2.2209367812374805,,1.0,0.9279313683509827,
9.31274127960205,1790075767.5934684,,2269,,0.8165380954742432,9533.77827746,10000.0,-75.58983612060547,,1.3912997245788574,2.609099651238304,,1.0,0.9296287298202515,
9.382745742797852,1790075771.7769544,,2270,,0.818286120891571,9537.783160761,10000.0,-75.22442626953125,,1.501145362854004,2.429387597120992,,1.0,0.9272956252098083,
9.504716873168945,1790075775.78185,,2271,,0.8171820640563965,9541.820048935,10000.0,-75.05673217773438,,1.4036529064178467,2.140870231719681,,1.0,0.9282902479171753,
9.455111503601074,1790075779.818734,,2272,,0.8150585889816284,9545.887023177,10000.0,-74.47241973876953,,1.4223875999450684,3.078336305473138,,1.0,0.928341805934906,
9.063067436218262,1790075783.8856769,,2273,,0.8144864439964294,9549.953037455,10000.0,-74.34898376464844,,1.4201812744140625,2.6142535287800324,,1.0,0.9283499121665955,
9.483028411865234,1790075787.9517345,,2274,,0.8157833814620972,9554.006200961,10000.0,-74.66961669921875,,1.4131333827972412,3.382649039430624,,1.0,0.92746901512146,
9.702847480773926,1790075792.0048695,,2275,,0.8119997978210449,9558.044238448,10000.0,-74.69223022460938,,1.4240636825561523,2.8811059081001877,,1.0,0.9275249242782593,
10.027963638305664,1790075796.0429358,,2276,,0.8147516846656799,9562.119120567,10000.0,-74.27452850341797,,1.404334306716919,2.485098138711187,,1.0,0.9279158115386963,
9.899703025817871,1790075800.1178064,,2277,,0.8154966831207275,9566.316931193,10000.0,-74.43502807617188,,1.430142879486084,2.2706540708891496,,1.0,0.9279785752296448,
9.947837829589844,1790075804.3156013,,2278,,0.8152917623519897,9570.345812455,10000.0,-72.17931365966797,,1.430080533027649,2.207886458177502,,1.0,0.9280127882957458,
10.07261848449707,1790075808.344506,,2279,,0.8158749938011169,9574.398986584,10000.0,-74.7869644165039,,1.3867677450180054,2.5163776977224757,,1.0,0.9284435510635376,
10.040067672729492,1790075812.3976243,,2280,,0.8149558305740356,9578.414046712,10000.0,-75.11591339111328,,1.4343900680541992,2.662450704256071,,1.0,0.9266239404678345,
10.055161476135254,1790075816.4125342,,2281,,0.8170524835586548,9582.449000242,10000.0,-75.21083068847656,,1.444771409034729,3.053103619047667,,1.0,0.9263403415679932,
9.979253768920898,1790075820.447697,,2282,,0.8115733861923218,9586.478115762,10000.0,-75.26748657226562,,1.4489156007766724,2.7866464281268173,,1.0,0.9263477921485901,
10.204583168029785,1790075824.4768205,,2283,,0.8184443712234497,9590.515094171,10000.0,-74.99747467041016,,1.4405808448791504,2.173781894447128,,1.0,0.9284064769744873,
10.206787109375,1790075828.5137372,,2284,,0.8174956440925598,9594.705036796,10000.0,-75.0502700805664,,1.4117764234542847,1.8679929426676578,,1.0,0.9279217720031738,
10.282159805297852,1790075832.7036533,,2285,,0.8161882758140564,9598.751847758,10000.0,-76.15149688720703,,1.4305545091629028,2.525935597730042,,1.0,0.9281858801841736,
10.199226379394531,1790075836.7504988,,2286,,0.8155385851860046,9602.78052444,10000.0,-76.45176696777344,,1.4392023086547852,2.1980734508764757,,1.0,0.9280673265457153,
10.334778785705566,1790075840.7791865,,2287,,0.8146517276763916,9606.824384564,10000.0,-77.1615219116211,,1.4226759672164917,2.3257729846485016,,1.0,0.926277756690979,
10.335407257080078,1790075844.823078,,2288,,0.8142215609550476,9610.84785284,10000.0,-77.18846893310547,,1.4115643501281738,2.6698298864185217,,1.0,0.9263164401054382,
10.319039344787598,1790075848.8465219,,2289,,0.8171212077140808,9614.907789477,10000.0,-77.58805847167969,,1.4157260656356812,2.259810917850987,,1.0,0.9262107610702515,
10.252254486083984,1790075852.9064581,,2290,,0.8149561882019043,9618.913431267,10000.0,-77.37619018554688,,1.4325058460235596,2.121149523113583,,1.0,0.9276916980743408,
10.151005744934082,1790075856.9121027,,2291,,0.8145046830177307,9623.03453995,10000.0,-77.1891098022461,,1.404109239578247,2.929736974780012,,1.0,0.9276341795921326,
9.957442283630371,1790075861.0332184,,2292,,0.819938600063324,9627.071051098,10000.0,-77.4250717163086,,1.4032460451126099,2.3993745429537214,,1.0,0.928210437297821,
10.027090072631836,1790075865.069751,,2293,,0.8163257837295532,9631.089724799,10000.0,-77.39498138427734,,1.4343342781066895,2.3667590150639164,,1.0,0.9271095395088196,
9.775579452514648,1790075869.0884202,,2294,,0.817799985408783,9635.124052093,10000.0,-77.95600891113281,,1.4441354274749756,2.0786211204070497,,1.0,0.9262673854827881,
9.495872497558594,1790075873.1227415,,2295,,0.8175756931304932,9639.158865151,10000.0,-77.12411499023438,,1.4248535633087158,2.5713257953127155,,1.0,0.9265284538269043,
9.681377410888672,1790075877.1575003,,2296,,0.8190986514091492,9643.205641798,10000.0,-77.80282592773438,,1.4097621440887451,3.0269016087022327,,1.0,0.9286357164382935,
9.610784530639648,1790075881.2043116,,2297,,0.8159404993057251,9647.239828343,10000.0,-77.13448333740234,,1.432450532913208,2.7816663332599387,,1.0,0.927531361579895,
9.73047161102295,1790075885.238504,,2298,,0.8203051686286926,9651.262972662,10000.0,-77.65367889404297,,1.4034866094589233,3.020255036831073,,1.0,0.9292339086532593,
9.62565803527832,1790075889.2616353,,2299,,0.8188179135322571,9655.446952264,10000.0,-77.65516662597656,,1.4227659702301025,2.6573605997808745,,1.0,0.9280316233634949,
9.63086223602295,1790075893.4455903,,2300,,0.8190203309059143,9659.507322732,10000.0,-77.29902648925781,,1.4242489337921143,3.658084965993668,,1.0,0.926693856716156,
9.861000061035156,1790075897.5059662,,2301,,0.8211005926132202,9663.54987609,10000.0,-77.15467071533203,,1.4178520441055298,1.9754693261014113,,1.0,0.928954541683197,
9.794661521911621,1790075901.548559,,2302,,0.816772997379303,9667.593149554,10000.0,-77.51890563964844,,1.434511423110962,3.2161881201108677,,1.0,0.9268646836280823,
9.653646469116211,1790075905.5918255,,2303,,0.8187129497528076,9671.629712592,10000.0,-76.87002563476562,,1.4854609966278076,3.2935578022753567,,1.0,0.9278819561004639,
9.766290664672852,1790075909.6283836,,2304,,0.8202143311500549,9675.689296254,10000.0,-76.98389434814453,,1.4320482015609741,3.200449959834486,,1.0,0.9274280071258545,
9.831284523010254,1790075913.68794,,2305,,0.8187128305435181,9679.731023036,10000.0,-77.1921615600586,,1.4442434310913086,2.419451354768185,,1.0,0.9273266792297363,
9.924084663391113,1790075917.729697,,2306,,0.8205531239509583,9683.896102806,10000.0,-75.14606475830078,,1.4763587713241577,2.1041947929132605,,1.0,0.9271968603134155,
9.977433204650879,1790075921.8947787,,2307,,0.8163158297538757,9687.944076069,10000.0,-76.86438751220703,,1.4280235767364502,2.1917699825435846,,1.0,0.9270381331443787,
10.074570655822754,1790075925.9427338,,2308,,0.8199633955955505,9691.993619988,10000.0,-76.83332061767578,,1.4284234046936035,2.1140121887918446,,1.0,0.9277821183204651,
10.078012466430664,1790075929.9922767,,2309,,0.8166481256484985,9696.035321898,10000.0,-77.22339630126953,,1.400189995765686,2.1566189630704855,,1.0,0.9287757277488708,
10.297540664672852,1790075934.033988,,2310,,0.8160079121589661,9700.082610435,10000.0,-76.97137451171875,,1.3988678455352783,2.652655997893072,,1.0,0.9275916218757629,
10.492818832397461,1790075938.081238,,2311,,0.8164319396018982,9704.113554709,10000.0,-75.95413970947266,,1.4643853902816772,2.3762780967444175,,1.0,0.9272670149803162,
10.328023910522461,1790075942.1121533,,2312,,0.8167697787284851,9708.18026932,10000.0,-77.56906127929688,,1.3990745544433594,2.501312881362224,,1.0,0.9268287420272827,
10.489590644836426,1790075946.1789587,,2313,,0.8174969553947449,9712.356241301,10000.0,-77.99371337890625,,1.4145188331604004,2.784365165096745,,1.0,0.9264376163482666,
10.441165924072266,1790075950.3548884,,2314,,0.8196436166763306,9716.399885009,10000.0,-77.7603530883789,,1.4254143238067627,2.216469597269643,,1.0,0.9287927150726318,
10.117907524108887,1790075954.3985362,,2315,,0.820240318775177,9720.432106639,10000.0,-78.27853393554688,,1.4181705713272095,2.7260053512254334,,1.0,0.9292768836021423,
10.083585739135742,1790075958.4307616,,2316,,0.8171700239181519,9724.47696227,10000.0,-79.01837158203125,,1.4136862754821777,2.258528656038125,,1.0,0.9273039102554321,
9.942573547363281,1790075962.4756331,,2317,,0.8161503672599792,9728.52382595,10000.0,-78.78607940673828,,1.453275203704834,2.522850458117114,,1.0,0.9275158047676086,
9.86046314239502,1790075966.522495,,2318,,0.8167332410812378,9732.546798927,10000.0,-78.37783813476562,,1.4034886360168457,3.4491682505554775,,1.0,0.9291632771492004,
9.53747272491455,1790075970.5454605,,2319,,0.8144763708114624,9736.607898717,10000.0,-78.98207092285156,,1.4086400270462036,3.0877296995502577,,1.0,0.9266790747642517,
9.81852912902832,1790075974.6065655,,2320,,0.8174552321434021,9740.66515029,10000.0,-77.97657012939453,,1.414566993713379,2.7505217635854744,,1.0,0.9280714392662048,
9.941349029541016,1790075978.6637242,,2321,,0.8148214221000671,9744.826126203,10000.0,-79.48587799072266,,1.4075775146484375,2.2677723851844864,,1.0,0.9276474118232727,
10.200634002685547,1790075982.8248014,,2322,,0.8189504742622375,9748.885561293,10000.0,-78.43281555175781,,1.4056804180145264,2.7905357831679036,,1.0,0.9270498752593994,
10.127901077270508,1790075986.8841999,,2323,,0.8172460198402405,9752.911267772,10000.0,-79.05349731445312,,1.403552532196045,2.194783500351545,,1.0,0.9279525876045227,
9.6821870803833,1790075990.9099698,,2324,,0.8177607655525208,9756.968116428,10000.0,-78.5877456665039,,1.3838682174682617,2.365381904433744,,1.0,0.9288024306297302,
10.019830703735352,1790075994.966743,,2325,,0.8147197961807251,9761.007723207,10000.0,-78.76616668701172,,1.4015225172042847,2.4848608502471325,,1.0,0.9270796775817871,
9.720650672912598,1790075999.0063717,,2326,,0.8192054629325867,9765.073791101,10000.0,-78.67707824707031,,1.4233741760253906,2.5685666205209654,,1.0,0.927767276763916,
9.367964744567871,1790076003.072424,,2327,,0.8157030344009399,9769.134129551,10000.0,-77.64082336425781,,1.4001704454421997,2.5327670287081783,,1.0,0.9285469055175781,
9.657637596130371,1790076007.1328347,,2328,,0.8163537383079529,9773.29813589,10000.0,-78.11508178710938,,1.41335129737854,2.388519045064905,,1.0,0.9282664656639099,
9.741710662841797,1790076011.296764,,2329,,0.8183466196060181,9777.349069238,10000.0,-78.28609466552734,,1.3982471227645874,2.5763248198647495,,1.0,0.9281186461448669,
9.39304256439209,1790076015.3477829,,2330,,0.8198588490486145,9781.375056137,10000.0,-78.27017974853516,,1.4186193943023682,2.63297039928099,,1.0,0.9287042021751404,
9.489944458007812,1790076019.373739,,2331,,0.8169906735420227,9785.413995924,10000.0,-78.60429382324219,,1.4450831413269043,2.9586013289586703,,1.0,0.9276914000511169,
9.330323219299316,1790076023.4126885,,2332,,0.8207859992980957,9789.445274211,10000.0,-76.65836334228516,,1.4383207559585571,2.5525141828802176,,1.0,0.9274790287017822,
9.279391288757324,1790076027.4439967,,2333,,0.821025013923645,9793.507462765,10000.0,-77.87146759033203,,1.426123857498169,2.191749239902339,,1.0,0.927217423915863,
9.455066680908203,1790076031.5061347,,2334,,0.8166683316230774,9797.562315131,10000.0,-77.62947845458984,,1.421687364578247,3.1224568868426688,,1.0,0.9281581044197083,
9.402976036071777,1790076035.560985,,2335,,0.8227617740631104,9801.760621023,10000.0,-76.87089538574219,,1.4044185876846313,3.6456104715656323,,1.0,0.9290268421173096,
9.320709228515625,1790076039.759294,,2336,,0.8206263780593872,9805.814045509,10000.0,-76.30033874511719,,1.4335252046585083,2.217346515514855,,1.0,0.9278478026390076,
9.4895601272583,1790076043.812727,,2337,,0.8170266151428223,9809.857116111,10000.0,-76.45515441894531,,1.424048900604248,3.06673898999136,,1.0,0.926943838596344,
9.427080154418945,1790076047.8558118,,2338,,0.8184596300125122,9813.894756901,10000.0,-76.8652114868164,,1.4143867492675781,1.914994160280198,,1.0,0.9280803203582764,
9.434974670410156,1790076051.8933587,,2339,,0.8196040391921997,9817.926924194,10000.0,-76.39954376220703,,1.4488916397094727,2.418012223649668,,1.0,0.9281862378120422,
9.548315048217773,1790076055.9255905,,2340,,0.8155919909477234,9821.959293494,10000.0,-76.7262954711914,,1.4277838468551636,2.350562279569702,,1.0,0.9269046187400818,
9.710010528564453,1790076059.9579604,,2341,,0.8169188499450684,9826.006752946,10000.0,-76.76500701904297,,1.4103729724884033,3.099587784918507,,1.0,0.927079439163208,
9.568709373474121,1790076064.0054226,,2342,,0.8355292677879333,9830.032193696,10000.0,-72.28169250488281,,1.6902410984039307,2.0342659306132296,,1.0,0.9279962182044983,
9.268966674804688,1790076068.0308743,,2343,,0.8184893727302551,9834.287700138,10000.0,-77.04255676269531,,1.442223310470581,2.268702187830883,,1.0,0.9273759722709656,
9.412858009338379,1790076072.2863584,,2344,,0.8179953098297119,9838.32957457,10000.0,-77.35169219970703,,1.4475653171539307,1.9619475635685377,,1.0,0.9268286228179932,
9.672192573547363,1790076076.3282573,,2345,,0.815215528011322,9842.352529719,10000.0,-77.587158203125,,1.453549861907959,2.5044724343376785,,1.0,0.9280674457550049,
9.494715690612793,1790076080.3512104,,2346,,0.8201240301132202,9846.388669049,10000.0,-77.37874603271484,,1.4196364879608154,2.5636339341414462,,1.0,0.9282915592193604,
9.993873596191406,1790076084.387316,,2347,,0.817049503326416,9850.388385738,10000.0,-77.6200180053711,,1.4161174297332764,2.3879511353131986,,1.0,0.9281597137451172,
9.741107940673828,1790076088.3870227,,2348,,0.8184927105903625,9854.41924017,10000.0,-77.53103637695312,,1.4187805652618408,1.7394855104318796,,1.0,0.9266853332519531,
9.354654312133789,1790076092.4179075,,2349,,0.8174106478691101,9858.456345089,10000.0,-76.76277160644531,,1.4443391561508179,2.3930149155228677,,1.0,0.9278777837753296,
9.357597351074219,1790076096.4550464,,2350,,0.8222751617431641,9862.583345683,10000.0,-77.43058013916016,,1.4331696033477783,2.5519108366737333,,1.0,0.9293897747993469,
9.283382415771484,1790076100.58206,,2351,,0.8161513805389404,9866.618992145,10000.0,-76.95855712890625,,1.4273650646209717,2.910655522926921,,1.0,0.9266346096992493,
9.401113510131836,1790076104.617694,,2352,,0.819551944732666,9870.636031829,10000.0,-77.15409851074219,,1.4583392143249512,2.8943490772116904,,1.0,0.9272435903549194,
9.213042259216309,1790076108.6347456,,2353,,0.8191925287246704,9874.653532426,10000.0,-77.6489486694336,,1.4254887104034424,3.199437649304508,,1.0,0.9285333156585693,
9.15123462677002,1790076112.652212,,2354,,0.8214498162269592,9878.658351084,10000.0,-78.0385971069336,,1.4150819778442383,3.0778531768941586,,1.0,0.9294449090957642,
9.17025089263916,1790076116.6570354,,2355,,0.819405198097229,9882.688201177,10000.0,-77.53531646728516,,1.4619978666305542,1.9947659130757116,,1.0,0.9277694225311279,
9.096092224121094,1790076120.686923,,2356,,0.8194072842597961,9886.723027371,10000.0,-78.38674926757812,,1.438363790512085,1.9479723858557803,,1.0,0.9274770617485046,
9.141656875610352,1790076124.7216446,,2357,,0.8185016512870789,9890.846628203,10000.0,-77.95177459716797,,1.462638258934021,2.3234467547792237,,1.0,0.9268641471862793,
9.132392883300781,1790076128.8453512,,2358,,0.8200258612632751,9894.861333244,10000.0,-77.83220672607422,,1.4268635511398315,2.327443066449291,,1.0,0.9278723001480103,
9.307644844055176,1790076132.8600307,,2359,,0.8207830786705017,9898.883575402,10000.0,-78.23003387451172,,1.44879949092865,2.133254188791499,,1.0,0.9280388355255127,
9.377730369567871,1790076136.8822472,,2360,,0.8178808689117432,9902.876354734,10000.0,-78.10585021972656,,1.4506371021270752,2.4269635296230256,,1.0,0.9263355731964111,
9.539231300354004,1790076140.8750105,,2361,,0.8193798065185547,9906.911153239,10000.0,-78.39495849609375,,1.4486536979675293,2.4917083920070144,,1.0,0.9271398782730103,
9.624585151672363,1790076144.9098237,,2362,,0.8204200863838196,9910.907129038,10000.0,-78.76123046875,,1.4292832612991333,2.437068723799331,,1.0,0.9265182614326477,
9.710308074951172,1790076148.9058058,,2363,,0.8206046223640442,9914.938959535,10000.0,-79.34251403808594,,1.417920708656311,2.700156666287798,,1.0,0.9280107021331787,
9.539968490600586,1790076152.9376268,,2364,,0.8157161474227905,9918.981750459,10000.0,-78.61527252197266,,1.4452422857284546,2.963360621543676,,1.0,0.9277046322822571,
9.668879508972168,1790076156.9804165,,2365,,0.8207997679710388,9923.107162806,10000.0,-77.8481216430664,,1.4398598670959473,2.6797028831462337,,1.0,0.9294341802597046,
9.660192489624023,1790076161.105846,,2366,,0.8233492970466614,9927.110853088,10000.0,-77.65886688232422,,1.4768146276474,3.2587089248485923,,1.0,0.929198145866394,
9.321422576904297,1790076165.1095312,,2367,,0.8270452618598938,9931.12095488,10000.0,-78.2213363647461,,1.5961358547210693,2.22090373600681,,1.0,0.9270610213279724,
9.913633346557617,1790076169.1195993,,2368,,0.8204258680343628,9935.153885608,10000.0,-78.80532836914062,,1.4628732204437256,2.612731709460372,,1.0,0.9272119998931885,
9.949740409851074,1790076173.1525304,,2369,,0.8246286511421204,9939.162170477,10000.0,-78.48120880126953,,1.434890627861023,2.63637274780813,,1.0,0.9291289448738098,
9.975554466247559,1790076177.1608303,,2370,,0.8183062672615051,9943.174324809,10000.0,-78.214111328125,,1.43159818649292,1.9667100432379634,,1.0,0.9283652305603027,
9.914060592651367,1790076181.1730065,,2371,,0.8173789381980896,9947.209353951,10000.0,-77.8687515258789,,1.4640153646469116,2.062347444664244,,1.0,0.927111804485321,
9.827363014221191,1790076185.2080212,,2372,,0.8230700492858887,9951.336658197,10000.0,-77.51531219482422,,1.444164752960205,3.0028122700928654,,1.0,0.9293613433837891,
10.057430267333984,1790076189.335287,,2373,,0.8180510997772217,9955.36947501,10000.0,-77.75239562988281,,1.440101981163025,3.3343774337677674,,1.0,0.9264172315597534,
10.392255783081055,1790076193.3681092,,2374,,0.819710373878479,9959.397290007,10000.0,-78.27873229980469,,1.4402074813842773,2.589768786667463,,1.0,0.9279469847679138,
10.0984468460083,1790076197.395934,,2375,,0.8199040293693542,9963.426774517,10000.0,-78.7672348022461,,1.427643895149231,2.2689787690431453,,1.0,0.9272095561027527,
10.091086387634277,1790076201.4254649,,2376,,0.8155595660209656,9967.469955078,10000.0,-77.87193298339844,,1.4686942100524902,2.4847981642987005,,1.0,0.927868664264679,
10.105968475341797,1790076205.4686158,,2377,,0.8161804676055908,9971.491060614,10000.0,-79.0110092163086,,1.423314094543457,3.4766707801561423,,1.0,0.9267929196357727,
10.01036262512207,1790076209.489699,,2378,,0.8198801279067993,9975.529708919,10000.0,-79.78038787841797,,1.425689697265625,2.9061495200508083,,1.0,0.9281054735183716,
10.126956939697266,1790076213.5283737,,2379,,0.8193261027336121,9979.680719709,10000.0,-79.90242004394531,,1.4311249256134033,3.1099562061113013,,1.0,0.9279559850692749,
10.051100730895996,1790076217.6793592,,2380,,0.819538950920105,9983.709687838,10000.0,-80.29029846191406,,1.4206252098083496,3.090324619344816,,1.0,0.9287012219429016,
9.953347206115723,1790076221.708329,,2381,,0.8241952657699585,9987.737535424,10000.0,-80.39057159423828,,1.442878007888794,2.554360362273509,,1.0,0.9272080063819885,
10.143202781677246,1790076225.736212,,2382,,0.8206495642662048,9991.745837179,10000.0,-79.47459411621094,,1.4406068325042725,3.4468837423206176,,1.0,0.9270277619361877,
10.475456237792969,1790076229.7445107,,2383,,0.8208625912666321,9995.788909655,10000.0,-79.30476379394531,,1.4540313482284546,3.4589700238367405,,1.0,0.9279939532279968,
10.339256286621094,1790076233.7875707,,2384,,0.8174110651016235,9999.832286988,10000.0,-79.44212341308594,,1.4484999179840088,2.941652915190752,,1.0,0.9260600209236145,
10.320389747619629,1790076237.8309383,,2385,,0.821976900100708,10003.839370738,10000.0,-80.4488296508789,,1.4653637409210205,2.889155492345858,,1.0,0.927430272102356,
10.132091522216797,1790076241.8380601,,2386,,0.8191618323326111,10007.830521169,10000.0,-80.3589096069336,,1.4690277576446533,2.2966514227135457,,1.0,0.9269899725914001,
10.277713775634766,1790076245.829227,,2387,,0.8245242238044739,10011.961216557,10000.0,-79.68949127197266,,1.4399504661560059,2.490454989379579,,1.0,0.9280663132667542,
10.135087013244629,1790076249.959875,,2388,,0.824160635471344,10015.974738971,10000.0,-79.73888397216797,,1.4728108644485474,2.505057237956083,,1.0,0.9290092587471008,
10.218354225158691,1790076253.973412,,2389,,0.841717541217804,10019.982888101,10000.0,-77.07363891601562,,1.8239526748657227,2.9231648407661526,,1.0,0.9275650978088379,
10.190996170043945,1790076257.9815612,,2390,,0.8236624002456665,10024.017943712,10000.0,-79.7526626586914,,1.4781177043914795,2.474308792530503,,1.0,0.9274761080741882,
10.001099586486816,1790076262.0165813,,2391,,0.8228220343589783,10028.039378543,10000.0,-79.700439453125,,1.4797521829605103,2.8972554019650993,,1.0,0.9284468293190002,
10.268299102783203,1790076266.0380702,,2392,,0.8232023119926453,10032.059044121,10000.0,-79.90929412841797,,1.4740760326385498,2.4867763167487165,,1.0,0.9281480312347412,
9.973079681396484,1790076270.057685,,2393,,0.8247334957122803,10036.065628561,10000.0,-78.69239044189453,,1.5589263439178467,2.807335578346062,,1.0,0.9277496933937073,
9.912672996520996,1790076274.0642803,,2394,,0.8196236491203308,10040.189479936,10000.0,-77.92638397216797,,1.5078145265579224,2.1677072888555973,,1.0,0.927641749382019,
10.130707740783691,1790076278.1881514,,2395,,0.8225340247154236,10044.195349039,10000.0,-78.99987030029297,,1.4819389581680298,3.241632384995677,,1.0,0.9282407164573669,
10.0006685256958,1790076282.1940458,,2396,,0.821927011013031,10048.209934836,10000.0,-78.84064483642578,,1.5088430643081665,2.903236014072983,,1.0,0.9260900020599365,
10.054994583129883,1790076286.2086127,,2397,,0.8198844194412231,10052.204499364,10000.0,-78.46917724609375,,1.4627158641815186,2.294953402788729,,1.0,0.9274518489837646,
9.880293846130371,1790076290.203188,,2398,,0.8214114904403687,10056.221969452,10000.0,-78.81072235107422,,1.4742361307144165,2.290852590804285,,1.0,0.9270403385162354,
10.102529525756836,1790076373.5529907,,2399,0.15727771930105572,0.8240487575531006,10137.320756589,10000.0,-78.21138763427734,0.03340439952480566,1.4851206541061401,2.337860284052862,0.511126697063446,1.0,0.9282923936843872,
,1790076375.3194456,0.5457017421722412,2400,,,10138.864205249,,,,,,,,,10000.0
,1790076376.86291,0.5451746582984924,2401,,,10140.377013407,,,,,,,,,10000.0
,1790076378.3757207,0.5471225380897522,2402,,,10141.899002351,,,,,,,,,10000.0
,1790076379.897775,0.5439885854721069,2403,,,10143.425787792,,,,,,,,,10000.0
,1790076381.4245174,0.5475468635559082,2404,,,10144.946838916,,,,,,,,,10000.0
,1790076382.9455347,0.545666515827179,2405,,,10146.623133402,,,,,,,,,10000.0
,1790076384.6218474,0.5503981113433838,2406,,,10148.16139754,,,,,,,,,10000.0
,1790076386.1601412,0.5484099388122559,2407,,,10149.699150347,,,,,,,,,10000.0
,1790076387.6979146,0.5490214824676514,2408,,,10151.225225231,,,,,,,,,10000.0
,1790076389.2239602,0.5465627908706665,2409,,,10152.740555634,,,,,,,,,10000.0
,1790076390.7393124,0.5463401675224304,2410,,,10154.257022488,,,,,,,,,10000.0
,1790076392.2556984,0.548683762550354,2411,,,10155.771268807,,,,,,,,,10000.0
,1790076393.7700312,0.5505934357643127,2412,,,10157.295757264,,,,,,,,,10000.0
,1790076395.29447,0.549662172794342,2413,,,10158.825869147,,,,,,,,,10000.0
,1790076396.8246317,0.5486754775047302,2414,,,10160.349286976,,,,,,,,,10000.0
,1790076398.3479805,0.5509332418441772,2415,,,10162.002790429,,,,,,,,,10000.0
,1790076400.0014818,0.5512634515762329,2416,,,10163.512305303,,,,,,,,,10000.0
,1790076401.5110793,0.550255537033081,2417,,,10165.03050108,,,,,,,,,10000.0
,1790076403.0292823,0.5452606081962585,2418,,,10166.56204451,,,,,,,,,10000.0
,1790076404.5607874,0.5494717359542847,2419,,,10170.616230092,,,,,,,,,10000.0
9.914608001708984,1790076408.614872,,2420,,0.8228182792663574,10174.668683359,10000.0,-78.1550521850586,,1.4531185626983643,2.689058317058643,,1.0,0.9268373250961304,
9.836362838745117,1790076412.667417,,2421,,0.8174119591712952,10178.732421847,10000.0,-77.69306945800781,,1.4819227457046509,2.483246343852157,,1.0,0.9271167516708374,
9.862344741821289,1790076416.7311053,,2422,,0.8190288543701172,10182.948309607,10000.0,-78.62232208251953,,1.4881492853164673,2.333672329339623,,1.0,0.926669716835022,
9.973777770996094,1790076420.946843,,2423,,0.8228381872177124,10187.011066175,10000.0,-78.50374603271484,,1.4494167566299438,3.1766663883041595,,1.0,0.9281799793243408,
9.948732376098633,1790076425.0097308,,2424,,0.8213445544242859,10191.06139217,10000.0,-79.20295715332031,,1.4608051776885986,2.520246230892091,,1.0,0.9279392957687378,
9.701897621154785,1790076429.0600286,,2425,,0.8200209140777588,10195.095869486,10000.0,-79.86347961425781,,1.461388349533081,4.0291305636698835,,1.0,0.9275177717208862,
9.695478439331055,1790076433.0944808,,2426,,0.8207706212997437,10199.14254142,10000.0,-79.98409271240234,,1.4576815366744995,2.083254274429428,,1.0,0.9268060922622681,
9.967068672180176,1790076437.1412022,,2427,,0.8201528787612915,10203.181947717,10000.0,-79.73577880859375,,1.4826805591583252,2.588625099754258,,1.0,0.9271993041038513,
9.99695110321045,1790076441.1806586,,2428,,0.8213744163513184,10207.257974324,10000.0,-79.02731323242188,,1.4719939231872559,2.7165355593349965,,1.0,0.9278739094734192,
9.975257873535156,1790076445.2566767,,2429,,0.8186372518539429,10211.320086097,10000.0,-77.69468688964844,,1.4681282043457031,2.300560381571378,,1.0,0.9278564453125,
10.031801223754883,1790076449.3187242,,2430,,0.8250329494476318,10215.454373542,10000.0,-78.20108032226562,,1.461941123008728,2.2518759325848747,,1.0,0.9277974963188171,
10.19721794128418,1790076453.45304,,2431,,0.822446882724762,10219.498369129,10000.0,-77.88339233398438,,1.4664373397827148,2.580773703428477,,1.0,0.9277867674827576,
10.283907890319824,1790076457.497056,,2432,,0.8369072675704956,10223.537409427,10000.0,-75.94087219238281,,1.7390127182006836,2.973463595438735,,1.0,0.9283074140548706,
10.603852272033691,1790076461.5360668,,2433,,0.819348156452179,10227.570371304,10000.0,-78.3442153930664,,1.4586149454116821,2.7875581625658237,,1.0,0.9282019734382629,
10.190760612487793,1790076465.5690293,,2434,,0.8193619251251221,10231.597843444,10000.0,-78.57365417480469,,1.4585531949996948,1.8171944792713095,,1.0,0.9276584386825562,
10.213927268981934,1790076469.596498,,2435,,0.8196640610694885,10235.621352114,10000.0,-78.78196716308594,,1.50284743309021,3.5141288772904673,,1.0,0.9283772110939026,
10.015021324157715,1790076473.620034,,2436,,0.8181097507476807,10239.648460491,10000.0,-78.7900619506836,,1.453639268875122,2.2617134644196333,,1.0,0.9268332719802856,
10.266754150390625,1790076477.6471217,,2437,,0.8208866715431213,10243.858378366,10000.0,-79.43502044677734,,1.4638241529464722,2.0090116098721826,,1.0,0.9272930026054382,
10.152451515197754,1790076481.8570178,,2438,,0.820625364780426,10247.9071084,10000.0,-78.77336883544922,,1.4604045152664185,2.8100581411976977,,1.0,0.9271520972251892,
9.946203231811523,1790076485.9058087,,2439,,0.8149605393409729,10251.978381898,10000.0,-77.98197174072266,,1.4632469415664673,2.6173806469684067,,1.0,0.9287570714950562,
10.203120231628418,1790076489.977049,,2440,,0.8196098804473877,10256.059471727,10000.0,-78.04998779296875,,1.4696179628372192,2.261284287237727,,1.0,0.9280549883842468,
10.467303276062012,1790076494.0581264,,2441,,0.8155151605606079,10260.084220334,10000.0,-78.72232055664062,,1.4593162536621094,3.665949714799651,,1.0,0.9276270866394043,
10.438287734985352,1790076498.082888,,2442,,0.8191744089126587,10264.136443707,10000.0,-78.92436218261719,,1.443121314048767,2.7282402664874095,,1.0,0.9277485013008118,
10.467218399047852,1790076502.1351197,,2443,,0.8156805634498596,10268.178943296,10000.0,-78.87093353271484,,1.4595988988876343,2.506722694723628,,1.0,0.9270145893096924,
10.369637489318848,1790076506.1775203,,2444,,0.8204149603843689,10272.403483034,10000.0,-78.62529754638672,,1.4519362449645996,3.1686126349624093,,1.0,0.9283810257911682,
10.576725959777832,1790076510.4021087,,2445,,0.816398561000824,10276.466697113,10000.0,-78.03913116455078,,1.4707907438278198,2.9569869506258333,,1.0,0.926697850227356,
10.162981986999512,1790076514.4653606,,2446,,0.8209236860275269,10280.512495675,10000.0,-78.53551483154297,,1.468446969985962,2.7042762606208615,,1.0,0.9263870120048523,
10.34426498413086,1790076518.5111322,,2447,,0.8177146911621094,10284.579168718,10000.0,-78.86949920654297,,1.462406873703003,3.123920214040737,,1.0,0.927827775478363,
10.360062599182129,1790076522.577827,,2448,,0.8215572237968445,10288.648513075,10000.0,-77.80282592773438,,1.4489011764526367,3.354529570846215,,1.0,0.9287546277046204,
10.296623229980469,1790076526.647174,,2449,,0.8211479783058167,10292.719044848,10000.0,-77.73699951171875,,1.4656187295913696,2.540330897968816,,1.0,0.9269712567329407,
10.103379249572754,1790076530.7177103,,2450,,0.8175351619720459,10296.769484779,10000.0,-78.25550079345703,,1.4683160781860352,3.123606595732575,,1.0,0.9283931255340576,
10.261863708496094,1790076534.7681484,,2451,,0.8201000690460205,10300.845764958,10000.0,-77.85350036621094,,1.4766225814819336,2.236349959691651,,1.0,0.927074670791626,
10.094724655151367,1790076538.8444662,,2452,,0.8205053210258484,10305.039320878,10000.0,-77.30095672607422,,1.451633095741272,2.5204059828942276,,1.0,0.9278899431228638,
10.10439682006836,1790076543.037966,,2453,,0.8194653987884521,10309.114945692,10000.0,-77.79644775390625,,1.46407151222229,2.8056600584143108,,1.0,0.9285250902175903,
10.186447143554688,1790076547.1136343,,2454,,0.8199426531791687,10313.16099142,10000.0,-77.67943572998047,,1.4879032373428345,2.658257867356445,,1.0,0.9270316362380981,
10.045694351196289,1790076551.1596708,,2455,,0.8204136490821838,10317.223459855,10000.0,-78.6679916381836,,1.4751510620117188,2.22393059822159,,1.0,0.9297648072242737,
9.73032283782959,1790076555.2221136,,2456,,0.8162800073623657,10321.289508703,10000.0,-78.12511444091797,,1.491624116897583,2.342808613330919,,1.0,0.9264412522315979,
9.625940322875977,1790076559.2881656,,2457,,0.816364586353302,10325.357692923,10000.0,-78.06890106201172,,1.4848560094833374,2.128102013345107,,1.0,0.9268818497657776,
9.482669830322266,1790076563.356368,,2458,,0.8183945417404175,10329.410203164,10000.0,-77.73220825195312,,1.483069896697998,3.0697650744421088,,1.0,0.9270259141921997,
9.352129936218262,1790076567.4088898,,2459,,0.8190915584564209,10333.627614549,10000.0,-78.56417846679688,,1.454301118850708,2.9139472821276606,,1.0,0.9292961359024048,
9.591806411743164,1790076571.6262178,,2460,,0.8222742676734924,10337.694937845,10000.0,-77.67997741699219,,1.475082516670227,3.2440921222689942,,1.0,0.9275287389755249,
9.598760604858398,1790076575.69342,,2461,,0.8199681043624878,10341.742341238,10000.0,-78.32048797607422,,1.4783881902694702,2.4048905671249354,,1.0,0.9276318550109863,
9.67965316772461,1790076579.7410023,,2462,,0.8176621198654175,10345.812259687,10000.0,-78.1067123413086,,1.475431203842163,1.9235490644072264,,1.0,0.9274583458900452,
9.802721977233887,1790076583.810917,,2463,,0.8225590586662292,10349.875208259,10000.0,-77.25863647460938,,1.476170301437378,2.33720738394427,,1.0,0.9282556176185608,
9.87794303894043,1790076587.8738642,,2464,,0.8180578351020813,10353.939623925,10000.0,-77.57123565673828,,1.4797559976577759,2.5197273024942253,,1.0,0.9272005558013916,
9.743131637573242,1790076591.9382906,,2465,,0.8216097354888916,10358.006575477,10000.0,-77.43154907226562,,1.4640960693359375,2.7709945537299316,,1.0,0.9271247386932373,
9.766190528869629,1790076596.005248,,2466,,0.8197612762451172,10362.195537376,10000.0,-77.51599884033203,,1.4834262132644653,2.6684406216861496,,1.0,0.9259809851646423,
9.799617767333984,1790076600.19423,,2467,,0.8215340375900269,10366.247458437,10000.0,-79.05520629882812,,1.4690961837768555,2.3127984262158483,,1.0,0.9274939894676208,
9.728442192077637,1790076604.2461076,,2468,,0.8231475949287415,10370.305516147,10000.0,-79.2282943725586,,1.5276362895965576,2.704216463133606,,1.0,0.9278013110160828,
9.896519660949707,1790076608.3041396,,2469,,0.8199377655982971,10374.363526021,10000.0,-78.94068908691406,,1.4942905902862549,3.132163347879365,,1.0,0.9275673627853394,
9.828097343444824,1790076612.3621929,,2470,,0.8175442218780518,10378.419577863,10000.0,-79.89134979248047,,1.4874545335769653,3.164063612710749,,1.0,0.9279820322990417,
10.21290111541748,1790076616.4182503,,2471,,0.8202740550041199,10382.479198043,10000.0,-79.95236206054688,,1.4675685167312622,2.6300039238038995,,1.0,0.9284065961837769,
10.077295303344727,1790076620.4778821,,2472,,0.8182314038276672,10386.536153196,10000.0,-79.53853607177734,,1.4813843965530396,2.551058141426317,,1.0,0.926907479763031,
10.009724617004395,1790076624.5348153,,2473,,0.8191571831703186,10390.718823187,10000.0,-80.2544174194336,,1.4607834815979004,2.386129242933789,,1.0,0.9281731247901917,
10.026262283325195,1790076628.7174382,,2474,,0.822885274887085,10394.794832481,10000.0,-79.95922088623047,,1.4787956476211548,2.440042154774831,,1.0,0.9275630116462708,
10.046961784362793,1790076632.7934756,,2475,,0.8256147503852844,10398.843952331,10000.0,-79.53421020507812,,1.4597892761230469,2.598373767612024,,1.0,0.9278081655502319,
10.088260650634766,1790076636.8426263,,2476,,0.8223506212234497,10402.916265279,10000.0,-80.26725769042969,,1.4647821187973022,2.418917573528123,,1.0,0.9272329807281494,
9.99950885772705,1790076640.9149313,,2477,,0.820991575717926,10406.954166962,10000.0,-79.93754577636719,,1.499597191810608,2.409486338625076,,1.0,0.9265145063400269,
10.274312973022461,1790076644.952831,,2478,,0.8220922350883484,10411.022112747,10000.0,-79.13522338867188,,1.46269953250885,2.4580221976098966,,1.0,0.9283943176269531,
10.345226287841797,1790076649.0207748,,2479,,0.8222184181213379,10415.081581763,10000.0,-80.2978286743164,,1.4747319221496582,2.7992939540107655,,1.0,0.9272386431694031,
10.115364074707031,1790076653.0802171,,2480,,0.8232280015945435,10419.282127153,10000.0,-80.88978576660156,,1.4595062732696533,3.0731928692683677,,1.0,0.9282850027084351,
10.237793922424316,1790076657.280769,,2481,,0.821656346321106,10423.350635123,10000.0,-80.4256362915039,,1.4766132831573486,2.815422659462106,,1.0,0.9271509051322937,
10.325809478759766,1790076661.3492718,,2482,,0.8221473097801208,10427.409925029,10000.0,-80.75621795654297,,1.4655942916870117,2.4894010363478833,,1.0,0.9274784326553345,
10.204828262329102,1790076665.4079187,,2483,,0.8240613341331482,10431.466274671,10000.0,-80.24626159667969,,1.4688464403152466,2.766153960833356,,1.0,0.9286245703697205,
10.383299827575684,1790076669.4649382,,2484,,0.8233049511909485,10435.539499471,10000.0,-79.6594009399414,,1.4513224363327026,2.691176458922266,,1.0,0.9292249083518982,
10.405109405517578,1790076673.5381534,,2485,,0.8219989538192749,10439.604661959,10000.0,-80.48954010009766,,1.4868156909942627,2.8551740675499544,,1.0,0.9292603135108948,
10.346039772033691,1790076677.6033096,,2486,,0.8223474025726318,10443.665327639,10000.0,-78.43447875976562,,1.4975396394729614,2.4484360793912137,,1.0,0.9270983934402466,
10.234786033630371,1790076681.6640067,,2487,,0.8203766345977783,10447.730100983,10000.0,-78.92005157470703,,1.4771634340286255,2.338547589719052,,1.0,0.9277421832084656,
10.001238822937012,1790076685.7287464,,2488,,0.8257801532745361,10451.940213058,10000.0,-77.00277709960938,,1.5477170944213867,2.3127914012563076,,1.0,0.9281688928604126,
9.970900535583496,1790076689.938841,,2489,,0.8217478394508362,10455.99003454,10000.0,-79.28636169433594,,1.4578877687454224,2.16403103838623,,1.0,0.9273182153701782,
10.373970985412598,1790076693.988696,,2490,,0.8197281360626221,10460.056398704,10000.0,-77.93075561523438,,1.4638497829437256,2.4741370372015417,,1.0,0.9285280704498291,
10.359801292419434,1790076698.0550416,,2491,,0.8190595507621765,10464.101339718,10000.0,-78.63507843017578,,1.5024527311325073,2.240692063831573,,1.0,0.9262558221817017,
10.068083763122559,1790076702.0999894,,2492,,0.8169452548027039,10468.169406153,10000.0,-78.0255126953125,,1.4837530851364136,2.338796213304949,,1.0,0.9269323945045471,
9.903615951538086,1790076706.168043,,2493,,0.8183616399765015,10472.21244987,10000.0,-79.0945053100586,,1.4876432418823242,2.6236584836875383,,1.0,0.9267134666442871,
9.831388473510742,1790076710.2111154,,2494,,0.8382012844085693,10476.281284385,10000.0,-77.3233413696289,,1.8281188011169434,2.6526833356760737,,1.0,0.9276436567306519,
9.64538288116455,1790076714.2799711,,2495,,0.8304072618484497,10480.470761365,10000.0,-78.16173553466797,,1.6950955390930176,2.2556677040187707,,1.0,0.928194522857666,
9.488302230834961,1790076718.4694016,,2496,,55032836.0,10484.487218956,10000.0,671.3085327148438,,1488599808.0,1.576149163243244,,1.0,0.9288654327392578,
3.860203742980957,1790076722.4858594,,2497,,121637784.0,10488.527571725,10000.0,17522.62890625,,11517820928.0,1.9664233597285286,,1.0,0.928175687789917,
1.974345088005066,1790076726.526291,,2498,,33014.6171875,10492.549006739,10000.0,6708.94677734375,,9476977.0,2.2039982987016438,,1.0,0.9287559390068054,
1.8999193906784058,1790076730.5476692,,2499,,86.05481719970703,10496.586233985,10000.0,190.92913818359375,,41812.94140625,2.0922447729443903,,1.0,0.9286242127418518,
1.6801486015319824,1790076734.584915,,2500,,15.094287872314453,10500.624347566,10000.0,75.86793518066406,,9799.1552734375,1.747328387100576,,1.0,0.9275360703468323,
1.7296961545944214,1790076738.6230073,,2501,,5.555310249328613,10504.637141096,10000.0,60.666748046875,,4455.85205078125,1.8884482346805884,,1.0,0.9281476736068726,
1.0242562294006348,1790076742.635843,,2502,,286.5125427246094,10508.818773772,10000.0,69.66090393066406,,267965.71875,1.6790992270516139,,1.0,0.9272143840789795,
0.9071251749992371,1790076746.8174412,,2503,,1.3422775268554688,10512.812232983,10000.0,1.951426386833191,,1058.96533203125,2.282469455963062,,1.0,0.9272472858428955,
1.1433639526367188,1790076750.81091,,2504,,1.0199613571166992,10516.848125092,10000.0,-8.559082984924316,,721.8734130859375,2.1128236064794352,,1.0,0.9269119501113892,
0.6059648990631104,1790076754.846796,,2505,,1.0355687141418457,10520.875498805,10000.0,-9.031094551086426,,723.09130859375,2.4500602266335507,,1.0,0.9282451868057251,
0.5325939059257507,1790076758.8741772,,2506,,1.0134832859039307,10524.895844861,10000.0,-9.65343952178955,,698.910888671875,2.321863889867414,,1.0,0.9264749884605408,
0.6991111636161804,1790076762.894512,,2507,,1.0242490768432617,10528.910717518,10000.0,-10.077220916748047,,682.9675903320312,2.976003398772378,,1.0,0.9270789623260498,
0.6049022078514099,1790076766.9093845,,2508,,1.010587453842163,10532.98897326,10000.0,-11.308581352233887,,646.440673828125,2.118870630420461,,1.0,0.9280492663383484,
0.6597428321838379,1790076770.9876251,,2509,,1.006369948387146,10537.016619854,10000.0,-12.443353652954102,,637.9275512695312,2.472216332859456,,1.0,0.9278172850608826,
0.39595645666122437,1790076775.0152783,,2510,,1.0051567554473877,10541.199914481,10000.0,-13.493990898132324,,634.4089965820312,2.042870240923711,,1.0,0.9270815253257751,
0.32122382521629333,1790076779.1985571,,2511,,1.0218453407287598,10545.245349354,10000.0,-14.638200759887695,,636.8513793945312,2.2370488740628627,,1.0,0.9273151159286499,
0.32419314980506897,1790076783.2434049,,2512,,1.0068063735961914,10549.296878518,10000.0,-15.932770729064941,,619.5988159179688,2.294510550984744,,1.0,0.9274000525474548,
0.3878607451915741,1790076787.2955694,,2513,,1.0040775537490845,10553.322113306,10000.0,-18.119592666625977,,609.3201904296875,2.9034510194910426,,1.0,0.9272094964981079,
0.27363237738609314,1790076791.320779,,2514,,1.012770414352417,10557.377400557,10000.0,-19.964557647705078,,605.265869140625,2.9290135016598766,,1.0,0.9280602931976318,
0.45738065242767334,1790076795.3760989,,2515,,1.0030878782272339,10561.419461262,10000.0,-21.690427780151367,,593.0479736328125,2.5870313692271005,,1.0,0.927116334438324,
0.40323370695114136,1790076799.418145,,2516,,1.0006999969482422,10565.472451544,10000.0,-23.858745574951172,,577.2747192382812,2.8451996033332745,,1.0,0.9274934530258179,
0.319353848695755,1790076803.4711387,,2517,,0.9998536705970764,10569.675297961,10000.0,-27.47110366821289,,495.2734069824219,2.476312628862072,,1.0,0.9283232688903809,
0.48142650723457336,1790076807.673982,,2518,,1.000465989112854,10573.713317371,10000.0,-29.297325134277344,,362.05303955078125,3.0163454446482567,,1.0,0.9271228909492493,
0.4386347532272339,1790076811.711979,,2519,,0.9988131523132324,10577.741759817,10000.0,-31.18075180053711,,229.17620849609375,2.5428589312084395,,1.0,0.9286783337593079,
0.7368465662002563,1790076815.7404087,,2520,,0.9903793334960938,10581.791432582,10000.0,-32.7356071472168,,126.92285919189453,3.3493917898096823,,1.0,0.9295980334281921,
1.4754157066345215,1790076819.7900991,,2521,,0.9776610732078552,10585.83023743,10000.0,-35.07132339477539,,56.321041107177734,2.472053009491495,,1.0,0.9286144971847534,
1.8466213941574097,1790076823.8289099,,2522,,0.954230785369873,10589.895529244,10000.0,-37.86430740356445,,26.959999084472656,3.433464613426177,,1.0,0.9278932213783264,
1.7660903930664062,1790076827.8942,,2523,,0.9411324858665466,10593.930744976,10000.0,-40.243446350097656,,17.769851684570312,2.7482124176861307,,1.0,0.9299014210700989,
2.0538272857666016,1790076831.9294243,,2524,,0.9350776672363281,10598.155857892,10000.0,-43.34757995605469,,11.47745132446289,2.945666656079446,,1.0,0.9285717606544495,
2.1158759593963623,1790076836.1545434,,2525,,0.9339887499809265,10602.208325786,10000.0,-46.12925720214844,,8.115762710571289,2.7462178863417748,,1.0,0.9283496141433716,
2.5571186542510986,1790076840.2070117,,2526,,0.9249288439750671,10606.243055506,10000.0,-48.27228927612305,,6.19290828704834,3.2688249481661362,,1.0,0.9275292158126831,
3.1768922805786133,1790076844.241733,,2527,,0.9232308864593506,10610.303187004,10000.0,-49.590450286865234,,5.979872226715088,3.9369202918310306,,1.0,0.9278709888458252,
3.344024419784546,1790076848.3018773,,2528,,0.9236668348312378,10614.333736313,10000.0,-49.26919937133789,,5.897955894470215,2.1117107304090728,,1.0,0.9275193214416504,
3.8086907863616943,1790076852.3324125,,2529,,0.9207682013511658,10618.405666134,10000.0,-46.08672332763672,,5.881415367126465,2.7233075461710334,,1.0,0.9282242059707642,
4.248615264892578,1790076856.4042938,,2530,,0.9171894788742065,10622.455294125,10000.0,-43.630950927734375,,5.910221099853516,3.090214569565331,,1.0,0.9295259714126587,
4.068645000457764,1790076860.453947,,2531,,0.9110887050628662,10626.521258399,10000.0,-41.01201248168945,,5.971101760864258,3.807939075672007,,1.0,0.927206814289093,
4.465176582336426,1790076864.5199075,,2532,,0.9089821577072144,10630.721032572,10000.0,-38.67824172973633,,5.851207256317139,5.558849278157636,,1.0,0.926596462726593,
4.746288299560547,1790076868.7196352,,2533,,0.9127018451690674,10634.752637956,10000.0,-37.329498291015625,,5.821655750274658,3.935320694484703,,1.0,0.9273943901062012,
4.7295403480529785,1790076872.751244,,2534,,0.9083951711654663,10638.804740774,10000.0,-36.11399459838867,,5.655029773712158,5.361631203908854,,1.0,0.9274774193763733,
4.495029449462891,1790076876.8033936,,2535,,0.9106428623199463,10642.845614034,10000.0,-35.8349494934082,,5.590305805206299,6.029420782080114,,1.0,0.9267170429229736,
4.594786643981934,1790076880.8442898,,2536,,0.9073399305343628,10646.893664205,10000.0,-36.06081771850586,,5.492237567901611,4.226033889243074,,1.0,0.9268082976341248,
4.872506618499756,1790076884.8923557,,2537,,0.9062843322753906,10650.962058571,10000.0,-36.093414306640625,,5.375082015991211,5.899166816011412,,1.0,0.9271916151046753,
4.963550090789795,1790076888.9607513,,2538,,0.9081053733825684,10655.027395602,10000.0,-37.599308013916016,,5.139300346374512,4.699580309249182,,1.0,0.9292526245117188,
5.240322113037109,1790076893.0259786,,2539,,0.9047954678535461,10659.233298094,10000.0,-39.0892448425293,,5.053591728210449,4.8843807597244915,,1.0,0.9269056916236877,
5.521624565124512,1790076897.2319288,,2540,,0.9023293256759644,10663.296472219,10000.0,-39.386505126953125,,4.980656147003174,5.4640049268032955,,1.0,0.9271945953369141,
5.640739917755127,1790076901.2951097,,2541,,0.8956810832023621,10667.341710446,10000.0,-40.34254455566406,,4.896390438079834,4.876275104513361,,1.0,0.9267116785049438,
5.970525741577148,1790076905.340317,,2542,,0.8984131813049316,10671.418412053,10000.0,-41.338294982910156,,4.831092357635498,4.266478945055674,,1.0,0.9265212416648865,
6.120882511138916,1790076909.4170544,,2543,,0.8977165222167969,10675.46336344,10000.0,-41.43654251098633,,4.709248065948486,4.232431279887132,,1.0,0.9276173114776611,
6.0718255043029785,1790076913.4620252,,2544,,0.8972570300102234,10679.529260435,10000.0,-42.320064544677734,,4.684371471405029,4.107777194089951,,1.0,0.9270052909851074,
6.301275730133057,1790076917.5279324,,2545,,0.8972707986831665,10683.577244406,10000.0,-42.8182487487793,,4.599356174468994,6.057805807075273,,1.0,0.9281453490257263,
6.507146835327148,1790076921.5759072,,2546,,0.8982093930244446,10687.81572259,10000.0,-43.47052764892578,,4.515308380126953,3.4665028535871802,,1.0,0.927544355392456,
6.4087653160095215,1790076925.8143811,,2547,,0.8940407633781433,10691.871522248,10000.0,-44.203819274902344,,4.426541328430176,3.7452805879031468,,1.0,0.9285174012184143,
6.151382923126221,1790076929.870188,,2548,,0.89420485496521,10695.918135322,10000.0,-45.136375427246094,,4.331799507141113,2.8219310074977617,,1.0,0.9270498156547546,
6.6110124588012695,1790076933.9168084,,2549,,0.8951370716094971,10699.982552364,10000.0,-46.105369567871094,,4.2762227058410645,3.7434439682823784,,1.0,0.9269126057624817,
6.728342056274414,1790076937.9811985,,2550,,0.8941941261291504,10704.041383368,10000.0,-46.8036003112793,,4.186607360839844,2.944096774532874,,1.0,0.9282760620117188,
6.734965801239014,1790076942.0400293,,2551,,0.8928810954093933,10708.10149649,10000.0,-46.891658782958984,,4.063153266906738,2.3069803594766998,,1.0,0.9278579950332642,
6.922213554382324,1790076946.1001458,,2552,,0.8921897411346436,10712.162128351,10000.0,-47.629425048828125,,4.055072784423828,3.2775065392590403,,1.0,0.9259688854217529,
7.012060642242432,1790076950.1607335,,2553,,0.8929781317710876,10716.221649014,10000.0,-47.668968200683594,,3.9983179569244385,3.3410055535057332,,1.0,0.9275056719779968,
6.792146682739258,1790076954.2203255,,2554,,0.8894962072372437,10720.440220681,10000.0,-48.29880905151367,,3.930184841156006,2.7846521583793087,,1.0,0.9263997673988342,
7.204008102416992,1790076958.4388945,,2555,,0.8918290138244629,10724.48627987,10000.0,-48.542022705078125,,3.872321367263794,3.7587945989815728,,1.0,0.9274155497550964,
7.557218551635742,1790076962.4849682,,2556,,0.8902198076248169,10728.527676456,10000.0,-49.3890266418457,,3.772233486175537,3.0143911318434435,,1.0,0.9273419976234436,
7.235447406768799,1790076966.5263762,,2557,,0.8860315680503845,10732.574171037,10000.0,-49.095184326171875,,3.7269723415374756,4.174406201502302,,1.0,0.9262158870697021,
7.314975738525391,1790076970.5728362,,2558,,0.8905299305915833,10736.630604749,10000.0,-49.66633224487305,,3.68796968460083,3.8375324581541483,,1.0,0.9281269311904907,
7.210662841796875,1790076974.6292725,,2559,,0.8836656212806702,10740.691551583,10000.0,-51.00442886352539,,3.6912882328033447,3.7945097412579063,,1.0,0.9263982176780701,
7.493722438812256,1790076978.6902318,,2560,,0.8846555352210999,10744.74821096,10000.0,-50.268516540527344,,3.6550633907318115,3.2966220502276324,,1.0,0.9269921779632568,
7.336292743682861,1790076982.746901,,2561,,0.8853471279144287,10748.963877971,10000.0,-50.85096740722656,,3.622885227203369,4.490856288766507,,1.0,0.9276382923126221,
7.546099662780762,1790076986.9625447,,2562,,0.883004903793335,10753.022136371,10000.0,-51.820106506347656,,3.5916805267333984,4.655331847376491,,1.0,0.9278839230537415,
7.2871246337890625,1790076991.0207949,,2563,,0.8782089352607727,10757.060265679,10000.0,-52.1993293762207,,3.567930221557617,3.4400969131003287,,1.0,0.9272591471672058,
7.393743515014648,1790076995.058938,,2564,,0.8825361728668213,10761.100470604,10000.0,-52.207801818847656,,3.486872673034668,3.518378276693227,,1.0,0.9274673461914062,
7.847893238067627,1790076999.0991583,,2565,,0.880706787109375,10765.120919616,10000.0,-52.82547378540039,,3.4514193534851074,2.6355965572066657,,1.0,0.9280781745910645,
7.9359307289123535,1790077003.1195982,,2566,,0.883812665939331,10769.172661651,10000.0,-52.539424896240234,,3.493222951889038,3.459973654832378,,1.0,0.9290504455566406,
7.730077743530273,1790077007.1713235,,2567,,0.8759623765945435,10773.231198679,10000.0,-52.709503173828125,,3.480931043624878,3.520134098571519,,1.0,0.9279818534851074,
8.102736473083496,1790077011.229841,,2568,,0.8744254112243652,10777.422471692,10000.0,-52.6263313293457,,3.455221176147461,4.521051578623995,,1.0,0.9274643063545227,
7.888931751251221,1790077015.4211044,,2569,,0.8768956661224365,10781.477725123,10000.0,-53.07252883911133,,3.4435815811157227,2.891701156024582,,1.0,0.9270099401473999,
7.92850399017334,1790077019.4763489,,2570,,0.8752480149269104,10785.532141309,10000.0,-53.5350341796875,,3.353384494781494,4.176015225722388,,1.0,0.9284923076629639,
7.920870304107666,1790077023.5307918,,2571,,0.8732792735099792,10789.595351808,10000.0,-54.10503387451172,,3.3428163528442383,2.499333687854595,,1.0,0.9283303618431091,
7.591285228729248,1790077027.5940354,,2572,,0.871765673160553,10793.665519727,10000.0,-54.359710693359375,,3.3664188385009766,3.0212879308695775,,1.0,0.9276210069656372,
7.527485370635986,1790077031.6641908,,2573,,0.8739561438560486,10797.711825736,10000.0,-53.867706298828125,,3.316568374633789,3.5497714131910945,,1.0,0.9277558922767639,
7.8727707862854,1790077035.7104712,,2574,,0.8750057220458984,10801.770482569,10000.0,-54.425724029541016,,3.312838077545166,2.675920419737351,,1.0,0.9279798269271851,
7.8490519523620605,1790077039.7691543,,2575,,0.8693880438804626,10805.813627271,10000.0,-55.0167350769043,,3.320305824279785,3.194888314170053,,1.0,0.927024245262146,
8.118281364440918,1790077043.812251,,2576,,0.8757492303848267,10810.010537298,10000.0,-55.13267517089844,,3.2796261310577393,3.365455659462789,,1.0,0.9286779761314392,
8.027371406555176,1790077048.0091686,,2577,,0.8708986043930054,10814.071624464,10000.0,-55.091373443603516,,3.2427926063537598,3.348495239352321,,1.0,0.9272598028182983,
7.803170680999756,1790077052.0702448,,2578,,0.8711986541748047,10818.114744242,10000.0,-54.743370056152344,,3.262650489807129,2.7784116819912597,,1.0,0.9276371598243713,
7.8677592277526855,1790077056.1134539,,2579,,0.8713756799697876,10822.160790757,10000.0,-55.036216735839844,,3.2241709232330322,2.162092134571051,,1.0,0.9276633262634277,
7.8142619132995605,1790077060.1594906,,2580,,0.8726357817649841,10826.212060769,10000.0,-55.7662353515625,,3.2004213333129883,3.628524420428034,,1.0,0.9274836778640747,
7.7716546058654785,1790077064.2107167,,2581,,0.8694077134132385,10830.263475145,10000.0,-56.486595153808594,,3.1809003353118896,2.9742469153627438,,1.0,0.9261866211891174,
7.64664363861084,1790077068.262171,,2582,,0.8742972612380981,10834.320905865,10000.0,-55.82081985473633,,3.2924835681915283,2.1020786939352383,,1.0,0.9268415570259094,
7.946093559265137,1790077072.319588,,2583,,0.8653310537338257,10838.536653717,10000.0,-55.97858428955078,,3.1281070709228516,2.3943393068028778,,1.0,0.9264954328536987,
8.1297607421875,1790077076.5353003,,2584,,0.8643484711647034,10842.611922679,10000.0,-55.97365188598633,,3.074552297592163,2.357661308710659,,1.0,0.9265926480293274,
8.057406425476074,1790077080.6105623,,2585,,0.8679074645042419,10846.672629571,10000.0,-56.39352035522461,,3.028830051422119,2.58318365726576,,1.0,0.927857518196106,
8.031458854675293,1790077084.6712837,,2586,,0.8689901828765869,10850.74313823,10000.0,-57.00590515136719,,2.9613635540008545,3.0533076340837737,,1.0,0.9275615811347961,
8.283918380737305,1790077088.7417715,,2587,,0.8670786023139954,10854.838461331,10000.0,-56.8394775390625,,2.978534460067749,3.215194947095379,,1.0,0.9271655082702637,
8.288259506225586,1790077092.8371217,,2588,,0.864143431186676,10858.895734148,10000.0,-57.413814544677734,,2.9742226600646973,2.8202231248320366,,1.0,0.9260685443878174,
8.187215805053711,1790077096.894399,,2589,,0.8679115772247314,10862.930871276,10000.0,-57.06863784790039,,2.9334354400634766,2.3616927213038186,,1.0,0.9268953800201416,
8.390451431274414,1790077100.929568,,2590,,0.8672077655792236,10867.122746437,10000.0,-58.13264083862305,,2.8753087520599365,2.475911484241583,,1.0,0.9289371371269226,
8.33460807800293,1790077105.121378,,2591,,0.8644626140594482,10871.161280169,10000.0,-58.284278869628906,,2.834216833114624,2.5330364723361414,,1.0,0.9281695485115051,
8.043956756591797,1790077109.1599214,,2592,,0.8672454953193665,10875.229087176,10000.0,-58.462772369384766,,2.8802807331085205,2.941775560931125,,1.0,0.9269489049911499,
8.038500785827637,1790077113.227759,,2593,,0.8652607798576355,10879.276408428,10000.0,-58.942989349365234,,2.834761381149292,2.7996782820936628,,1.0,0.9263691902160645,
7.963074207305908,1790077117.274733,,2594,,0.8636096715927124,10883.332203876,10000.0,-59.823509216308594,,2.7807843685150146,3.3500005230779597,,1.0,0.9294543266296387,
8.101747512817383,1790077121.3308504,,2595,,0.8668918609619141,10887.402585899,10000.0,-59.68476104736328,,2.755004644393921,2.8259261104623863,,1.0,0.9294324517250061,
8.201521873474121,1790077125.4012303,,2596,,0.8581883311271667,10891.447709235,10000.0,-60.259822845458984,,2.749192714691162,1.754650830768545,,1.0,0.9263449311256409,
8.443973541259766,1790077129.4463727,,2597,,0.8590502738952637,10895.501957879,10000.0,-60.52653884887695,,2.7804253101348877,3.2803329614635994,,1.0,0.9257365465164185,
8.46199893951416,1790077133.5005484,,2598,,0.8642439842224121,10899.72125496,10000.0,-60.422515869140625,,2.748789072036743,3.6131867664457684,,1.0,0.9273313879966736,
8.84445858001709,1790077137.7198892,,2599,,0.8673188090324402,10903.774658165,10000.0,-61.104522705078125,,2.7217047214508057,3.1271494991784694,,1.0,0.9289810657501221,
8.589319229125977,1790077141.7733073,,2600,,0.8633929491043091,10907.833402121,10000.0,-61.38040542602539,,2.692686080932617,2.48316513782933,,1.0,0.9280426502227783,
8.461690902709961,1790077145.8320801,,2601,,0.8625546097755432,10911.874304914,10000.0,-61.098487854003906,,2.694948196411133,4.00345819478762,,1.0,0.9300253987312317,
8.566853523254395,1790077149.872923,,2602,,0.8614092469215393,10915.930463057,10000.0,-60.56636047363281,,2.7002875804901123,2.9848858614906355,,1.0,0.9276795983314514,
8.56283950805664,1790077153.9291177,,2603,,0.8609423637390137,10919.991497583,10000.0,-60.34563064575195,,2.672567129135132,2.802090313403335,,1.0,0.9277632236480713,
8.476393699645996,1790077157.990155,,2604,,0.8589415550231934,10924.044135181,10000.0,-61.2841682434082,,2.690180778503418,3.325703820002496,,1.0,0.9279139637947083,
8.616506576538086,1790077162.0428193,,2605,,0.8600087761878967,10928.305493336,10000.0,-61.36577224731445,,2.647831678390503,2.5225262141392064,,1.0,0.9277219176292419,
8.50047492980957,1790077166.3041313,,2606,,0.8617763519287109,10932.350818474,10000.0,-61.18776321411133,,2.6685967445373535,2.8133833371833314,,1.0,0.9280670881271362,
8.371390342712402,1790077170.3494089,,2607,,0.8590949177742004,10936.401287112,10000.0,-61.897377014160156,,2.617940902709961,2.8150208490771194,,1.0,0.9274953603744507,
8.527383804321289,1790077174.399933,,2608,,0.8752315640449524,10940.450715851,10000.0,-63.09339904785156,,2.913539409637451,2.5613819872006083,,1.0,0.9276596307754517,
8.373183250427246,1790077178.4493783,,2609,,0.8615752458572388,10944.501774635,10000.0,-63.31614303588867,,2.6827731132507324,3.3819682632936408,,1.0,0.9288895130157471,
7.9009175300598145,1790077182.5004108,,2610,,0.857567548751831,10948.543420997,10000.0,-62.89567565917969,,2.692378044128418,2.2358029327157642,,1.0,0.9280463457107544,
7.8524017333984375,1790077186.542081,,2611,,0.857628583908081,10952.6077044,10000.0,-62.10725021362305,,2.635613441467285,3.117258902784458,,1.0,0.9270776510238647,
7.7539167404174805,1790077190.6063504,,2612,,0.8597450852394104,10956.802720322,10000.0,-61.60356521606445,,2.6637563705444336,3.5005263928802473,,1.0,0.9290168881416321,
8.30956745147705,1790077194.8013659,,2613,,0.8552592992782593,10960.856215911,10000.0,-61.170963287353516,,2.7926297187805176,2.095230536526529,,1.0,0.926983654499054,
8.400496482849121,1790077198.8548608,,2614,,0.8563110828399658,10964.901433105,10000.0,-61.2754020690918,,2.6366729736328125,2.3406634440887575,,1.0,0.9281770586967468,
8.169611930847168,1790077202.9001093,,2615,,0.8544369339942932,10968.93567978,10000.0,-61.37334060668945,,2.6394543647766113,3.397577659487177,,1.0,0.9270365238189697,
7.866119861602783,1790077206.9344037,,2616,,0.8553858399391174,10972.99094383,10000.0,-61.197208404541016,,2.644754648208618,2.420085942951059,,1.0,0.9273619055747986,
8.312195777893066,1790077210.9895945,,2617,,0.8554130792617798,10977.045627277,10000.0,-61.946617126464844,,2.582676887512207,2.506665928662206,,1.0,0.9279499650001526,
8.537853240966797,1790077215.044324,,2618,,0.855366051197052,10981.07000581,10000.0,-61.965232849121094,,2.539480686187744,3.56509568691338,,1.0,0.92826247215271,
8.614896774291992,1790077298.9355338,,2619,1.6432493993103703,0.8515715003013611,11062.538763635,10000.0,-62.79301834106445,0.019565589224670832,2.552111864089966,4.501722038095653,0.6290169954299927,1.0,0.9282278418540955,
,1790077300.5374475,0.5505368709564209,2620,,,11064.056277397,,,,,,,,,10000.0
,1790077302.0550115,0.5520073175430298,2621,,,11065.573880662,,,,,,,,,10000.0
,1790077303.572638,0.5520504713058472,2622,,,11067.084944949,,,,,,,,,10000.0
,1790077305.0837212,0.5549484491348267,2623,,,11068.598714753,,,,,,,,,10000.0
,1790077306.5974538,0.5494340658187866,2624,,,11070.111501509,,,,,,,,,10000.0
,1790077308.110225,0.5511696338653564,2625,,,11071.636331704,,,,,,,,,10000.0
,1790077309.6350691,0.5554201602935791,2626,,,11073.161198802,,,,,,,,,10000.0
,1790077311.159964,0.5540443658828735,2627,,,11074.69012417,,,,,,,,,10000.0
,1790077312.6889133,0.5543818473815918,2628,,,11076.358804283,,,,,,,,,10000.0
,1790077314.3575573,0.5560299158096313,2629,,,11077.883332282,,,,,,,,,10000.0
,1790077315.8820436,0.5564744472503662,2630,,,11079.399325555,,,,,,,,,10000.0
,1790077317.3980274,0.5571156740188599,2631,,,11080.923731625,,,,,,,,,10000.0
,1790077318.922432,0.557325005531311,2632,,,11082.424187654,,,,,,,,,10000.0
,1790077320.4229212,0.5551608204841614,2633,,,11083.935346367,,,,,,,,,10000.0
,1790077321.9341013,0.5567725300788879,2634,,,11085.58492966,,,,,,,,,10000.0
,1790077323.5836253,0.554273784160614,2635,,,11087.102811583,,,,,,,,,10000.0
,1790077325.1014996,0.555457592010498,2636,,,11088.618998546,,,,,,,,,10000.0
,1790077326.6177826,0.5576674938201904,2637,,,11090.12723656,,,,,,,,,10000.0
,1790077328.1259367,0.55092453956604,2638,,,11091.639348344,,,,,,,,,10000.0
,1790077329.6380599,0.550929605960846,2639,,,11095.682612409,,,,,,,,,10000.0
8.464495658874512,1790077333.68124,,2640,,0.8576908111572266,11099.726156403,10000.0,-62.80094909667969,,2.5993335247039795,2.5217840820811097,,1.0,0.9269043207168579,
8.725475311279297,1790077337.7248442,,2641,,0.8557780385017395,11103.775257795,10000.0,-62.35283279418945,,2.602163076400757,2.722656979894762,,1.0,0.9286916851997375,
8.98712158203125,1790077341.7739117,,2642,,0.8530144691467285,11107.815112113,10000.0,-62.68745422363281,,2.5334713459014893,2.6793260438743953,,1.0,0.9277746081352234,
8.949156761169434,1790077345.8137157,,2643,,0.8555636405944824,11112.004106965,10000.0,-62.4065055847168,,2.584012031555176,3.1863552518548626,,1.0,0.9283235669136047,
8.843802452087402,1790077350.0027246,,2644,,0.8542078137397766,11116.045243318,10000.0,-62.877540588378906,,2.553159236907959,3.094929511990341,,1.0,0.9282910227775574,
8.571776390075684,1790077354.0439057,,2645,,0.8519535660743713,11120.059843646,10000.0,-62.788917541503906,,2.5885519981384277,2.354313288582959,,1.0,0.927803635597229,
8.791757583618164,1790077358.0585105,,2646,,0.8574314117431641,11124.059907705,10000.0,-62.4442138671875,,2.569810152053833,3.489969280715387,,1.0,0.9289495348930359,
8.648384094238281,1790077362.058554,,2647,,0.8492149114608765,11128.063206315,10000.0,-62.72792053222656,,2.5717220306396484,2.4526565233138116,,1.0,0.9271809458732605,
8.708563804626465,1790077366.061863,,2648,,0.8553124070167542,11132.117909119,10000.0,-62.88591766357422,,2.583913564682007,2.4938986659649633,,1.0,0.9271510243415833,
8.969860076904297,1790077370.1165648,,2649,,0.8551352024078369,11136.185792356,10000.0,-62.58003234863281,,2.580484390258789,3.4680144107927062,,1.0,0.9275389909744263,
8.970691680908203,1790077374.1843777,,2650,,0.8508609533309937,11140.374601203,10000.0,-63.80922317504883,,2.4903404712677,2.9676819500175973,,1.0,0.92694091796875,
9.071727752685547,1790077378.373254,,2651,,0.8493549823760986,11144.418838158,10000.0,-64.54313659667969,,2.4426562786102295,3.188672659079587,,1.0,0.9266862273216248,
9.362096786499023,1790077382.4174838,,2652,,0.8495737314224243,11148.465387935,10000.0,-65.64360046386719,,2.4164018630981445,2.5598633294732682,,1.0,0.9280270338058472,
9.515739440917969,1790077386.4640532,,2653,,0.8535563945770264,11152.514590903,10000.0,-65.74028778076172,,2.4270689487457275,2.5683494050814657,,1.0,0.9283141493797302,
9.26156234741211,1790077390.5132785,,2654,,0.8538417220115662,11156.565731802,10000.0,-65.36918640136719,,2.4401791095733643,2.7944057096271826,,1.0,0.928080677986145,
9.370830535888672,1790077394.5642624,,2655,,0.8532100915908813,11160.654817282,10000.0,-66.14083862304688,,2.3658738136291504,2.7795748606827013,,1.0,0.9284260272979736,
9.595433235168457,1790077398.6534703,,2656,,0.850424587726593,11164.725764546,10000.0,-66.75762939453125,,2.3925347328186035,3.38373404682876,,1.0,0.927680492401123,
9.291326522827148,1790077402.7244377,,2657,,0.8480845093727112,11168.949614867,10000.0,-65.54386901855469,,2.4520111083984375,3.4768762783703786,,1.0,0.9267610907554626,
9.314678192138672,1790077406.9482915,,2658,,0.8477720022201538,11173.043544805,10000.0,-65.78741455078125,,2.466200351715088,3.232445791112353,,1.0,0.9275224804878235,
9.272258758544922,1790077411.042213,,2659,,0.8494448661804199,11177.085596864,10000.0,-65.69347381591797,,2.4701693058013916,3.05237781422256,,1.0,0.925585925579071,
8.923425674438477,1790077415.084253,,2660,,0.8518432378768921,11181.14521594,10000.0,-66.61263275146484,,2.4009408950805664,2.889637809973496,,1.0,0.9282363653182983,
8.856517791748047,1790077419.1438808,,2661,,0.8527597784996033,11185.195012985,10000.0,-65.71350860595703,,2.430476427078247,2.8650279859818295,,1.0,0.9274604916572571,
9.109463691711426,1790077423.1936831,,2662,,0.851534903049469,11189.261589095,10000.0,-66.7329330444336,,2.4234681129455566,2.879651093324065,,1.0,0.9282439947128296,
8.872374534606934,1790077427.260257,,2663,,0.8542682528495789,11193.292119645,10000.0,-66.47601318359375,,2.3989651203155518,3.25717153069292,,1.0,0.9287575483322144,
8.721293449401855,1790077431.2907302,,2664,,0.8491719961166382,11197.359475406,10000.0,-66.25403594970703,,2.363002300262451,2.2011090445702437,,1.0,0.9282910823822021,
8.790020942687988,1790077435.3581414,,2665,,0.8534188866615295,11201.547610675,10000.0,-67.08145141601562,,2.3437931537628174,2.181474117828554,,1.0,0.928295910358429,
8.714855194091797,1790077439.5462904,,2666,,0.8549949526786804,11205.598013259,10000.0,-67.26715087890625,,2.370607614517212,2.772019564351913,,1.0,0.9276480078697205,
8.690600395202637,1790077443.5966897,,2667,,0.8507853150367737,11209.659412102,10000.0,-66.89901733398438,,2.4163732528686523,2.7518296227400527,,1.0,0.9269602298736572,
8.703156471252441,1790077447.6580884,,2668,,0.8491183519363403,11213.691327145,10000.0,-66.71968078613281,,2.3796029090881348,2.394537087762627,,1.0,0.9277374148368835,
9.18457317352295,1790077451.6900275,,2669,,0.8518289923667908,11217.745807484,10000.0,-67.32750701904297,,2.380100965499878,2.2460578792257566,,1.0,0.9268581867218018,
8.971960067749023,1790077455.7444603,,2670,,0.848552405834198,11221.795302766,10000.0,-66.56714630126953,,2.3752317428588867,3.274222518152366,,1.0,0.9274536371231079,
9.023564338684082,1790077459.7939603,,2671,,0.8468412160873413,11225.843749589,10000.0,-66.08631134033203,,2.3972105979919434,2.1272471448624057,,1.0,0.9260651469230652,
8.86249828338623,1790077463.8424215,,2672,,0.8518050312995911,11230.036023105,10000.0,-65.80229187011719,,2.3306398391723633,1.7335543039241414,,1.0,0.9285727143287659,
9.044347763061523,1790077468.0346806,,2673,,0.8498502373695374,11234.078483969,10000.0,-66.33521270751953,,2.3650832176208496,2.1870042351652255,,1.0,0.9267394542694092,
8.840396881103516,1790077472.077142,,2674,,0.8505799770355225,11238.119707703,10000.0,-66.07626342773438,,2.361403465270996,2.6589782229080337,,1.0,0.9273454546928406,
8.620288848876953,1790077476.1183805,,2675,,0.846754252910614,11242.158447995,10000.0,-65.75267791748047,,2.3824679851531982,3.3892880122265217,,1.0,0.925853431224823,
9.150630950927734,1790077480.157126,,2676,,0.8515949249267578,11246.197657608,10000.0,-66.88880157470703,,2.2947287559509277,2.681335661915696,,1.0,0.9285168647766113,
9.14406967163086,1790077484.1963413,,2677,,0.8523296117782593,11250.243467656,10000.0,-67.65650939941406,,2.316662549972534,3.0035203207614254,,1.0,0.928443193435669,
9.02159595489502,1790077488.2421515,,2678,,0.8520028591156006,11254.251103206,10000.0,-66.3139877319336,,2.2805755138397217,2.4463512832734637,,1.0,0.9285135865211487,
9.227620124816895,1790077492.249752,,2679,,0.8505056500434875,11258.457410028,10000.0,-67.08355712890625,,2.2688028812408447,2.6029789733324007,,1.0,0.9278623461723328,
9.32361125946045,1790077496.4560666,,2680,,0.8492549061775208,11262.494612037,10000.0,-66.96482849121094,,2.2415237426757812,2.6388060785789587,,1.0,0.9282719492912292,
9.103236198425293,1790077500.4932787,,2681,,0.8489401936531067,11266.536372779,10000.0,-66.92150115966797,,2.3061721324920654,2.81430922666228,,1.0,0.9276841878890991,
8.819561004638672,1790077504.5350256,,2682,,0.8494628071784973,11270.588486581,10000.0,-66.69633483886719,,2.308157444000244,3.0862388078839427,,1.0,0.9275577068328857,
8.933273315429688,1790077508.58716,,2683,,0.8479959964752197,11274.605089306,10000.0,-67.22624969482422,,2.2902698516845703,1.8671581461373572,,1.0,0.9268743395805359,
9.125082015991211,1790077512.6037407,,2684,,0.8481152057647705,11278.668238652,10000.0,-67.7918930053711,,2.352898359298706,2.9733666269314876,,1.0,0.9276324510574341,
9.101305961608887,1790077516.6669002,,2685,,0.849779486656189,11282.700673383,10000.0,-68.24673461914062,,2.3184239864349365,2.772670883502061,,1.0,0.9263784289360046,
9.53022575378418,1790077520.6993546,,2686,,0.8492745757102966,11286.725031573,10000.0,-67.79042053222656,,2.2052927017211914,2.2531387188141676,,1.0,0.928435206413269,
9.16368579864502,1790077524.7236974,,2687,,0.8500458002090454,11290.898236257,10000.0,-68.8154067993164,,2.279036045074463,3.123504984820514,,1.0,0.928020715713501,
9.134622573852539,1790077528.8968496,,2688,,0.8499870896339417,11294.916454089,10000.0,-68.48191833496094,,2.211210250854492,2.185425989134655,,1.0,0.9276880621910095,
9.401754379272461,1790077532.9150774,,2689,,0.8516774773597717,11298.936762763,10000.0,-69.42875671386719,,2.1710355281829834,2.1788800537549795,,1.0,0.9288460612297058,
9.29101276397705,1790077536.9354336,,2690,,0.8512316346168518,11303.002190449,10000.0,-69.49333953857422,,2.19395112991333,2.6119918648774663,,1.0,0.9288455843925476,
9.220235824584961,1790077541.000851,,2691,,0.8502480387687683,11307.054454028,10000.0,-68.73713684082031,,2.199683666229248,2.4884175286901153,,1.0,0.929039716720581,
9.412985801696777,1790077545.0531175,,2692,,0.8459318280220032,11311.111487496,10000.0,-69.23602294921875,,2.2090728282928467,2.74944487417571,,1.0,0.9275885820388794,
9.466891288757324,1790077549.1101315,,2693,,0.8474663496017456,11315.177104819,10000.0,-68.83037567138672,,2.1802291870117188,2.551413242597663,,1.0,0.9278574585914612,
9.356250762939453,1790077553.1758041,,2694,,0.8500252366065979,11319.393533999,10000.0,-68.3199691772461,,2.1793038845062256,2.6144530537617934,,1.0,0.9294871687889099,
9.524845123291016,1790077557.3921597,,2695,,0.8460612297058105,11323.4467547,10000.0,-69.22819519042969,,2.239166736602783,2.976717588325422,,1.0,0.9269227385520935,
9.340694427490234,1790077561.4453983,,2696,,0.8459628820419312,11327.517743431,10000.0,-68.63029479980469,,2.260394334793091,2.4888533990226405,,1.0,0.9263736605644226,
9.411248207092285,1790077565.5163844,,2697,,0.8466808199882507,11331.560526084,10000.0,-69.06275939941406,,2.2249746322631836,3.6454392943250076,,1.0,0.9265825748443604,
9.310683250427246,1790077569.5591898,,2698,,0.8418296575546265,11335.602045819,10000.0,-69.20919799804688,,2.2849409580230713,2.9944156412676746,,1.0,0.9259299635887146,
9.16108226776123,1790077573.6006975,,2699,,0.8491870164871216,11339.653030998,10000.0,-68.71803283691406,,2.202049970626831,2.6019382123848502,,1.0,0.9278855919837952,
9.312992095947266,1790077577.6517031,,2700,,0.8452401161193848,11343.706504333,10000.0,-68.45989227294922,,2.1971652507781982,2.83520693278704,,1.0,0.9260472059249878,
9.068209648132324,1790077581.7051802,,2701,,0.8480284810066223,11347.958644125,10000.0,-68.3417739868164,,2.230651617050171,2.8015834857413155,,1.0,0.925728976726532,
8.924482345581055,1790077585.9573207,,2702,,0.8504388928413391,11352.007674085,10000.0,-68.47623443603516,,2.241640090942383,2.5020385965924814,,1.0,0.928587019443512,
8.796918869018555,1790077590.0063114,,2703,,0.8458737134933472,11356.075352126,10000.0,-67.68130493164062,,2.1970632076263428,2.942903314503769,,1.0,0.9275394678115845,
9.007569313049316,1790077594.0740263,,2704,,0.8437604308128357,11360.105300567,10000.0,-67.58598327636719,,2.21390700340271,3.1135237017056405,,1.0,0.9271693229675293,
9.213410377502441,1790077598.1039746,,2705,,0.8473473191261292,11364.14600041,10000.0,-67.92655944824219,,2.2096691131591797,2.7314308485001657,,1.0,0.9284827709197998,
9.019460678100586,1790077602.144681,,2706,,0.8490553498268127,11368.199599463,10000.0,-68.39015197753906,,2.205923557281494,3.5948548736498145,,1.0,0.9283105731010437,
9.060993194580078,1790077606.198266,,2707,,0.8478666543960571,11372.256657276,10000.0,-68.02400207519531,,2.2464826107025146,2.3671445015074473,,1.0,0.9277431964874268,
9.079025268554688,1790077610.2553158,,2708,,0.844891369342804,11376.326806022,10000.0,-67.38609313964844,,2.226174831390381,2.544311195935415,,1.0,0.9261578917503357,
8.941692352294922,1790077614.3254595,,2709,,0.8478593230247498,11380.50785798,10000.0,-67.31472778320312,,2.2320573329925537,2.6479405446753677,,1.0,0.9275921583175659,
8.927091598510742,1790077618.506521,,2710,,0.847076952457428,11384.573882038,10000.0,-67.14290618896484,,2.2504427433013916,2.785514443778089,,1.0,0.9282235503196716,
9.010437965393066,1790077622.572531,,2711,,0.8475472331047058,11388.620569419,10000.0,-66.77777099609375,,2.2299914360046387,2.5153813363677067,,1.0,0.9275528788566589,
8.980304718017578,1790077626.6192384,,2712,,0.8453956842422485,11392.689592413,10000.0,-66.5673599243164,,2.2254788875579834,3.4327952757504465,,1.0,0.9276211261749268,
8.978652000427246,1790077630.6882594,,2713,,0.8506126403808594,11396.738723742,10000.0,-67.32904815673828,,2.2370738983154297,2.6032860376846854,,1.0,0.9278261661529541,
8.988293647766113,1790077634.737404,,2714,,0.8474452495574951,11400.804864715,10000.0,-66.5721435546875,,2.242594003677368,3.0381363551140126,,1.0,0.9272518157958984,
9.401280403137207,1790077638.8035119,,2715,,0.8466591835021973,11404.881041574,10000.0,-67.6391372680664,,2.223191738128662,3.244819350752172,,1.0,0.9282106757164001,
9.23289966583252,1790077642.8797271,,2716,,0.8434587717056274,11409.104154847,10000.0,-67.56588745117188,,2.2465386390686035,2.4962126434237226,,1.0,0.9272071719169617,
9.277997970581055,1790077647.1028206,,2717,,0.8482314944267273,11413.174043388,10000.0,-67.63109588623047,,2.210813045501709,2.2459366684130395,,1.0,0.9266024231910706,
9.331307411193848,1790077651.1726902,,2718,,0.8446102738380432,11417.234232769,10000.0,-68.2707290649414,,2.1870720386505127,2.8698342183535837,,1.0,0.927581787109375,
9.476188659667969,1790077655.2328963,,2719,,0.8450440168380737,11421.284255623,10000.0,-68.00457763671875,,2.166184902191162,3.775742483014263,,1.0,0.9277235269546509,
9.447379112243652,1790077659.2829578,,2720,,0.8436200022697449,11425.353092688,10000.0,-68.6008529663086,,2.1996307373046875,3.1886103993982107,,1.0,0.9257760047912598,
9.357531547546387,1790077663.3517637,,2721,,0.8486587405204773,11429.398228532,10000.0,-68.67040252685547,,2.141692876815796,2.1074615567263497,,1.0,0.9274330735206604,
9.417357444763184,1790077667.396901,,2722,,0.8462522029876709,11433.465116139,10000.0,-68.44270324707031,,2.1505422592163086,2.4795233830601804,,1.0,0.9270526170730591,
9.580570220947266,1790077671.463781,,2723,,0.8462374806404114,11437.67534919,10000.0,-68.48373413085938,,2.136296272277832,2.7381460310143293,,1.0,0.9285829663276672,
9.604475021362305,1790077675.6740236,,2724,,0.8476696014404297,11441.721354414,10000.0,-67.96549224853516,,2.1339893341064453,2.5411896614195224,,1.0,0.9280812740325928,
9.690425872802734,1790077679.7200317,,2725,,0.8443470597267151,11445.781318774,10000.0,-68.75695037841797,,2.1248035430908203,2.59624481481671,,1.0,0.9285953044891357,
9.763494491577148,1790077683.7799895,,2726,,0.8455421924591064,11449.797353119,10000.0,-68.94889831542969,,2.1211495399475098,3.827705613383087,,1.0,0.927574098110199,
9.623331069946289,1790077687.7960134,,2727,,0.8448960185050964,11453.826992187,10000.0,-69.70146179199219,,2.1151421070098877,2.8283421065425105,,1.0,0.9277717471122742,
9.567239761352539,1790077691.825644,,2728,,0.8476170301437378,11457.889533296,10000.0,-68.8194351196289,,2.083030939102173,2.9086798439332138,,1.0,0.9277976751327515,
9.468814849853516,1790077695.888191,,2729,,0.8490659594535828,11461.912962955,10000.0,-68.68749237060547,,2.2020134925842285,2.835542331122924,,1.0,0.9274027347564697,
8.940285682678223,1790077699.9116333,,2730,,0.8393884301185608,11466.116831009,10000.0,-69.34290313720703,,2.098680257797241,2.8455009000246334,,1.0,0.9270716905593872,
8.892152786254883,1790077704.1155066,,2731,,0.8477356433868408,11470.172792206,10000.0,-69.8344497680664,,2.0496649742126465,2.2637439081286694,,1.0,0.9288169145584106,
8.75418472290039,1790077708.1714547,,2732,,0.8454723954200745,11474.225327044,10000.0,-69.51160430908203,,2.093074321746826,2.2761654549605015,,1.0,0.9274159073829651,
8.871743202209473,1790077712.2239828,,2733,,0.84432053565979,11478.283883875,10000.0,-70.43132019042969,,2.0381972789764404,2.1790688925584893,,1.0,0.927422046661377,
9.000715255737305,1790077716.2825215,,2734,,0.8425731658935547,11482.328280138,10000.0,-69.85327911376953,,2.051088809967041,3.7873035720188564,,1.0,0.9281728863716125,
8.953744888305664,1790077720.3268864,,2735,,0.8421366810798645,11486.375306507,10000.0,-69.7641830444336,,2.0373828411102295,2.7615676247028778,,1.0,0.9271987080574036,
8.861942291259766,1790077724.373958,,2736,,0.8432892560958862,11490.411558952,10000.0,-69.98788452148438,,2.073060989379883,2.3816787574899796,,1.0,0.9276201725006104,
8.563648223876953,1790077728.4102557,,2737,,0.8390474915504456,11494.606296442,10000.0,-69.90953063964844,,2.090874671936035,2.529251784250251,,1.0,0.9275388121604919,
8.845117568969727,1790077732.6048753,,2738,,0.8410971164703369,11498.639787162,10000.0,-70.57981872558594,,2.05930495262146,2.409930545494912,,1.0,0.927941083908081,
8.656586647033691,1790077736.6384053,,2739,,0.8424922227859497,11502.696416743,10000.0,-70.203125,,2.0750157833099365,3.371624037581114,,1.0,0.9270298480987549,
8.773427963256836,1790077740.695063,,2740,,0.8429825305938721,11506.732186415,10000.0,-70.7559814453125,,2.030750036239624,2.5010929447789496,,1.0,0.9273144006729126,
8.87820816040039,1790077744.7308464,,2741,,0.8430125713348389,11510.795145231,10000.0,-71.28780364990234,,2.0528054237365723,2.0293132186655667,,1.0,0.9269288778305054,
8.944160461425781,1790077748.7938237,,2742,,0.8421140313148499,11514.830441991,10000.0,-71.03365325927734,,2.0710716247558594,3.2962812910974693,,1.0,0.9277079701423645,
8.703509330749512,1790077752.829047,,2743,,0.8390981554985046,11518.896809306,10000.0,-71.47793579101562,,2.046915292739868,2.8252594251242917,,1.0,0.9275929927825928,
8.715097427368164,1790077756.8954072,,2744,,0.8441739082336426,11522.944878999,10000.0,-70.05513000488281,,2.0419118404388428,3.13420987726449,,1.0,0.927206814289093,
8.99733829498291,1790077760.9435596,,2745,,0.8397065997123718,11527.165931422,10000.0,-70.36227416992188,,2.0293307304382324,2.7566063341949,,1.0,0.9283803701400757,
8.933895111083984,1790077765.1646142,,2746,,0.8405889272689819,11531.223868887,10000.0,-71.11762237548828,,2.063709020614624,2.4479705981922426,,1.0,0.927542507648468,
8.705621719360352,1790077769.2224526,,2747,,12.957483291625977,11535.312629019,10000.0,-68.66004180908203,,287.2290344238281,2.077215552816726,,1.0,0.9274004101753235,
8.014433860778809,1790077773.3113256,,2748,,1.8559787273406982,11539.366986646,10000.0,-69.53752899169922,,25.418624877929688,2.911518835277284,,1.0,0.9275876879692078,
7.758697986602783,1790077777.3656662,,2749,,0.8459845781326294,11543.465705309,10000.0,-68.77088165283203,,2.4476871490478516,3.505411236494463,,1.0,0.9281466007232666,
8.351203918457031,1790077781.4643688,,2750,,1.1215124130249023,11547.539931272,10000.0,-69.07575225830078,,8.56726360321045,2.5975080301635765,,1.0,0.928061306476593,
7.840624809265137,1790077785.538581,,2751,,0.9760981798171997,11551.605515036,10000.0,-69.12789154052734,,5.700088024139404,2.7046358433909186,,1.0,0.9281406402587891,
8.54919719696045,1790077789.604175,,2752,,0.8996579647064209,11555.793943438,10000.0,-68.5694351196289,,3.8015902042388916,2.908696381298534,,1.0,0.927878737449646,
8.19595718383789,1790077793.7926266,,2753,,0.8605015277862549,11559.86085631,10000.0,-67.9363021850586,,2.904855728149414,2.509358149390076,,1.0,0.9282679557800293,
8.160134315490723,1790077797.8594813,,2754,,0.8462669849395752,11563.922693309,10000.0,-69.12860870361328,,2.4091615676879883,2.892765835136161,,1.0,0.9270114898681641,
7.875429153442383,1790077801.9213612,,2755,,0.881633996963501,11567.976480386,10000.0,-68.77851867675781,,3.3137588500976562,2.79253536467097,,1.0,0.9274231195449829,
7.9277873039245605,1790077805.9751446,,2756,,0.8527327179908752,11572.037043596,10000.0,-69.28732299804688,,2.5804929733276367,3.2232080596659456,,1.0,0.9284417629241943,
8.025152206420898,1790077810.0357213,,2757,,0.8476099371910095,11576.096467338,10000.0,-69.55084228515625,,2.597799777984619,2.7761493768652916,,1.0,0.9275621771812439,
8.25876522064209,1790077814.095123,,2758,,0.8494458794593811,11580.156269475,10000.0,-69.1745376586914,,2.368995428085327,2.7881443620215145,,1.0,0.9279164671897888,
8.343830108642578,1790077818.1549296,,2759,,0.8701007962226868,11584.351355483,10000.0,-69.21463775634766,,2.9627437591552734,2.695298830823308,,1.0,0.9284862279891968,
8.542927742004395,1790077822.3500364,,2760,,0.8556203246116638,11588.389347666,10000.0,-68.79581451416016,,2.718859910964966,3.133169139447335,,1.0,0.9280768632888794,
8.5342435836792,1790077826.3880224,,2761,,0.8422102928161621,11592.45407625,10000.0,-69.1604232788086,,2.4385647773742676,2.923205025697283,,1.0,0.9274123311042786,
8.788817405700684,1790077830.45274,,2762,,0.8471636176109314,11596.498467215,10000.0,-69.18014526367188,,2.4349136352539062,2.7967791343866097,,1.0,0.9294537305831909,
8.851184844970703,1790077834.4971359,,2763,,0.844332218170166,11600.565834642,10000.0,-67.97598266601562,,2.400437831878662,2.6537427996873273,,1.0,0.9271537661552429,
9.209909439086914,1790077838.5645037,,2764,,0.840271532535553,11604.591452463,10000.0,-68.21912384033203,,2.454908847808838,2.784995843557699,,1.0,0.9279194474220276,
9.123127937316895,1790077842.5901132,,2765,,0.8406745791435242,11608.662894874,10000.0,-69.10689544677734,,2.3565142154693604,3.251400701596896,,1.0,0.9263989329338074,
9.50063705444336,1790077846.6615505,,2766,,0.8458564281463623,11612.736032048,10000.0,-67.89937591552734,,2.252014398574829,2.881726494751711,,1.0,0.9275810718536377,
9.414328575134277,1790077850.7346969,,2767,,0.8415852189064026,11616.955684652,10000.0,-67.9945297241211,,2.227385997772217,1.828910252465802,,1.0,0.9263908863067627,
9.249256134033203,1790077854.9543111,,2768,,0.8436124324798584,11621.023384348,10000.0,-67.90522003173828,,2.164872646331787,2.2776605081473056,,1.0,0.9285915493965149,
9.311878204345703,1790077859.0220294,,2769,,0.8384219408035278,11625.096760562,10000.0,-67.70628356933594,,2.1875085830688477,2.7548262928695832,,1.0,0.9272124767303467,
9.169559478759766,1790077863.0954227,,2770,,0.8450356125831604,11629.136123202,10000.0,-67.17962646484375,,2.1365058422088623,2.297543586617757,,1.0,0.9280776977539062,
9.198821067810059,1790077867.1348066,,2771,,0.8420666456222534,11633.181477074,10000.0,-68.1146469116211,,2.126410722732544,4.0863441915844385,,1.0,0.928128719329834,
9.445712089538574,1790077871.1801367,,2772,,0.8474687933921814,11637.231834442,10000.0,-69.20567321777344,,2.0519659519195557,3.1328818300519057,,1.0,0.9267098903656006,
9.371406555175781,1790077875.2304816,,2773,,0.8449190258979797,11641.302395878,10000.0,-68.87024688720703,,2.0204386711120605,3.0886183656241792,,1.0,0.9281932711601257,
9.647123336791992,1790077879.3010619,,2774,,0.8442238569259644,11645.495388851,10000.0,-69.2197036743164,,2.0091052055358887,2.683372549410281,,1.0,0.9284676313400269,
9.462471008300781,1790077883.4940474,,2775,,0.8426194190979004,11649.536573865,10000.0,-69.04357147216797,,2.04451847076416,2.5968559884806655,,1.0,0.9267987012863159,
9.40775203704834,1790077887.535217,,2776,,0.8421570658683777,11653.601691754,10000.0,-68.9476089477539,,2.0139665603637695,3.5659244995346167,,1.0,0.9267218708992004,
9.417340278625488,1790077891.6003118,,2777,,0.8458943963050842,11657.667894365,10000.0,-68.54377746582031,,2.0252370834350586,3.2118022312080723,,1.0,0.9288642406463623,
9.422431945800781,1790077895.6665523,,2778,,0.8463863134384155,11661.717640937,10000.0,-68.09535217285156,,2.0141103267669678,2.5191980082984275,,1.0,0.9275506734848022,
9.551227569580078,1790077899.7163138,,2779,,0.8470680117607117,11665.780272706,10000.0,-68.0317153930664,,2.008100986480713,2.45234414029542,,1.0,0.9274616837501526,
9.3485689163208,1790077903.778923,,2780,,0.8453015685081482,11669.839564437,10000.0,-68.76656341552734,,2.0316832065582275,2.8807602479581287,,1.0,0.9269261956214905,
9.15053939819336,1790077907.8382099,,2781,,0.8426997661590576,11674.032081811,10000.0,-69.5565185546875,,1.9980543851852417,3.1624111355319418,,1.0,0.927815854549408,
9.176962852478027,1790077912.0306888,,2782,,0.8443383574485779,11678.100164869,10000.0,-70.55119323730469,,1.9987525939941406,3.290931011846377,,1.0,0.9280083179473877,
9.434393882751465,1790077916.0988183,,2783,,0.8431026935577393,11682.177629126,10000.0,-70.72501373291016,,1.9976435899734497,3.2049315725517507,,1.0,0.9281672835350037,
9.367016792297363,1790077920.176313,,2784,,0.8471227288246155,11686.218548895,10000.0,-71.42613983154297,,2.031428098678589,2.308377418655198,,1.0,0.9272845387458801,
9.495871543884277,1790077924.2172012,,2785,,0.8440393805503845,11690.282686603,10000.0,-71.39318084716797,,1.9754998683929443,2.8379669454439984,,1.0,0.9286744594573975,
9.618330955505371,1790077928.2813632,,2786,,0.842498242855072,11694.346921531,10000.0,-71.78398895263672,,2.016901731491089,3.081239005565141,,1.0,0.9273549914360046,
9.732965469360352,1790077932.3455913,,2787,,0.8442028164863586,11698.399773542,10000.0,-72.13744354248047,,1.9932365417480469,3.1618302724567853,,1.0,0.9283320903778076,
9.744828224182129,1790077936.3984725,,2788,,0.8404863476753235,11702.465678183,10000.0,-72.41292572021484,,1.9850987195968628,2.3805183341434137,,1.0,0.9272494316101074,
9.642516136169434,1790077940.464355,,2789,,0.8432745933532715,11706.670359972,10000.0,-72.09184265136719,,1.9640933275222778,2.194281976777969,,1.0,0.9271297454833984,
9.963547706604004,1790077944.6690714,,2790,,0.8411250114440918,11710.724274138,10000.0,-72.26860809326172,,1.973089337348938,2.619389244326468,,1.0,0.9282450079917908,
10.037395477294922,1790077948.7229486,,2791,,0.8368156552314758,11714.779962444,10000.0,-72.58744049072266,,1.9903321266174316,2.3303306162329758,,1.0,0.9268687963485718,
9.774968147277832,1790077952.7786252,,2792,,0.8365148305892944,11718.838621319,10000.0,-72.0262222290039,,1.9833221435546875,2.2053156289686227,,1.0,0.9268631935119629,
9.987139701843262,1790077956.8373163,,2793,,0.8381891846656799,11722.894290496,10000.0,-71.7298355102539,,1.9753841161727905,2.7211579016737555,,1.0,0.9269438982009888,
9.748805046081543,1790077960.892972,,2794,,0.8386304378509521,11726.953468009,10000.0,-71.7249755859375,,2.0103719234466553,3.1719720451271387,,1.0,0.9278271198272705,
9.550729751586914,1790077964.9521472,,2795,,0.8380469679832458,11730.993639519,10000.0,-71.7620849609375,,2.0847694873809814,2.537338104657897,,1.0,0.9270626902580261,
9.739531517028809,1790077968.9923098,,2796,,0.8428257703781128,11735.208156711,10000.0,-71.6597671508789,,1.9884748458862305,3.9748017025976212,,1.0,0.929233729839325,
9.632124900817871,1790077973.2068243,,2797,,0.840230405330658,11739.251887776,10000.0,-72.2671890258789,,2.0081946849823,2.7446353892287507,,1.0,0.9279407262802124,
9.425872802734375,1790077977.2505548,,2798,,0.8393217325210571,11743.299438245,10000.0,-70.87816619873047,,2.0278027057647705,2.7360841886532405,,1.0,0.9273554086685181,
9.508304595947266,1790077981.2981048,,2799,,0.8400258421897888,11747.337641656,10000.0,-70.89092254638672,,1.9873878955841064,2.906721468939843,,1.0,0.928173840045929,
9.664111137390137,1790077985.3363118,,2800,,0.8412401080131531,11751.403655202,10000.0,-70.78714752197266,,1.9951814413070679,3.5849145732483354,,1.0,0.9273045063018799,
9.570223808288574,1790077989.4023309,,2801,,0.840583324432373,11755.450502176,10000.0,-71.00373840332031,,1.9802541732788086,2.3735936991296156,,1.0,0.927222728729248,
9.214746475219727,1790077993.4491768,,2802,,0.8429529070854187,11759.51457147,10000.0,-71.4177474975586,,1.999343991279602,2.562418871460928,,1.0,0.9278732538223267,
8.997955322265625,1790077997.513248,,2803,,0.8380464315414429,11763.715373699,10000.0,-71.26455688476562,,1.9930801391601562,2.05975151085731,,1.0,0.9271003007888794,
9.115703582763672,1790078001.714035,,2804,,0.8428865075111389,11767.783029263,10000.0,-71.677001953125,,1.972840428352356,2.584713590649257,,1.0,0.9279806017875671,
8.888925552368164,1790078005.7816875,,2805,,0.8419082164764404,11771.866126577,10000.0,-71.0214614868164,,1.9759701490402222,3.295393361968473,,1.0,0.9282021522521973,
8.657515525817871,1790078009.864787,,2806,,0.8368697166442871,11775.917858653,10000.0,-71.55127716064453,,2.005640745162964,3.01355319123407,,1.0,0.9255340695381165,
8.790361404418945,1790078013.9165215,,2807,,0.840583324432373,11779.988860618,10000.0,-71.74712371826172,,2.0013716220855713,2.0548560150090576,,1.0,0.927980899810791,
9.09628677368164,1790078017.9874954,,2808,,0.8406492471694946,11784.068932987,10000.0,-70.91891479492188,,1.9998445510864258,2.576072020840462,,1.0,0.9271981120109558,
9.158061981201172,1790078022.0676095,,2809,,0.8389279246330261,11788.120403572,10000.0,-71.6773910522461,,2.0230677127838135,2.859336935137787,,1.0,0.9263832569122314,
9.322927474975586,1790078026.1190834,,2810,,0.8408936262130737,11792.183340768,10000.0,-71.5094985961914,,1.9502012729644775,2.4433770831237465,,1.0,0.9285936951637268,
9.533251762390137,1790078030.182008,,2811,,0.843820333480835,11796.388322254,10000.0,-71.37908935546875,,1.9611068964004517,3.026951490812613,,1.0,0.928250253200531,
9.307313919067383,1790078034.3867848,,2812,,0.8374040126800537,11800.444720244,10000.0,-73.25403594970703,,1.9800959825515747,2.8973680435090623,,1.0,0.9262897968292236,
9.522356986999512,1790078038.4433765,,2813,,0.8373925089836121,11804.514670714,10000.0,-71.8976058959961,,1.9894473552703857,2.403238514567045,,1.0,0.92694491147995,
9.53646469116211,1790078042.5133407,,2814,,0.8408909440040588,11808.561049976,10000.0,-72.04534912109375,,1.9387927055358887,3.367072681839764,,1.0,0.9274201393127441,
9.765697479248047,1790078046.5597503,,2815,,0.8411129713058472,11812.622498263,10000.0,-72.74771118164062,,1.983282446861267,2.400135845682978,,1.0,0.9274178147315979,
9.467338562011719,1790078050.621156,,2816,,0.8410573601722717,11816.680338796,10000.0,-72.48640441894531,,1.9607740640640259,2.3447899874193303,,1.0,0.9275066256523132,
9.357999801635742,1790078054.6790097,,2817,,0.8371372222900391,11820.748845665,10000.0,-72.6638412475586,,1.9424203634262085,2.4757219336575162,,1.0,0.9274019002914429,
9.416581153869629,1790078058.7475095,,2818,,0.8437752723693848,11824.966462482,10000.0,-72.30972290039062,,1.9056663513183594,2.9353146224349347,,1.0,0.9296506643295288,
9.097365379333496,1790078062.9651365,,2819,,0.8420443534851074,11829.031572467,10000.0,-73.09076690673828,,1.9449615478515625,2.3424067530135964,,1.0,0.9271379709243774,
9.156938552856445,1790078067.0302315,,2820,,0.8425107002258301,11833.074471091,10000.0,-72.42110443115234,,1.8933541774749756,2.4795778797308787,,1.0,0.9287153482437134,
9.356315612792969,1790078071.073071,,2821,,0.8392451405525208,11837.135308637,10000.0,-72.59194946289062,,1.9242711067199707,2.7454565579895824,,1.0,0.9266931414604187,
9.320474624633789,1790078075.1339228,,2822,,0.8384227752685547,11841.172716324,10000.0,-72.32950592041016,,1.9211024045944214,2.975446189581204,,1.0,0.9282207489013672,
9.31115436553955,1790078079.1713493,,2823,,0.8401787281036377,11845.233568538,10000.0,-72.31893920898438,,1.9196323156356812,2.1966314848121167,,1.0,0.9270265102386475,
9.255563735961914,1790078083.2322168,,2824,,0.8416322469711304,11849.26829787,10000.0,-72.20777130126953,,1.9392650127410889,2.2365846104793,,1.0,0.9276496767997742,
9.041803359985352,1790078087.2669914,,2825,,0.8393903970718384,11853.495117661,10000.0,-72.08492279052734,,1.9592610597610474,2.1344892316945923,,1.0,0.9273613691329956,
9.008096694946289,1790078091.4938097,,2826,,0.8402870297431946,11857.551632898,10000.0,-72.03239440917969,,1.9272511005401611,2.0764392334252366,,1.0,0.9263110160827637,
9.025894165039062,1790078095.5503168,,2827,,0.8400644659996033,11861.600886911,10000.0,-72.36849975585938,,1.9321398735046387,2.340232002557945,,1.0,0.9270645976066589,
9.126786231994629,1790078099.5995939,,2828,,0.8402019739151001,11865.644392659,10000.0,-73.09991455078125,,1.8877875804901123,2.543098340121092,,1.0,0.9281272888183594,
9.232807159423828,1790078103.6431134,,2829,,0.8382716178894043,11869.706322737,10000.0,-72.77967834472656,,1.9126750230789185,2.812333078262084,,1.0,0.9272502660751343,
9.156311988830566,1790078107.7050037,,2830,,0.8389047980308533,11873.753364424,10000.0,-72.1558609008789,,1.8975472450256348,2.5943937513728494,,1.0,0.9273684620857239,
9.023313522338867,1790078111.7520084,,2831,,0.8417413830757141,11877.799649508,10000.0,-72.01927185058594,,1.9233250617980957,2.409709302884847,,1.0,0.9269693493843079,
8.778768539428711,1790078115.7982996,,2832,,0.8383326530456543,11881.855215099,10000.0,-71.45977783203125,,1.9096534252166748,3.0958379739330546,,1.0,0.9270153641700745,
8.883284568786621,1790078119.8538811,,2833,,0.8412250280380249,11886.060272239,10000.0,-72.3323745727539,,1.9195857048034668,3.1796228046060846,,1.0,0.9275264739990234,
8.814651489257812,1790078124.0589604,,2834,,0.8420507311820984,11890.108138591,10000.0,-71.82767486572266,,1.8811873197555542,2.9161527823445197,,1.0,0.9283412098884583,
8.810344696044922,1790078128.1067948,,2835,,0.8401495218276978,11894.146087439,10000.0,-71.56033325195312,,1.9015578031539917,3.035229052763646,,1.0,0.9278717637062073,
8.848480224609375,1790078132.1447306,,2836,,0.8395854234695435,11898.198062714,10000.0,-72.06475067138672,,1.9292786121368408,3.407853957055073,,1.0,0.9272079467773438,
8.786274909973145,1790078136.196783,,2837,,0.8410205245018005,11902.245665679,10000.0,-72.77356719970703,,1.8845309019088745,2.676912176093403,,1.0,0.9271953701972961,
8.641803741455078,1790078140.244308,,2838,,0.8426246643066406,11906.305507625,10000.0,-72.4175033569336,,1.8731684684753418,2.408385624284815,,1.0,0.9286893606185913,
8.85591983795166,1790078224.0735526,,2839,0.609617177261302,0.8384341597557068,11987.663533877,10000.0,-73.21949005126953,0.004074047343851408,1.9081335067749023,2.460398221086106,0.4634641706943512,1.0,0.9266027212142944,
,1790078225.6622036,0.5530091524124146,2840,,,11989.191003523,,,,,,,,,10000.0
,1790078227.1897516,0.5500635504722595,2841,,,11990.719420032,,,,,,,,,10000.0
,1790078228.718129,0.5477920770645142,2842,,,11992.24592031,,,,,,,,,10000.0
,1790078230.244593,0.5420941710472107,2843,,,11993.769932909,,,,,,,,,10000.0
,1790078231.7686024,0.546074390411377,2844,,,11995.431387391,,,,,,,,,10000.0
,1790078233.4301476,0.5402279496192932,2845,,,11996.958881375,,,,,,,,,10000.0
,1790078234.9576294,0.538814902305603,2846,,,11998.47731182,,,,,,,,,10000.0
,1790078236.4760978,0.5423434972763062,2847,,,11999.992896875,,,,,,,,,10000.0
,1790078237.9916558,0.5423183441162109,2848,,,12001.516904812,,,,,,,,,10000.0
,1790078239.5156255,0.5390568375587463,2849,,,12003.028033124,,,,,,,,,10000.0
,1790078241.0267997,0.5362932682037354,2850,,,12004.550943237,,,,,,,,,10000.0
,1790078242.5497642,0.5339824557304382,2851,,,12006.063771025,,,,,,,,,10000.0
,1790078244.0624979,0.5355224013328552,2852,,,12007.586392145,,,,,,,,,10000.0
,1790078245.5850995,0.5337061285972595,2853,,,12009.104998303,,,,,,,,,10000.0
,1790078247.1036925,0.5317246913909912,2854,,,12010.635969284,,,,,,,,,10000.0
,1790078248.6346593,0.5353458523750305,2855,,,12012.318644996,,,,,,,,,10000.0
,1790078250.317368,0.5336909294128418,2856,,,12013.844590164,,,,,,,,,10000.0
,1790078251.8433397,0.5326848030090332,2857,,,12015.366706591,,,,,,,,,10000.0
,1790078253.3654509,0.5325101613998413,2858,,,12016.885706901,,,,,,,,,10000.0
,1790078254.8844838,0.5308346748352051,2859,,,12020.907910805,,,,,,,,,10000.0
9.029374122619629,1790078258.9066255,,2860,,0.8386099934577942,12024.948791016,10000.0,-73.25318145751953,,1.8810659646987915,2.751164243306906,,1.0,0.9283522963523865,
8.73437213897705,1790078262.947436,,2861,,0.8400985598564148,12029.140636231,10000.0,-73.42394256591797,,1.9461898803710938,2.917113062435465,,1.0,0.9273025393486023,
8.745340347290039,1790078267.1392736,,2862,,0.8419938683509827,12033.168984596,10000.0,-73.22582244873047,,1.9042915105819702,2.3227086978527827,,1.0,0.9292706251144409,
8.659191131591797,1790078271.1676,,2863,,0.8428850769996643,12037.221148825,10000.0,-73.94692993164062,,1.95208740234375,2.355115688287811,,1.0,0.9268171787261963,
8.630912780761719,1790078275.219815,,2864,,0.8408995270729065,12041.258219917,10000.0,-73.99032592773438,,1.9300639629364014,2.4216199166613848,,1.0,0.9274052381515503,
8.845881462097168,1790078279.256899,,2865,,0.8412750959396362,12045.309599257,10000.0,-73.29003143310547,,1.9364960193634033,3.2321386186061227,,1.0,0.9289848804473877,
8.884925842285156,1790078283.308278,,2866,,0.8407871127128601,12049.350124728,10000.0,-72.80648803710938,,1.9109207391738892,2.4402066366934214,,1.0,0.9277559518814087,
8.429977416992188,1790078287.3487794,,2867,,0.8421450853347778,12053.40170098,10000.0,-73.02874755859375,,1.9645968675613403,2.33273390761682,,1.0,0.9282678365707397,
8.833191871643066,1790078291.4003618,,2868,,0.8421347737312317,12057.610146869,10000.0,-73.1764907836914,,1.9186313152313232,2.575718049658043,,1.0,0.9279788732528687,
9.02849006652832,1790078295.6088293,,2869,,0.8380343914031982,12061.642136703,10000.0,-73.8011245727539,,1.9090725183486938,3.6721435550346264,,1.0,0.9285035133361816,
8.812321662902832,1790078299.6408136,,2870,,0.837806761264801,12065.69097666,10000.0,-73.081298828125,,1.924301266670227,3.165766491225635,,1.0,0.9261416792869568,
8.709269523620605,1790078303.6896694,,2871,,0.8426449298858643,12069.734531965,10000.0,-73.54012298583984,,1.912388563156128,2.9920428512137103,,1.0,0.927854597568512,
8.755692481994629,1790078307.7332103,,2872,,0.8399330377578735,12073.759842629,10000.0,-73.1779556274414,,1.9098743200302124,3.429532718209995,,1.0,0.9279820322990417,
8.750426292419434,1790078311.758502,,2873,,0.8400698304176331,12077.794737675,10000.0,-72.67196655273438,,1.8822224140167236,2.5459598689224787,,1.0,0.9286830425262451,
8.57921028137207,1790078315.7934387,,2874,,0.8408938646316528,12081.840659909,10000.0,-73.66413879394531,,1.872343897819519,2.5718031093092186,,1.0,0.9287359714508057,
8.808955192565918,1790078319.8392653,,2875,,0.8394436836242676,12085.886470604,10000.0,-73.3364486694336,,1.8957797288894653,2.2848901112898843,,1.0,0.9276006817817688,
8.659767150878906,1790078323.8851244,,2876,,0.8365665674209595,12090.123847375,10000.0,-73.81298828125,,1.8949655294418335,2.996285695580642,,1.0,0.927534282207489,
8.632482528686523,1790078328.1224992,,2877,,0.8388417959213257,12094.169909843,10000.0,-73.76460266113281,,1.894784688949585,1.9383008584347485,,1.0,0.9250763654708862,
8.953031539916992,1790078332.1685328,,2878,,0.8389942646026611,12098.211800913,10000.0,-72.88463592529297,,1.8830708265304565,2.321446104886162,,1.0,0.9286537766456604,
9.028818130493164,1790078336.2104354,,2879,,0.8398004174232483,12102.251036278,10000.0,-72.83573913574219,,1.8742908239364624,3.892501887467369,,1.0,0.9283201098442078,
9.049215316772461,1790078340.2497017,,2880,,0.8401867151260376,12106.278798246,10000.0,-72.10154724121094,,1.880635380744934,2.760731871971835,,1.0,0.9275162220001221,
9.026581764221191,1790078344.2774713,,2881,,0.8375742435455322,12110.296931182,10000.0,-73.00970458984375,,1.8535277843475342,2.861235135230993,,1.0,0.9284480810165405,
8.956025123596191,1790078348.295616,,2882,,0.8404589891433716,12114.34838095,10000.0,-74.16094970703125,,1.8370229005813599,2.665137882977263,,1.0,0.9286044239997864,
8.737815856933594,1790078352.3470302,,2883,,0.8385528326034546,12118.537720771,10000.0,-73.3298568725586,,1.864037275314331,2.5545073936287395,,1.0,0.9270182251930237,
8.76538372039795,1790078356.5363579,,2884,,0.8386865854263306,12122.585345604,10000.0,-74.0975570678711,,1.82395339012146,2.897527160203085,,1.0,0.9277573227882385,
8.401260375976562,1790078360.5839467,,2885,,0.8394879102706909,12126.616763123,10000.0,-73.64401245117188,,1.8357975482940674,2.421839129951985,,1.0,0.9267650842666626,
8.376952171325684,1790078364.6154273,,2886,,0.8369173407554626,12130.655149925,10000.0,-74.84852600097656,,1.8202623128890991,2.130229149968004,,1.0,0.9276149868965149,
8.719249725341797,1790078368.6537805,,2887,,0.8369563817977905,12134.705828629,10000.0,-74.4065933227539,,1.8338335752487183,2.6104571562716155,,1.0,0.9268680810928345,
9.023643493652344,1790078372.7044902,,2888,,0.8393543362617493,12138.758349489,10000.0,-74.5243148803711,,1.8334951400756836,2.1709117146504116,,1.0,0.9286458492279053,
8.82313060760498,1790078376.7570267,,2889,,0.8375919461250305,12142.818830967,10000.0,-74.67172241210938,,1.8537007570266724,2.78089066582155,,1.0,0.9277334809303284,
8.671212196350098,1790078380.8174684,,2890,,0.8386050462722778,12147.01840804,10000.0,-74.0599136352539,,1.8637875318527222,2.6326830414342317,,1.0,0.9278079271316528,
8.5790376663208,1790078385.0170476,,2891,,0.8371506333351135,12151.03654126,10000.0,-75.37215423583984,,1.849184274673462,2.8070423922157977,,1.0,0.927049458026886,
8.623686790466309,1790078389.0351465,,2892,,0.8390922546386719,12155.090999721,10000.0,-75.0322494506836,,1.8360885381698608,2.608028600113836,,1.0,0.9275392889976501,
8.932092666625977,1790078393.0896745,,2893,,0.8360767364501953,12159.117937108,10000.0,-74.95693969726562,,1.8465538024902344,2.6485034488816273,,1.0,0.9259855151176453,
8.782855987548828,1790078397.1165185,,2894,,0.8370776176452637,12163.167078571,10000.0,-75.02363586425781,,1.8551892042160034,2.9026030634188222,,1.0,0.9273415207862854,
8.644227981567383,1790078401.1657283,,2895,,0.8358651995658875,12167.205994846,10000.0,-74.74249267578125,,1.8565177917480469,2.21159712980735,,1.0,0.9276695251464844,
8.776477813720703,1790078405.204652,,2896,,0.8390676379203796,12171.24850101,10000.0,-75.20159912109375,,1.8202623128890991,2.7564193769382626,,1.0,0.9270837903022766,
8.86694049835205,1790078409.2472064,,2897,,0.8365750908851624,12175.302506057,10000.0,-75.45976257324219,,1.846687912940979,2.3363531997672227,,1.0,0.9269216656684875,
8.916596412658691,1790078413.3011754,,2898,,0.8385705351829529,12179.489836803,10000.0,-76.0970458984375,,1.8174641132354736,2.8741940066085556,,1.0,0.9284008741378784,
8.675077438354492,1790078417.4884903,,2899,,0.8398029804229736,12183.524932146,10000.0,-75.40771484375,,1.8196300268173218,2.346029374380533,,1.0,0.9282559752464294,
8.50118637084961,1790078421.5235674,,2900,,0.8367423415184021,12187.57573452,10000.0,-74.70077514648438,,1.8298029899597168,2.4923163188327675,,1.0,0.9280889630317688,
8.716354370117188,1790078425.5743237,,2901,,0.8353198170661926,12191.607100618,10000.0,-74.98462677001953,,1.8216438293457031,2.3339992174105166,,1.0,0.9272009134292603,
8.857429504394531,1790078429.6057363,,2902,,0.8385631442070007,12195.634365894,10000.0,-74.83795928955078,,1.8135546445846558,2.3047591759276744,,1.0,0.9267597794532776,
8.844676971435547,1790078433.633032,,2903,,0.8371596336364746,12199.677763025,10000.0,-74.6350326538086,,1.8316888809204102,2.4250450156905257,,1.0,0.9283105731010437,
9.137300491333008,1790078437.6764257,,2904,,0.8336374759674072,12203.731530143,10000.0,-74.16336059570312,,1.8338508605957031,2.643966517972679,,1.0,0.9253063797950745,
9.387202262878418,1790078441.7301722,,2905,,0.8386783599853516,12207.900067845,10000.0,-74.47489929199219,,1.8051377534866333,2.8014116402661027,,1.0,0.927345871925354,
9.417963027954102,1790078445.8987072,,2906,,0.8340693712234497,12211.943258108,10000.0,-74.378662109375,,1.8098095655441284,3.112477223504702,,1.0,0.927486777305603,
9.105450630187988,1790078449.9419305,,2907,,0.8344761729240417,12215.968147099,10000.0,-74.28678894042969,,1.8406240940093994,2.4576267573246486,,1.0,0.9261351227760315,
9.3334379196167,1790078453.9667928,,2908,,0.8346405625343323,12220.014841896,10000.0,-75.23008728027344,,1.8257346153259277,2.276989112750259,,1.0,0.9274701476097107,
9.095504760742188,1790078458.0134747,,2909,,0.8371442556381226,12224.06428499,10000.0,-74.28057098388672,,1.7776570320129395,2.51644031502447,,1.0,0.9288806915283203,
9.241742134094238,1790078462.062948,,2910,,0.8365933299064636,12228.095615892,10000.0,-74.65043640136719,,1.7659883499145508,3.4148987092356013,,1.0,0.9285973310470581,
9.047823905944824,1790078466.094272,,2911,,0.838710606098175,12232.143850423,10000.0,-74.57357788085938,,1.8090183734893799,2.0313198114833715,,1.0,0.9280048608779907,
9.21667766571045,1790078470.142516,,2912,,0.8358159065246582,12236.323579724,10000.0,-75.37725067138672,,1.7931125164031982,2.9495500556742407,,1.0,0.9273414611816406,
9.182080268859863,1790078474.3222249,,2913,,0.8347939848899841,12240.387765272,10000.0,-73.56180572509766,,1.797584056854248,2.6348064672489317,,1.0,0.9274208545684814,
9.404529571533203,1790078478.3864276,,2914,,0.8347494006156921,12244.429578569,10000.0,-74.04766845703125,,1.808156132698059,2.118802372599047,,1.0,0.9275692701339722,
9.045602798461914,1790078482.4282537,,2915,,0.8376576900482178,12248.457876832,10000.0,-74.60707092285156,,1.7699143886566162,2.600476998349988,,1.0,0.9284690022468567,
9.345266342163086,1790078486.4565303,,2916,,0.8335992693901062,12252.568108095,10000.0,-75.49996948242188,,1.8021949529647827,2.7085689252760496,,1.0,0.9269156455993652,
9.275790214538574,1790078490.5667415,,2917,,0.8362361192703247,12256.599544933,10000.0,-75.98412322998047,,1.7694029808044434,2.101550725389239,,1.0,0.9270282983779907,
9.913540840148926,1790078494.5981896,,2918,,0.8325769305229187,12260.652426358,10000.0,-75.70075988769531,,1.7918565273284912,2.2237303484330084,,1.0,0.9273706078529358,
9.828006744384766,1790078498.6511102,,2919,,0.8367687463760376,12264.687459374,10000.0,-75.28407287597656,,1.7984962463378906,4.2687153604440455,,1.0,0.9276530742645264,
9.58076000213623,1790078502.6861184,,2920,,0.8380794525146484,12268.870066492,10000.0,-76.36933135986328,,1.857862114906311,3.627716698625827,,1.0,0.9282053112983704,
9.356913566589355,1790078506.8687215,,2921,,0.8373017311096191,12272.911167162,10000.0,-75.91822052001953,,1.8223179578781128,1.9221821720348637,,1.0,0.9263859391212463,
9.270357131958008,1790078510.9098377,,2922,,0.8389260768890381,12276.941591427,10000.0,-76.3034896850586,,1.796739101409912,2.4547982844498404,,1.0,0.9285414814949036,
9.395310401916504,1790078514.9402654,,2923,,0.8379650115966797,12280.987585815,10000.0,-75.11895751953125,,1.7831854820251465,2.908206076890672,,1.0,0.928038477897644,
9.36264419555664,1790078518.9862313,,2924,,0.8402857780456543,12285.023655082,10000.0,-75.77557373046875,,1.7678805589675903,2.671673056805439,,1.0,0.9291232824325562,
9.435277938842773,1790078523.02232,,2925,,0.8363032341003418,12289.0616767,10000.0,-75.60934448242188,,1.7907277345657349,2.2062493793139235,,1.0,0.9270790815353394,
9.517642974853516,1790078527.060347,,2926,,0.8375190496444702,12293.089929891,10000.0,-75.98897552490234,,1.7828054428100586,3.099340115828435,,1.0,0.9276103377342224,
9.594657897949219,1790078531.0885613,,2927,,0.8367996215820312,12297.289619767,10000.0,-76.46450805664062,,1.7998535633087158,2.5763488083467028,,1.0,0.9273010492324829,
9.742618560791016,1790078535.288284,,2928,,0.8353589773178101,12301.345915142,10000.0,-77.38847351074219,,1.816557765007019,2.6065914971010113,,1.0,0.9269211292266846,
9.831727027893066,1790078539.3445854,,2929,,0.8350287079811096,12305.371116202,10000.0,-76.09298706054688,,1.795723557472229,2.9006143795720947,,1.0,0.9278783202171326,
9.826647758483887,1790078543.3698092,,2930,,0.8367236852645874,12309.422661789,10000.0,-74.7260971069336,,1.7960549592971802,2.313691312200763,,1.0,0.927295982837677,
10.086580276489258,1790078547.4213398,,2931,,0.835795521736145,12313.478364219,10000.0,-76.13878631591797,,1.828047275543213,3.09336898966578,,1.0,0.9280773997306824,
10.008687973022461,1790078551.4770384,,2932,,0.8336795568466187,12317.508241632,10000.0,-77.49664306640625,,1.7813612222671509,2.030621167516843,,1.0,0.9275333881378174,
10.099242210388184,1790078555.5069106,,2933,,0.8359144330024719,12321.549003149,10000.0,-77.71171569824219,,1.7749978303909302,2.7306559242306068,,1.0,0.927582323551178,
9.867992401123047,1790078559.5476892,,2934,,0.8343800902366638,12325.744826846,10000.0,-77.99345397949219,,1.8076411485671997,2.743811426829844,,1.0,0.92596036195755,
10.25366497039795,1790078563.743362,,2935,,0.8390205502510071,12329.781692353,10000.0,-78.02243041992188,,1.8197312355041504,2.4635553467632705,,1.0,0.9289768934249878,
9.770755767822266,1790078567.7803342,,2936,,0.8357371687889099,12333.833290863,10000.0,-76.7117919921875,,1.8362421989440918,2.9062550227298574,,1.0,0.9265523552894592,
9.819214820861816,1790078571.8319657,,2937,,0.8369131684303284,12337.887077227,10000.0,-77.08989715576172,,1.8094568252563477,2.790488910439497,,1.0,0.9290481805801392,
9.614836692810059,1790078575.8857255,,2938,,0.8355061411857605,12341.942089315,10000.0,-77.64047241210938,,1.778027057647705,2.419172031134881,,1.0,0.9283105731010437,
9.556002616882324,1790078579.9407449,,2939,,0.8327553272247314,12345.977503132,10000.0,-77.11864471435547,,1.8029601573944092,2.094376792189583,,1.0,0.9263627529144287,
9.790860176086426,1790078583.9761639,,2940,,0.8363018035888672,12350.014806517,10000.0,-77.07247161865234,,1.781661033630371,2.5600411679287496,,1.0,0.9285140037536621,
9.697848320007324,1790078588.013472,,2941,,0.8368099331855774,12354.076638598,10000.0,-78.24038696289062,,1.7938953638076782,2.285149939833363,,1.0,0.9279984831809998,
9.401732444763184,1790078592.075286,,2942,,0.8341078758239746,12358.249649022,10000.0,-77.65247344970703,,1.8831799030303955,2.4018165978856567,,1.0,0.9259390234947205,
9.41524600982666,1790078596.248298,,2943,,0.8396151661872864,12362.272641214,10000.0,-77.68707275390625,,1.802097201347351,2.655557975245752,,1.0,0.9296210408210754,
9.26898193359375,1790078600.271262,,2944,,0.8362917304039001,12366.320048008,10000.0,-78.22053527832031,,1.8047194480895996,2.606929540657623,,1.0,0.9283087253570557,
9.361534118652344,1790078604.3187454,,2945,,0.8367629051208496,12370.362016814,10000.0,-78.46643829345703,,1.8069427013397217,3.426489414027089,,1.0,0.9270488619804382,
8.90198040008545,1790078608.3607228,,2946,,0.8572309017181396,12374.395693456,10000.0,-77.58673095703125,,2.2310471534729004,2.419904608998785,,1.0,0.9271684288978577,
8.508018493652344,1790078612.394373,,2947,,0.8369415402412415,12378.436474985,10000.0,-77.72821044921875,,1.9748715162277222,2.9614046959586955,,1.0,0.9257622361183167,
8.83568000793457,1790078616.4351537,,2948,,0.8376209735870361,12382.469751573,10000.0,-76.34431457519531,,1.9134259223937988,2.416271365858992,,1.0,0.9279166460037231,
8.643383026123047,1790078620.468421,,2949,,0.837660551071167,12386.654986358,10000.0,-76.91309356689453,,1.903984546661377,2.3405682575985707,,1.0,0.927649974822998,
8.777519226074219,1790078624.653703,,2950,,0.8356624841690063,12390.680511962,10000.0,-77.8405532836914,,1.8563790321350098,2.666635202569768,,1.0,0.9276373982429504,
8.80214786529541,1790078628.6791902,,2951,,0.8357795476913452,12394.717253907,10000.0,-77.86172485351562,,1.8645029067993164,3.01952152535216,,1.0,0.9280059933662415,
8.706530570983887,1790078632.7159266,,2952,,0.8399521112442017,12398.759430071,10000.0,-76.81739044189453,,1.8585026264190674,2.4352898510566243,,1.0,0.9289583563804626,
8.504517555236816,1790078636.75806,,2953,,0.837585985660553,12402.797748926,10000.0,-76.95088958740234,,1.8508338928222656,2.5288958957518872,,1.0,0.9293336272239685,
8.33272933959961,1790078640.796439,,2954,,0.8371705412864685,12406.836469446,10000.0,-76.1907730102539,,1.9160898923873901,2.4490413176644372,,1.0,0.9272788763046265,
8.351452827453613,1790078644.8351343,,2955,,0.8389022350311279,12410.859150152,10000.0,-76.04181671142578,,1.9229893684387207,2.3964031970858786,,1.0,0.9287575483322144,
8.455375671386719,1790078648.8578222,,2956,,0.8370866179466248,12415.060450356,10000.0,-76.19924926757812,,1.8730944395065308,2.6269080542263663,,1.0,0.9264832139015198,
8.71890640258789,1790078653.0590465,,2957,,0.8313347697257996,12419.134321406,10000.0,-75.99339294433594,,1.871824026107788,2.9274751888849018,,1.0,0.927656888961792,
8.70167350769043,1790078657.1329472,,2958,,0.8391925096511841,12423.233824783,10000.0,-75.99295043945312,,1.8063377141952515,2.8416928209465797,,1.0,0.9283161163330078,
8.798826217651367,1790078661.232406,,2959,,0.8368070721626282,12427.319243422,10000.0,-77.08489990234375,,1.8836243152618408,2.7228389016438137,,1.0,0.9256575703620911,
9.007201194763184,1790078665.3179383,,2960,,0.8368796706199646,12431.394745726,10000.0,-76.3781509399414,,1.817476749420166,2.3396000920962,,1.0,0.9279834628105164,
8.815067291259766,1790078669.3934019,,2961,,0.8383187651634216,12435.478653334,10000.0,-77.11674499511719,,1.8158589601516724,2.6867102969888506,,1.0,0.928016185760498,
8.653814315795898,1790078673.4773173,,2962,,0.8329635858535767,12439.525369076,10000.0,-77.3840560913086,,1.8475879430770874,2.0080676294639317,,1.0,0.927446722984314,
8.8916597366333,1790078677.524048,,2963,,0.8360791206359863,12443.594137281,10000.0,-76.87828826904297,,1.8243430852890015,2.4511777446107934,,1.0,0.9283490777015686,
9.091901779174805,1790078681.5928087,,2964,,0.8368992805480957,12447.81224821,10000.0,-77.32482147216797,,1.8186246156692505,2.8949655803050707,,1.0,0.9277837872505188,
8.881110191345215,1790078685.8109217,,2965,,0.8346912264823914,12451.868142011,10000.0,-78.14379119873047,,1.8315402269363403,2.7492162283751655,,1.0,0.9268215298652649,
9.058708190917969,1790078689.8668234,,2966,,0.8368680477142334,12455.94220805,10000.0,-78.11587524414062,,1.784307837486267,3.89824585802081,,1.0,0.9267916679382324,
9.238039016723633,1790078693.9408789,,2967,,0.8360192775726318,12460.01318046,10000.0,-77.7929916381836,,1.7863606214523315,3.016009170222397,,1.0,0.9284379482269287,
9.054740905761719,1790078698.011818,,2968,,0.8375890254974365,12464.097507444,10000.0,-77.55046081542969,,1.8060166835784912,2.569288996566729,,1.0,0.9278578758239746,
9.007040977478027,1790078702.0961614,,2969,,0.8391343951225281,12468.152936839,10000.0,-76.8934097290039,,1.7794430255889893,2.2888080993966167,,1.0,0.9282708168029785,
9.019172668457031,1790078706.151602,,2970,,0.8328113555908203,12472.243055147,10000.0,-77.55863952636719,,1.8198682069778442,2.6846875292008296,,1.0,0.925625741481781,
9.08339786529541,1790078710.2416887,,2971,,0.834522545337677,12476.480677762,10000.0,-76.62631225585938,,1.8425414562225342,2.3080525913988224,,1.0,0.9264156818389893,
9.106077194213867,1790078714.4792538,,2972,,0.8373523950576782,12480.521739646,10000.0,-76.19966888427734,,1.8028900623321533,2.890662629949904,,1.0,0.9271697998046875,
8.892149925231934,1790078718.520373,,2973,,0.8355980515480042,12484.604779031,10000.0,-76.3004379272461,,1.8225153684616089,2.3010399565486854,,1.0,0.9270965456962585,
9.041950225830078,1790078722.6034489,,2974,,0.833874523639679,12488.691989514,10000.0,-76.51839447021484,,1.8207603693008423,2.475091854036605,,1.0,0.9264482855796814,
9.079057693481445,1790078726.6906228,,2975,,0.8333348631858826,12492.757662555,10000.0,-77.1745376586914,,1.7843296527862549,3.1440402278602395,,1.0,0.9280356764793396,
8.607292175292969,1790078730.756276,,2976,,0.8350664377212524,12496.875393277,10000.0,-76.68230438232422,,1.8204973936080933,2.7909264173103425,,1.0,0.9273867607116699,
8.919772148132324,1790078734.873927,,2977,,0.8346288800239563,12500.959136857,10000.0,-76.68156433105469,,1.7946292161941528,2.8521458790735803,,1.0,0.9282271862030029,
8.645262718200684,1790078738.9578424,,2978,,0.8354232311248779,12505.185582282,10000.0,-76.4751968383789,,1.8417428731918335,2.2584980401046346,,1.0,0.9274905920028687,
8.686727523803711,1790078743.1842065,,2979,,0.8357750177383423,12509.248844348,10000.0,-76.17483520507812,,1.8100738525390625,2.358682606041157,,1.0,0.9270766377449036,
9.124244689941406,1790078747.2474687,,2980,,0.8393923044204712,12513.313530776,10000.0,-75.05767822265625,,1.762580394744873,3.0405102984912324,,1.0,0.9292995929718018,
8.70793342590332,1790078751.312172,,2981,,0.8370541930198669,12517.378589697,10000.0,-75.10179901123047,,1.7814607620239258,2.9869578464992426,,1.0,0.9286229610443115,
9.510385513305664,1790078755.3772368,,2982,,0.8364712595939636,12521.471425065,10000.0,-74.93582153320312,,1.7738096714019775,3.1050324842156876,,1.0,0.928092360496521,
9.63869571685791,1790078759.4694922,,2983,,0.8355933427810669,12525.566888326,10000.0,-76.06393432617188,,1.7798852920532227,2.7124447688505806,,1.0,0.9277472496032715,
9.571552276611328,1790078763.5655222,,2984,,0.8335437178611755,12529.607971267,10000.0,-76.32192993164062,,1.7840884923934937,2.355393598994597,,1.0,0.9276793599128723,
9.547462463378906,1790078767.6066482,,2985,,0.8362247943878174,12533.673110909,10000.0,-75.14407348632812,,1.7652369737625122,2.441139365759138,,1.0,0.9277883768081665,
9.221312522888184,1790078771.6717467,,2986,,0.8359668850898743,12537.90338284,10000.0,-75.75485229492188,,1.779781460762024,2.584009064668718,,1.0,0.9272754192352295,
9.18697452545166,1790078775.901967,,2987,,0.8371389508247375,12541.949933576,10000.0,-76.58911895751953,,1.771267056465149,2.57611444832635,,1.0,0.9287043809890747,
9.077245712280273,1790078779.948576,,2988,,0.8342688679695129,12546.003507326,10000.0,-77.29220581054688,,1.7851437330245972,2.1665283661103043,,1.0,0.9276474118232727,
8.946403503417969,1790078784.002201,,2989,,0.8341609835624695,12550.084445238,10000.0,-76.04067993164062,,1.7602392435073853,3.7459410127408597,,1.0,0.9288747906684875,
8.895212173461914,1790078788.0830965,,2990,,0.8369070291519165,12554.168360159,10000.0,-77.1808853149414,,1.765055537223816,3.3798594347435085,,1.0,0.9280490279197693,
9.192048072814941,1790078792.1670258,,2991,,0.8335119485855103,12558.235631251,10000.0,-77.61627197265625,,1.7786188125610352,2.7936684290135116,,1.0,0.9289505481719971,
9.467034339904785,1790078796.2342136,,2992,,0.8359172940254211,12562.313368558,10000.0,-78.29396057128906,,1.7520201206207275,2.1641383062497437,,1.0,0.9284599423408508,
9.227910995483398,1790078800.3120606,,2993,,0.8362628221511841,12566.539183412,10000.0,-78.86914825439453,,1.7629939317703247,2.1277568821185953,,1.0,0.9276582598686218,
9.392169952392578,1790078804.537824,,2994,,0.8336879014968872,12570.581148006,10000.0,-79.4988021850586,,1.7599997520446777,2.658366317204995,,1.0,0.9270856976509094,
9.333220481872559,1790078808.5798087,,2995,,0.835076093673706,12574.621389663,10000.0,-79.09130096435547,,1.767458200454712,2.573650604405252,,1.0,0.9272487759590149,
9.139335632324219,1790078812.6199913,,2996,,0.8362950682640076,12578.648969946,10000.0,-79.9332046508789,,1.7556620836257935,2.307160812465774,,1.0,0.9273224472999573,
9.318445205688477,1790078816.647629,,2997,,0.836294949054718,12582.698156022,10000.0,-78.3725814819336,,1.7794365882873535,2.746590011150736,,1.0,0.9281024932861328,
9.188149452209473,1790078820.6968179,,2998,,0.834342896938324,12586.76608191,10000.0,-78.22905731201172,,1.7960853576660156,2.857495205567469,,1.0,0.9270787239074707,
9.166644096374512,1790078824.7647455,,2999,,0.8347752094268799,12590.835099891,10000.0,-78.28612518310547,,1.7571096420288086,2.7720051876717826,,1.0,0.9273478984832764,
9.042457580566406,1790078828.8337643,,3000,,0.8361243605613708,12595.036881376,10000.0,-78.98152923583984,,1.7614978551864624,3.3003339440564843,,1.0,0.9272935390472412,
9.169072151184082,1790078833.035531,,3001,,0.8328876495361328,12599.103029856,10000.0,-79.1783218383789,,1.762679100036621,2.667997638086962,,1.0,0.9275143146514893,
9.097030639648438,1790078837.1016986,,3002,,0.8386500477790833,12603.160169466,10000.0,-78.90596771240234,,1.7351651191711426,2.7127634102886606,,1.0,0.9295607209205627,
9.04458999633789,1790078841.1588292,,3003,,0.8356674909591675,12607.195061523,10000.0,-79.76280212402344,,1.729477882385254,3.1863558596458197,,1.0,0.9283629655838013,
9.066751480102539,1790078845.1937048,,3004,,0.8358620405197144,12611.256337331,10000.0,-79.42737579345703,,1.7449171543121338,2.568099148440586,,1.0,0.9284660816192627,
8.76196002960205,1790078849.2549593,,3005,,0.8344764709472656,12615.307724948,10000.0,-79.72280883789062,,1.7818931341171265,2.8658792928062615,,1.0,0.9264252185821533,
8.862373352050781,1790078853.3064237,,3006,,0.8329558372497559,12619.372492029,10000.0,-79.8706283569336,,1.7666802406311035,2.5545793503464957,,1.0,0.9263818264007568,
8.774362564086914,1790078857.3711703,,3007,,0.8331583142280579,12623.436069897,10000.0,-79.73080444335938,,1.762991189956665,3.4743846102368656,,1.0,0.927216112613678,
8.814517974853516,1790078861.4347262,,3008,,0.8312089443206787,12627.627588133,10000.0,-80.70646667480469,,1.7144265174865723,3.385394227004673,,1.0,0.9273961782455444,
9.224884033203125,1790078865.6262343,,3009,,0.8315693140029907,12631.690430633,10000.0,-80.65594482421875,,1.7261967658996582,2.727368773138233,,1.0,0.9289636015892029,
9.541645050048828,1790078869.6890812,,3010,,0.8323246836662292,12635.745408887,10000.0,-79.99723052978516,,1.740700125694275,2.2342502626801264,,1.0,0.9272714853286743,
9.197649955749512,1790078873.7440994,,3011,,0.8326807618141174,12639.782955995,10000.0,-80.0409927368164,,1.7372994422912598,2.728364952096881,,1.0,0.9271697402000427,
9.031893730163574,1790078877.781594,,3012,,0.832325279712677,12643.83842089,10000.0,-77.2849349975586,,1.7897732257843018,2.3373997523725887,,1.0,0.9273209571838379,
9.054708480834961,1790078881.8370807,,3013,,0.8350131511688232,12647.881348264,10000.0,-77.78439331054688,,1.7235041856765747,2.2926843657797873,,1.0,0.928109884262085,
9.314064979553223,1790078885.879953,,3014,,0.8325647115707397,12651.942026923,10000.0,-77.62350463867188,,1.748087763786316,2.3297025512445333,,1.0,0.9261714220046997,
9.30075454711914,1790078889.9406824,,3015,,0.8349186778068542,12656.119442354,10000.0,-78.38975524902344,,1.7164191007614136,2.833183487922067,,1.0,0.9285330772399902,
9.362308502197266,1790078894.1181076,,3016,,0.8345091342926025,12660.155208438,10000.0,-78.90603637695312,,1.7344024181365967,2.83477914338171,,1.0,0.9280896782875061,
9.415783882141113,1790078898.1538715,,3017,,0.8322873711585999,12664.205828034,10000.0,-80.09178161621094,,1.727291226387024,2.797245636723689,,1.0,0.9284069538116455,
9.25601577758789,1790078902.2044888,,3018,,0.8338276743888855,12668.256686535,10000.0,-79.42346954345703,,1.7533389329910278,3.2798101356039506,,1.0,0.9264360666275024,
9.068451881408691,1790078906.2553418,,3019,,0.8324084281921387,12672.304518835,10000.0,-78.8146743774414,,1.7499761581420898,2.0228950154428897,,1.0,0.9280051589012146,
8.542798042297363,1790078910.3031716,,3020,,0.8317837715148926,12676.366198413,10000.0,-78.41532135009766,,1.7970008850097656,2.189484509073047,,1.0,0.9270031452178955,
8.67031478881836,1790078914.3648663,,3021,,0.8316739797592163,12680.40611598,10000.0,-79.08032989501953,,1.7533372640609741,2.664342410449044,,1.0,0.9268523454666138,
8.859045028686523,1790078918.40482,,3022,,0.8336092233657837,12684.602762586,10000.0,-78.30490112304688,,1.7448859214782715,2.552272661019553,,1.0,0.9283616542816162,
8.612954139709473,1790078922.6014383,,3023,,0.834859311580658,12688.627584819,10000.0,-78.2502212524414,,1.740149736404419,2.7291566175567086,,1.0,0.9270461797714233,
8.666481018066406,1790078926.6262174,,3024,,0.8304702043533325,12692.68412089,10000.0,-78.94027709960938,,1.7457445859909058,2.7982450739983578,,1.0,0.9263505339622498,
8.476540565490723,1790078930.6827948,,3025,,0.8329132795333862,12696.722835691,10000.0,-77.93311309814453,,1.756718397140503,2.843596049612412,,1.0,0.9272342920303345,
8.48417854309082,1790078934.7214909,,3026,,0.8340590000152588,12700.782911743,10000.0,-77.89314270019531,,1.7377780675888062,2.0683256512271684,,1.0,0.9278052449226379,
8.434798240661621,1790078938.7815788,,3027,,0.8309640288352966,12704.860725044,10000.0,-77.36344909667969,,1.7801159620285034,2.52778125980006,,1.0,0.925581157207489,
8.128589630126953,1790078942.8594246,,3028,,0.8352859616279602,12708.905136792,10000.0,-78.11117553710938,,1.738913893699646,2.016834143269393,,1.0,0.9292004108428955,
8.103606224060059,1790078946.9037938,,3029,,0.8351535797119141,12712.953841328,10000.0,-76.97513580322266,,1.7780994176864624,2.5656791052909402,,1.0,0.9281721711158752,
7.58200216293335,1790078950.9525213,,3030,,0.8328287601470947,12717.182491866,10000.0,-77.6073226928711,,1.78098726272583,2.080693664720426,,1.0,0.9280433654785156,
7.7660698890686035,1790078955.1811938,,3031,,0.8345795273780823,12721.209996537,10000.0,-78.01180267333984,,1.777822732925415,2.5751399688908796,,1.0,0.9268497228622437,
7.864838123321533,1790078959.2086573,,3032,,0.837375283241272,12725.276358409,10000.0,-77.86639404296875,,1.7725701332092285,2.685292042002552,,1.0,0.9288785457611084,
7.590887069702148,1790078963.275005,,3033,,0.836561381816864,12729.320351604,10000.0,-77.24565124511719,,1.7785415649414062,2.845443521734411,,1.0,0.9267129302024841,
7.482315540313721,1790078967.3189957,,3034,,0.8332166075706482,12733.363107067,10000.0,-78.24673461914062,,1.7732717990875244,3.1609043800663432,,1.0,0.9279124736785889,
7.475306510925293,1790078971.36172,,3035,,0.8348661065101624,12737.423385001,10000.0,-77.54700469970703,,1.7674243450164795,2.977923346160207,,1.0,0.926910400390625,
7.537572860717773,1790078975.4220378,,3036,,0.8316266536712646,12741.460208426,10000.0,-78.1194839477539,,1.7925549745559692,2.5085305573423,,1.0,0.9251016974449158,
7.659153461456299,1790078979.4589016,,3037,,0.8368631601333618,12745.640887889,10000.0,-77.95576477050781,,1.8083410263061523,2.6189502102170126,,1.0,0.9285558462142944,
7.457011699676514,1790078983.6395204,,3038,,0.8314987421035767,12749.694790886,10000.0,-78.46553039550781,,1.7445580959320068,3.022057025218327,,1.0,0.9286765456199646,
7.70577335357666,1790078987.6934464,,3039,,0.831920325756073,12753.742200093,10000.0,-78.34527587890625,,1.7293304204940796,2.887437622770555,,1.0,0.9268521666526794,
7.751811981201172,1790078991.7408962,,3040,,0.8311847448348999,12757.782782009,10000.0,-79.29773712158203,,1.782494306564331,2.7852545646735045,,1.0,0.9286849498748779,
8.007933616638184,1790078995.7814329,,3041,,0.8317347764968872,12761.820251222,10000.0,-79.28003692626953,,1.7475793361663818,2.700058212825812,,1.0,0.9270690679550171,
8.052005767822266,1790078999.8189104,,3042,,0.8349445462226868,12765.861288276,10000.0,-78.20452880859375,,1.737202763557434,3.056390815104277,,1.0,0.9275842905044556,
7.935276031494141,1790079003.8599684,,3043,,0.8369957208633423,12769.915917544,10000.0,-78.73936462402344,,1.775352954864502,3.220531721975985,,1.0,0.9278003573417664,
7.911303520202637,1790079007.9146023,,3044,,0.833597719669342,12774.085123552,10000.0,-78.23287963867188,,1.7157076597213745,2.6126750575567987,,1.0,0.9283552765846252,
7.939846992492676,1790079012.0837805,,3045,,0.8335266709327698,12778.120343117,10000.0,-79.17428588867188,,1.7204715013504028,3.1827801626042094,,1.0,0.9280071258544922,
7.949545383453369,1790079016.1189547,,3046,,0.8304471373558044,12782.149132985,10000.0,-80.09554290771484,,1.7562060356140137,3.2352554397930477,,1.0,0.9274529814720154,
7.849571704864502,1790079020.1477745,,3047,,0.8350568413734436,12786.206542263,10000.0,-79.8607406616211,,1.7320650815963745,2.6269535541830056,,1.0,0.9277267456054688,
7.9911603927612305,1790079024.205242,,3048,,0.8328039050102234,12790.248608956,10000.0,-79.27252197265625,,1.7288644313812256,2.874311528628644,,1.0,0.9266250133514404,
7.872776985168457,1790079028.2472618,,3049,,0.8327581286430359,12794.324449106,10000.0,-78.93324279785156,,1.7740825414657593,2.5016881364066648,,1.0,0.9262346625328064,
7.661433696746826,1790079032.323075,,3050,,0.8311858177185059,12798.368784269,10000.0,-80.03068542480469,,1.7356305122375488,3.104322858221084,,1.0,0.9274095892906189,
7.798869609832764,1790079036.3674388,,3051,,0.8322455883026123,12802.444643187,10000.0,-80.04765319824219,,1.736775517463684,2.0376551420672495,,1.0,0.9281498789787292,
7.724956035614014,1790079040.4432938,,3052,,0.8323500156402588,12806.662087225,10000.0,-80.36779022216797,,1.7255691289901733,3.3820289234881704,,1.0,0.9273694753646851,
7.853374481201172,1790079044.6607406,,3053,,0.830918550491333,12810.704933429,10000.0,-79.88638305664062,,1.783371925354004,3.176355930490808,,1.0,0.9266517162322998,
8.13551139831543,1790079048.7035942,,3054,,0.8364160656929016,12814.723304781,10000.0,-79.7431411743164,,1.7499150037765503,2.5767536906216684,,1.0,0.9277632236480713,
7.861079216003418,1790079052.7219837,,3055,,0.8340920805931091,12818.75048116,10000.0,-79.30570220947266,,1.7351237535476685,3.0180269732886655,,1.0,0.9299581050872803,
7.946896553039551,1790079056.7491455,,3056,,0.8324708342552185,12822.786219168,10000.0,-80.60179138183594,,1.7756226062774658,2.4569833946882307,,1.0,0.9274437427520752,
8.164568901062012,1790079060.7848601,,3057,,0.8310550451278687,12826.807985892,10000.0,-80.15795135498047,,1.768354058265686,2.2300681829600393,,1.0,0.9270564913749695,
8.209285736083984,1790079064.80666,,3058,,0.8319939970970154,12830.980091939,10000.0,-79.9774398803711,,1.7369803190231323,2.723335579187931,,1.0,0.9274120926856995,
8.491002082824707,1790079148.6856189,,3059,0.3587378736398115,0.8348425030708313,12912.296057103,10000.0,-80.36287689208984,0.12391528979159515,1.7500126361846924,1.9272286896002437,0.760563313961029,1.0,0.9290327429771423,
,1790079150.2948112,0.5340380072593689,3060,,,12913.821412278,,,,,,,,,10000.0
,1790079151.8202085,0.5286173820495605,3061,,,12915.347937014,,,,,,,,,10000.0
,1790079153.3466885,0.5319918990135193,3062,,,12916.872016854,,,,,,,,,10000.0
,1790079154.8707576,0.5310388803482056,3063,,,12918.532178969,,,,,,,,,10000.0
,1790079156.5309885,0.5287917256355286,3064,,,12920.053117176,,,,,,,,,10000.0
,1790079158.0519028,0.5277629494667053,3065,,,12921.563437135,,,,,,,,,10000.0
,1790079159.5621731,0.5290924906730652,3066,,,12923.075674712,,,,,,,,,10000.0
,1790079161.0744684,0.5307890772819519,3067,,,12924.589606272,,,,,,,,,10000.0
,1790079162.5882852,0.5300694108009338,3068,,,12926.09440771,,,,,,,,,10000.0
,1790079164.0931602,0.528749406337738,3069,,,12927.612229427,,,,,,,,,10000.0
,1790079165.610992,0.5305923223495483,3070,,,12929.134611623,,,,,,,,,10000.0
,1790079167.133402,0.5279151797294617,3071,,,12930.646630322,,,,,,,,,10000.0
,1790079168.6454186,0.5295647382736206,3072,,,12932.159379866,,,,,,,,,10000.0
,1790079170.158149,0.5323541164398193,3073,,,12933.669167533,,,,,,,,,10000.0
,1790079171.6679292,0.5305591225624084,3074,,,12935.297277747,,,,,,,,,10000.0
,1790079173.2960632,0.531399130821228,3075,,,12936.819338942,,,,,,,,,10000.0
,1790079174.818093,0.5296359062194824,3076,,,12938.336482434,,,,,,,,,10000.0
,1790079176.3352804,0.5316700339317322,3077,,,12939.849391719,,,,,,,,,10000.0
,1790079177.8481965,0.5307152271270752,3078,,,12941.364259282,,,,,,,,,10000.0
,1790079179.363059,0.5309014320373535,3079,,,12945.392464818,,,,,,,,,10000.0
8.334479331970215,1790079183.3911338,,3080,,0.8295235633850098,12949.544749335,10000.0,-78.98098754882812,,1.752809762954712,2.4412383260533113,,1.0,0.9276765584945679,
8.116852760314941,1790079187.5434194,,3081,,0.8313577175140381,12953.548554112,10000.0,-79.84947204589844,,1.7851742506027222,2.3470507747265743,,1.0,0.9263880848884583,
8.249220848083496,1790079191.5472481,,3082,,0.834778904914856,12957.56152452,10000.0,-79.9975814819336,,1.7466092109680176,2.723664850320659,,1.0,0.9277263879776001,
8.0540132522583,1790079195.5602005,,3083,,0.8328819870948792,12961.563147269,10000.0,-79.77454376220703,,1.7518141269683838,2.273139226487218,,1.0,0.9278912544250488,
8.126153945922852,1790079199.561805,,3084,,0.8322781324386597,12965.609582788,10000.0,-79.48216247558594,,1.7244696617126465,2.170793751382665,,1.0,0.9286786913871765,
7.628180503845215,1790079203.6082914,,3085,,0.832871675491333,12969.620179509,10000.0,-80.57906341552734,,1.7385656833648682,3.118684793419657,,1.0,0.9293188452720642,
7.9869384765625,1790079207.6188514,,3086,,0.8325956463813782,12973.634670218,10000.0,-79.04756927490234,,1.7347640991210938,2.7142173258766022,,1.0,0.9266782999038696,
8.177509307861328,1790079211.633332,,3087,,0.8315353393554688,12977.668506641,10000.0,-80.39720916748047,,1.7301815748214722,2.8288723261953463,,1.0,0.927527904510498,
8.492305755615234,1790079215.6671925,,3088,,0.830252468585968,12981.851460537,10000.0,-80.41764831542969,,1.715238332748413,2.84664929020233,,1.0,0.9269772171974182,
8.201262474060059,1790079219.8500233,,3089,,0.8301506638526917,12985.87288129,10000.0,-79.87551879882812,,1.739652156829834,2.920150464343722,,1.0,0.9269164204597473,
7.983832359313965,1790079223.8715556,,3090,,0.8327871561050415,12989.890591268,10000.0,-80.67947387695312,,1.718969702720642,3.1598213713997483,,1.0,0.9281123876571655,
7.9317121505737305,1790079227.8892734,,3091,,0.8346366286277771,12993.945399293,10000.0,-80.6860122680664,,1.7121714353561401,3.53911252599602,,1.0,0.9288928508758545,
7.489681243896484,1790079231.94407,,3092,,0.8544137477874756,12997.971569934,10000.0,-80.2052001953125,,2.1195425987243652,2.879355864036744,,1.0,0.9270703792572021,
7.6767377853393555,1790079235.9702518,,3093,,0.8339089751243591,13002.035835613,10000.0,-80.20042419433594,,1.7470459938049316,3.5990951123587998,,1.0,0.9267828464508057,
7.620864391326904,1790079240.034527,,3094,,0.8324829936027527,13006.200832121,10000.0,-80.1707992553711,,1.7156548500061035,3.2985718798165733,,1.0,0.9290516376495361,
7.585710525512695,1790079244.1995409,,3095,,0.8296189308166504,13010.236361588,10000.0,-79.30998229980469,,1.7383989095687866,2.90954035370678,,1.0,0.9266871809959412,
7.4569292068481445,1790079248.2350385,,3096,,0.8345024585723877,13014.255531405,10000.0,-79.71466064453125,,1.7206367254257202,2.698045731156627,,1.0,0.926268994808197,
7.622283935546875,1790079252.2542093,,3097,,0.8321888446807861,13018.304018974,10000.0,-80.47693634033203,,1.7503058910369873,2.1135066757320837,,1.0,0.9283425807952881,
7.657982349395752,1790079256.3026974,,3098,,0.8327078819274902,13022.339865938,10000.0,-80.34701538085938,,1.7565362453460693,3.0784395519558143,,1.0,0.9279949069023132,
7.7420549392700195,1790079260.3385644,,3099,,0.8309584259986877,13026.379635829,10000.0,-80.03933715820312,,1.7737722396850586,3.1235529150139487,,1.0,0.9271852970123291,
7.810187339782715,1790079264.3782659,,3100,,0.833543598651886,13030.414088943,10000.0,-79.7792739868164,,1.7217220067977905,2.4009548222077712,,1.0,0.928067147731781,
7.637643814086914,1790079268.4127755,,3101,,0.8346887230873108,13034.433265092,10000.0,-80.4673080444336,,1.7208623886108398,2.3232912667374213,,1.0,0.9287480115890503,
6.993957996368408,1790079272.4319198,,3102,,0.8315854072570801,13038.614164394,10000.0,-80.74243927001953,,1.7152291536331177,2.638523902664875,,1.0,0.9275821447372437,
6.797876358032227,1790079276.6128182,,3103,,0.8327273726463318,13042.659144312,10000.0,-80.91763305664062,,1.720978856086731,2.6186843514421003,,1.0,0.9280078411102295,
7.174464225769043,1790079280.6578407,,3104,,0.8324720859527588,13046.677189299,10000.0,-80.77530670166016,,1.7521792650222778,2.9937435089529143,,1.0,0.9261859059333801,
7.082103252410889,1790079284.6758583,,3105,,0.8339067101478577,13050.725089123,10000.0,-80.51009368896484,,1.772709608078003,2.6103038942946375,,1.0,0.9274485111236572,
7.026582717895508,1790079288.7237577,,3106,,0.8273525834083557,13054.756218741,10000.0,-80.88174438476562,,1.7564911842346191,2.528213748322913,,1.0,0.9271782636642456,
6.921365737915039,1790079292.754885,,3107,,0.8298072218894958,13058.77180751,10000.0,-80.56930541992188,,1.7465705871582031,2.2635274623310955,,1.0,0.927457332611084,
6.9498491287231445,1790079296.7704644,,3108,,0.8274064660072327,13062.804751259,10000.0,-80.6572036743164,,1.7630603313446045,3.5048762376052003,,1.0,0.9264428615570068,
7.1112847328186035,1790079300.8034172,,3109,,0.8314127922058105,13066.995583568,10000.0,-80.98519134521484,,1.748976230621338,2.122147435435925,,1.0,0.9270995855331421,
7.7693634033203125,1790079304.9942348,,3110,,0.8328336477279663,13071.060417302,10000.0,-80.0688705444336,,1.7557730674743652,2.189734599360668,,1.0,0.9281648993492126,
7.497521877288818,1790079309.059097,,3111,,0.8311778903007507,13075.091895413,10000.0,-79.80038452148438,,1.7334834337234497,3.213156578127917,,1.0,0.9278153777122498,
7.745558261871338,1790079313.0905879,,3112,,0.8323705792427063,13079.134366476,10000.0,-80.44554901123047,,1.7370331287384033,3.036148252904891,,1.0,0.9271815419197083,
7.6888275146484375,1790079317.1330595,,3113,,0.8303878903388977,13083.160061238,10000.0,-79.10054016113281,,1.7780009508132935,2.7510434365529868,,1.0,0.9287711977958679,
7.7020649909973145,1790079321.158755,,3114,,0.8296389579772949,13087.214963382,10000.0,-81.14704895019531,,1.7421470880508423,2.588257468211071,,1.0,0.9273055791854858,
7.797905921936035,1790079325.2136467,,3115,,0.8306400179862976,13091.244942077,10000.0,-80.45893859863281,,1.7381622791290283,2.796469673942999,,1.0,0.9278433918952942,
7.555682182312012,1790079329.2435708,,3116,,0.8287767767906189,13095.413250847,10000.0,-80.39066314697266,,1.7664369344711304,2.0143135802806946,,1.0,0.9269608855247498,
7.6593146324157715,1790079333.4118948,,3117,,0.8303220868110657,13099.440089893,10000.0,-79.74931335449219,,1.737000584602356,2.336910828255018,,1.0,0.9266698360443115,
7.736773490905762,1790079337.4387627,,3118,,0.8290490508079529,13103.477051891,10000.0,-79.3532943725586,,1.7288305759429932,2.415811834277489,,1.0,0.9292363524436951,
7.712317943572998,1790079341.4757082,,3119,,0.8259523510932922,13107.51306284,10000.0,-79.24441528320312,,1.749068260192871,2.6087956619490944,,1.0,0.927794873714447,
7.597296237945557,1790079345.5117168,,3120,,0.8273816108703613,13111.549461968,10000.0,-79.5150146484375,,1.7266056537628174,2.264698754034205,,1.0,0.9267398715019226,
7.676548480987549,1790079349.5481303,,3121,,0.8298197388648987,13115.583739199,10000.0,-80.84681701660156,,1.756386399269104,2.5280215756578968,,1.0,0.9276343584060669,
8.00182819366455,1790079353.582386,,3122,,0.8297025561332703,13119.60997142,10000.0,-80.42495727539062,,1.7384130954742432,3.184847349473917,,1.0,0.9287905097007751,
7.59981632232666,1790079357.6086366,,3123,,0.8296554684638977,13123.777582418,10000.0,-80.3792953491211,,1.7639039754867554,2.3267664752393236,,1.0,0.9275532364845276,
8.21298599243164,1790079361.7763114,,3124,,0.8295537829399109,13127.804921813,10000.0,-78.82041931152344,,1.7213430404663086,2.0468984461966127,,1.0,0.9279837608337402,
8.15268325805664,1790079365.8035913,,3125,,0.8319708108901978,13131.850343449,10000.0,-80.71429443359375,,1.686784267425537,2.7031803809740405,,1.0,0.9292377233505249,
8.2080659866333,1790079369.8489943,,3126,,0.8270672559738159,13135.860507183,10000.0,-80.17961120605469,,1.729444146156311,3.359416782264608,,1.0,0.9279434680938721,
8.383601188659668,1790079373.8591647,,3127,,0.8294625282287598,13139.892649605,10000.0,-80.89619445800781,,1.7284904718399048,2.6474187557717315,,1.0,0.9277887940406799,
8.25886344909668,1790079377.8913698,,3128,,0.8291727304458618,13143.925419291,10000.0,-80.2796859741211,,1.737166404724121,2.6261933895026806,,1.0,0.9267988801002502,
8.288546562194824,1790079381.9241023,,3129,,0.8312516212463379,13147.994900242,10000.0,-80.30718994140625,,1.722042202949524,2.7329105363936104,,1.0,0.9268314242362976,
8.392724990844727,1790079385.9935255,,3130,,0.829399585723877,13152.190466831,10000.0,-80.01449584960938,,1.7087597846984863,2.6201983144758594,,1.0,0.9283921122550964,
8.283751487731934,1790079390.189099,,3131,,0.8299509286880493,13156.213368169,10000.0,-80.3642349243164,,1.6918144226074219,2.11952929905631,,1.0,0.9286019206047058,
8.619558334350586,1790079394.2118855,,3132,,0.8309764862060547,13160.250195248,10000.0,-79.3238754272461,,1.7209925651550293,1.8913964832485588,,1.0,0.9277558326721191,
8.55899715423584,1790079398.2488883,,3133,,0.8275980949401855,13164.287157236,10000.0,-80.34085845947266,,1.728790283203125,2.754205034255974,,1.0,0.9268112778663635,
8.402298927307129,1790079402.2857947,,3134,,0.8315944671630859,13168.330991651,10000.0,-78.8680191040039,,1.7202403545379639,2.8752871600193677,,1.0,0.9280441999435425,
8.468338966369629,1790079406.32967,,3135,,0.8320881128311157,13172.398043549,10000.0,-80.45193481445312,,1.7358696460723877,2.42798661545578,,1.0,0.9277885556221008,
8.063398361206055,1790079410.3966823,,3136,,0.827913224697113,13176.44668008,10000.0,-80.41755676269531,,1.719638705253601,2.9125003483539182,,1.0,0.926906406879425,
8.196316719055176,1790079414.4453473,,3137,,0.8344295024871826,13180.514089189,10000.0,-81.36131286621094,,1.7579765319824219,2.566239580761348,,1.0,0.9275751709938049,
8.133042335510254,1790079418.5127435,,3138,,0.830207884311676,13184.726640179,10000.0,-80.38695526123047,,1.7119956016540527,1.9964421551536617,,1.0,0.9283930063247681,
7.982233047485352,1790079422.7252812,,3139,,0.830851674079895,13188.774307388,10000.0,-81.76363372802734,,1.689435601234436,2.8217457958726317,,1.0,0.9283412098884583,
8.138108253479004,1790079426.7729995,,3140,,0.8280578851699829,13192.801675849,10000.0,-82.47144317626953,,1.701399326324463,2.4443491070375045,,1.0,0.9271426200866699,
8.098917007446289,1790079430.800308,,3141,,0.828015148639679,13196.838869349,10000.0,-82.03521728515625,,1.7003096342086792,2.4958699108297493,,1.0,0.9269774556159973,
8.445954322814941,1790079434.8375237,,3142,,0.8303219676017761,13200.885121368,10000.0,-81.21908569335938,,1.7422430515289307,3.565452531657253,,1.0,0.9270700812339783,
8.351195335388184,1790079438.8837962,,3143,,0.8300110101699829,13204.92054944,10000.0,-82.50833129882812,,1.7316908836364746,2.483257206565929,,1.0,0.9278074502944946,
8.395172119140625,1790079442.9190283,,3144,,0.8291079998016357,13208.952291286,10000.0,-81.34412384033203,,1.7290403842926025,2.4192627375935873,,1.0,0.9266343116760254,
8.355578422546387,1790079446.9509592,,3145,,0.8292232751846313,13213.109408128,10000.0,-81.41547393798828,,1.6948113441467285,2.214976594614182,,1.0,0.9271213412284851,
8.261481285095215,1790079451.1080394,,3146,,0.832088828086853,13217.11668183,10000.0,-80.48655700683594,,1.7129294872283936,2.3924468919555375,,1.0,0.9277039170265198,
8.641562461853027,1790079455.115282,,3147,,0.8326752185821533,13221.161482244,10000.0,-80.94083404541016,,1.7665514945983887,3.9364683479298153,,1.0,0.9272180795669556,
8.326330184936523,1790079459.1601605,,3148,,0.8313739895820618,13225.173537292,10000.0,-80.59185791015625,,1.7329238653182983,1.8280625465539695,,1.0,0.9257526993751526,
8.413562774658203,1790079463.1722014,,3149,,0.8321797847747803,13229.228045467,10000.0,-80.08051300048828,,1.7598458528518677,3.0272858457108067,,1.0,0.9270366430282593,
8.570426940917969,1790079467.2267158,,3150,,0.8330287337303162,13233.259209995,10000.0,-79.77627563476562,,1.7282824516296387,2.2844942005110784,,1.0,0.9281494617462158,
8.950498580932617,1790079471.2578585,,3151,,0.8302269577980042,13237.283628697,10000.0,-80.18124389648438,,1.7205119132995605,2.266398714949723,,1.0,0.9278366565704346,
8.931683540344238,1790079475.2823372,,3152,,0.8307283520698547,13241.43021864,10000.0,-78.8569564819336,,1.748165488243103,2.7316054196477677,,1.0,0.9274218678474426,
8.848956108093262,1790079479.4288766,,3153,,0.8316547870635986,13245.442628336,10000.0,-79.38241577148438,,1.736574649810791,3.172600238102454,,1.0,0.9262452125549316,
8.736403465270996,1790079483.441231,,3154,,0.8319804668426514,13249.450941711,10000.0,-78.49024200439453,,1.718253493309021,2.5230373840990046,,1.0,0.9284359812736511,
9.009162902832031,1790079487.449691,,3155,,0.8303689360618591,13253.465223888,10000.0,-79.97887420654297,,1.7163631916046143,2.505979883753256,,1.0,0.9276970624923706,
9.310333251953125,1790079491.4639442,,3156,,0.8309862017631531,13257.498242893,10000.0,-79.18368530273438,,1.711419939994812,3.1346449148108704,,1.0,0.9283636212348938,
9.341814994812012,1790079495.496987,,3157,,0.8321974277496338,13261.54043766,10000.0,-78.31515502929688,,1.692467451095581,2.1881564667218076,,1.0,0.9287612438201904,
9.35092544555664,1790079499.5391047,,3158,,0.8320490121841431,13265.559360255,10000.0,-76.11825561523438,,1.7618381977081299,2.995847245354321,,1.0,0.927605390548706,
9.539695739746094,1790079503.55801,,3159,,0.8298963904380798,13269.715552876,10000.0,-78.1589126586914,,1.7716716527938843,2.2833584080917846,,1.0,0.9264687895774841,
9.470664978027344,1790079507.7141535,,3160,,0.8312069773674011,13273.719827035,10000.0,-78.37812805175781,,1.7381081581115723,2.8001819181078558,,1.0,0.9276079535484314,
9.39859390258789,1790079511.7184336,,3161,,0.8323208093643188,13277.753113474,10000.0,-80.27497863769531,,1.7137278318405151,2.6655524732163633,,1.0,0.928626537322998,
9.530086517333984,1790079515.7517788,,3162,,0.8330177068710327,13281.766700307,10000.0,-79.24649047851562,,1.751375436782837,2.736897586522546,,1.0,0.9278154969215393,
9.160592079162598,1790079519.7653909,,3163,,0.8325676918029785,13285.773525657,10000.0,-79.45071411132812,,1.7238414287567139,2.9014901887435056,,1.0,0.9280357360839844,
9.311410903930664,1790079523.7722065,,3164,,0.8331121206283569,13289.805497381,10000.0,-79.12863159179688,,1.739586353302002,3.6690614304893994,,1.0,0.9285441637039185,
9.31966781616211,1790079527.8041825,,3165,,0.8281250596046448,13293.821266784,10000.0,-79.2922134399414,,1.7462012767791748,1.914290624988776,,1.0,0.9282248616218567,
9.426067352294922,1790079531.819985,,3166,,0.8338216543197632,13297.977844952,10000.0,-79.47259521484375,,1.7222763299942017,2.3368171435159395,,1.0,0.9285763502120972,
9.581912994384766,1790079535.9765103,,3167,,0.8290734887123108,13302.010352285,10000.0,-78.8319320678711,,1.7257051467895508,3.291696427605786,,1.0,0.9284030199050903,
9.612646102905273,1790079540.009017,,3168,,0.8302862048149109,13306.019904632,10000.0,-79.52220153808594,,1.7215183973312378,2.601456264083094,,1.0,0.9278141260147095,
9.421722412109375,1790079544.0185657,,3169,,0.830152153968811,13310.043421544,10000.0,-78.70963287353516,,1.7284907102584839,2.021190903011904,,1.0,0.9277122616767883,
9.1923828125,1790079548.0421107,,3170,,0.8347128033638,13314.045249701,10000.0,-79.46258544921875,,1.7303766012191772,3.6821643949733733,,1.0,0.9282198548316956,
9.04616641998291,1790079552.0439224,,3171,,0.8319118618965149,13318.066079722,10000.0,-78.42601013183594,,1.742661476135254,4.0173492219502975,,1.0,0.9269207715988159,
9.096972465515137,1790079556.0647576,,3172,,0.8321239352226257,13322.070629363,10000.0,-78.70476531982422,,1.7149931192398071,2.690255858880879,,1.0,0.9277899265289307,
9.162264823913574,1790079560.069287,,3173,,0.8346645832061768,13326.099236193,10000.0,-79.23693084716797,,1.7189996242523193,3.383226130814374,,1.0,0.9272940158843994,
9.39277172088623,1790079564.0979455,,3174,,0.8312461376190186,13330.230975894,10000.0,-77.9666976928711,,1.7537460327148438,2.462168831385425,,1.0,0.9283117651939392,
9.442408561706543,1790079568.2296479,,3175,,0.8303878903388977,13334.264343554,10000.0,-77.54389953613281,,1.7117074728012085,2.5448945000942476,,1.0,0.9271728992462158,
8.90450382232666,1790079572.2629924,,3176,,0.8326307535171509,13338.28877576,10000.0,-78.13391876220703,,1.7162692546844482,2.3670264014721134,,1.0,0.927350640296936,
8.6144437789917,1790079576.2874525,,3177,,0.8327089548110962,13342.304460272,10000.0,-77.5977554321289,,1.730379581451416,2.941124952821116,,1.0,0.9277768135070801,
8.781623840332031,1790079580.3031127,,3178,,0.8294832706451416,13346.299312946,10000.0,-78.6545181274414,,1.7559977769851685,2.4455739175377786,,1.0,0.9262287616729736,
9.134806632995605,1790079584.2979605,,3179,,0.830941915512085,13350.324970653,10000.0,-78.88398742675781,,1.736772060394287,2.983148449203559,,1.0,0.9273141622543335,
8.925952911376953,1790079588.3236551,,3180,,0.8326715230941772,13354.362401452,10000.0,-78.6729965209961,,1.7569047212600708,2.7977531524059374,,1.0,0.927520215511322,
8.97325611114502,1790079592.3611035,,3181,,0.8353227376937866,13358.496018178,10000.0,-79.21540069580078,,1.7284294366836548,2.5004970401434896,,1.0,0.9278746247291565,
8.777875900268555,1790079596.4946656,,3182,,0.8319294452667236,13362.530846763,10000.0,-81.0384292602539,,1.7572987079620361,2.052344692114655,,1.0,0.9279671311378479,
9.196763038635254,1790079600.5295093,,3183,,0.8334017395973206,13366.548259732,10000.0,-80.2253646850586,,1.6965641975402832,2.2346647805183113,,1.0,0.9280600547790527,
9.0563325881958,1790079604.5469449,,3184,,0.827650249004364,13370.576343692,10000.0,-79.4078369140625,,1.7607682943344116,2.357282224050284,,1.0,0.9263409972190857,
9.119270324707031,1790079608.5750365,,3185,,0.8329355716705322,13374.599657158,10000.0,-80.11051940917969,,1.766027808189392,2.9015703352492253,,1.0,0.927985429763794,
8.770261764526367,1790079612.598315,,3186,,0.8291942477226257,13378.596709666,10000.0,-80.5727310180664,,1.7203278541564941,2.183903370310608,,1.0,0.9268501996994019,
8.798357963562012,1790079616.595361,,3187,,0.8326482176780701,13382.6097123,10000.0,-79.9817886352539,,1.6995759010314941,2.3257529553813368,,1.0,0.9269634485244751,
8.67767333984375,1790079620.6083865,,3188,,0.8306045532226562,13386.812861118,10000.0,-79.90520477294922,,1.7043646574020386,2.866312776209387,,1.0,0.9284552931785583,
8.899942398071289,1790079624.8115103,,3189,,0.8317345976829529,13390.824144808,10000.0,-79.65756225585938,,1.6772434711456299,2.6771892207282972,,1.0,0.9283254742622375,
8.826258659362793,1790079628.8228216,,3190,,0.8312026858329773,13394.80921024,10000.0,-79.16154479980469,,1.692280888557434,2.7746106885528716,,1.0,0.9272191524505615,
9.036788940429688,1790079632.8078709,,3191,,0.8293747901916504,13398.837384163,10000.0,-80.6362533569336,,1.711342215538025,1.8576206483835733,,1.0,0.9263640642166138,
9.063525199890137,1790079636.8360617,,3192,,0.8305554389953613,13402.865148007,10000.0,-79.9872055053711,,1.7017074823379517,3.1412481148128344,,1.0,0.9275573492050171,
8.599810600280762,1790079640.863772,,3193,,0.8284991383552551,13406.893891682,10000.0,-80.36827087402344,,1.7250800132751465,1.9384750127671742,,1.0,0.9266298413276672,
8.228180885314941,1790079644.8924875,,3194,,0.8324713706970215,13410.921967479,10000.0,-80.2398452758789,,1.729891061782837,2.8417069101094583,,1.0,0.9280691742897034,
8.654306411743164,1790079648.9206524,,3195,,0.829805314540863,13415.075067032,10000.0,-80.24365997314453,,1.721659541130066,2.1434976471702267,,1.0,0.9285107254981995,
8.794103622436523,1790079653.0736954,,3196,,0.8319454789161682,13419.089559645,10000.0,-81.39905548095703,,1.707739233970642,2.4756855212415063,,1.0,0.9265953898429871,
8.746280670166016,1790079657.0882292,,3197,,0.8314970135688782,13423.10556668,10000.0,-82.18588256835938,,1.6524792909622192,3.26995067411233,,1.0,0.9286086559295654,
8.600537300109863,1790079661.1042259,,3198,,0.8310282230377197,13427.144140931,10000.0,-80.57413482666016,,1.6970279216766357,3.486778056089427,,1.0,0.9276314377784729,
8.738412857055664,1790079665.1427462,,3199,,0.8313558101654053,13431.173134499,10000.0,-81.69246673583984,,1.691672921180725,2.0647157888057923,,1.0,0.9270372986793518,
8.883694648742676,1790079669.1718423,,3200,,0.8334786891937256,13435.242907835,10000.0,-81.99078369140625,,1.7103101015090942,2.8843284987361284,,1.0,0.9275597929954529,
8.651573181152344,1790079673.2415698,,3201,,0.8294009566307068,13439.270420258,10000.0,-82.31417083740234,,1.7134120464324951,3.2547730574614837,,1.0,0.9261336326599121,
8.509230613708496,1790079677.269121,,3202,,0.830921471118927,13443.425072626,10000.0,-82.3818359375,,1.7062946557998657,2.4265141909265555,,1.0,0.9274207949638367,
8.82209587097168,1790079681.4237173,,3203,,0.8337931632995605,13447.437115928,10000.0,-82.9869613647461,,1.6732935905456543,2.1322907011713803,,1.0,0.9273128509521484,
8.661151885986328,1790079685.4357631,,3204,,0.8328373432159424,13451.46516012,10000.0,-83.13518524169922,,1.7140425443649292,2.607003570875408,,1.0,0.927384614944458,
8.779900550842285,1790079689.4638033,,3205,,0.8334516882896423,13455.47711371,10000.0,-82.04428100585938,,1.7149443626403809,2.4229598040346105,,1.0,0.9276348352432251,
8.467073440551758,1790079693.4757783,,3206,,0.8333563804626465,13459.509721858,10000.0,-82.72914123535156,,1.7140589952468872,3.0563148302957903,,1.0,0.9271793961524963,
8.437651634216309,1790079697.5084112,,3207,,0.8331290483474731,13463.52662428,10000.0,-83.26239013671875,,1.7037163972854614,2.468403057254077,,1.0,0.9278866052627563,
8.752038955688477,1790079701.525284,,3208,,0.8332620859146118,13467.549146766,10000.0,-83.34156036376953,,1.7234100103378296,2.504618208809702,,1.0,0.9274080395698547,
8.194644927978516,1790079705.5478287,,3209,,0.8326143622398376,13471.574031044,10000.0,-83.04051971435547,,1.719963550567627,3.1169387891949,,1.0,0.9277194142341614,
8.026041984558105,1790079709.572708,,3210,,0.8294801115989685,13475.721239781,10000.0,-82.18341827392578,,1.7095997333526611,2.5697961795103423,,1.0,0.9270057082176208,
7.893591403961182,1790079713.7199311,,3211,,0.8355838060379028,13479.755618062,10000.0,-81.8044204711914,,1.7856106758117676,2.4435398148699736,,1.0,0.9279395937919617,
7.5562520027160645,1790079717.7542887,,3212,,0.8327329158782959,13483.769641625,10000.0,-81.55519104003906,,1.699853777885437,2.591551094196034,,1.0,0.9281524419784546,
7.632668495178223,1790079721.7683046,,3213,,0.8313575983047485,13487.809408282,10000.0,-81.61121368408203,,1.7225505113601685,2.1535927602086296,,1.0,0.9278793931007385,
7.762574672698975,1790079725.8080647,,3214,,0.8339424133300781,13491.835447006,10000.0,-82.1450424194336,,1.7314947843551636,2.349714003493781,,1.0,0.9284113049507141,
7.874263763427734,1790079729.8341339,,3215,,0.8327995538711548,13495.860296692,10000.0,-81.60282897949219,,1.6762595176696777,3.1541227936475544,,1.0,0.9283447861671448,
7.59575080871582,1790079733.8589723,,3216,,0.8332955241203308,13499.897641536,10000.0,-80.5580825805664,,1.7057461738586426,2.786127309112075,,1.0,0.9280449748039246,
7.7392778396606445,1790079737.8962927,,3217,,0.8293980360031128,13504.043334174,10000.0,-80.40186309814453,,1.7036062479019165,3.4651422112529,,1.0,0.927895188331604,
8.075389862060547,1790079742.0419931,,3218,,0.8309023976325989,13508.065441251,10000.0,-80.07832336425781,,1.7018370628356934,2.410869119108409,,1.0,0.9265821576118469,
7.8999714851379395,1790079746.0641024,,3219,,0.8342478275299072,13512.100988728,10000.0,-80.36830139160156,,1.6670581102371216,3.6999343608576423,,1.0,0.9273074865341187,
8.176630020141602,1790079750.099626,,3220,,0.8319201469421387,13516.201324153,10000.0,-81.44152069091797,,1.688798427581787,2.70563307313191,,1.0,0.927832841873169,
8.040556907653809,1790079754.199929,,3221,,0.830264151096344,13520.237885052,10000.0,-79.84268188476562,,1.706229567527771,2.661683536888284,,1.0,0.927869975566864,
8.100510597229004,1790079758.2364933,,3222,,0.8315355777740479,13524.267017606,10000.0,-81.12763977050781,,1.6818492412567139,2.395508490252207,,1.0,0.9276869297027588,
8.008871078491211,1790079762.2657201,,3223,,0.8327928185462952,13528.268462678,10000.0,-80.5838394165039,,1.6998224258422852,2.445134763083498,,1.0,0.9285614490509033,
8.064128875732422,1790079766.2671638,,3224,,0.8324936032295227,13532.434912705,10000.0,-81.17623901367188,,1.724453330039978,2.2760853711391547,,1.0,0.9269649982452393,
8.125226974487305,1790079770.4335835,,3225,,0.8306054472923279,13536.474567308,10000.0,-81.42945098876953,,1.701869249343872,3.9132774296976476,,1.0,0.9275984764099121,
7.747174263000488,1790079774.4732122,,3226,,0.8318721652030945,13540.488885384,10000.0,-81.83724975585938,,1.7244032621383667,2.597077761313793,,1.0,0.9277976155281067,
7.824175834655762,1790079778.4875524,,3227,,0.8304517865180969,13544.513170373,10000.0,-80.79801940917969,,1.700384497642517,2.3861758093177663,,1.0,0.9274738430976868,
8.025598526000977,1790079782.5118403,,3228,,0.8271597027778625,13548.546539481,10000.0,-82.03155517578125,,1.7318307161331177,3.666610631644167,,1.0,0.9270531535148621,
8.09981918334961,1790079786.54524,,3229,,0.8335052728652954,13552.558851243,10000.0,-82.22822570800781,,1.7413580417633057,2.6226185883338298,,1.0,0.9278077483177185,
7.951749324798584,1790079790.557495,,3230,,0.8325232863426208,13556.586135689,10000.0,-81.921875,,1.74704909324646,2.7646840631621865,,1.0,0.927375078201294,
7.835062026977539,1790079794.5848129,,3231,,0.8345162868499756,13560.735874992,10000.0,-82.35917663574219,,1.7422775030136108,2.385171858049256,,1.0,0.9281055331230164,
7.998295783996582,1790079798.7345676,,3232,,0.8326925039291382,13564.760012277,10000.0,-83.19548034667969,,1.7329047918319702,2.1921330142296074,,1.0,0.9284048676490784,
7.5940070152282715,1790079802.7586703,,3233,,0.8320099115371704,13568.778990723,10000.0,-82.27918243408203,,1.7627263069152832,3.2806278641458007,,1.0,0.9272823929786682,
7.9963531494140625,1790079806.7776802,,3234,,0.8325890898704529,13572.810077849,10000.0,-82.84780883789062,,1.7459710836410522,2.4076523922134205,,1.0,0.9274874329566956,
8.151771545410156,1790079810.8087559,,3235,,0.8331647515296936,13576.837795479,10000.0,-82.64769744873047,,1.7266852855682373,2.6619947166354354,,1.0,0.9285479784011841,
8.324533462524414,1790079814.8364751,,3236,,0.8293107748031616,13580.852404979,10000.0,-81.8868637084961,,1.7275439500808716,3.070605314857501,,1.0,0.9273991584777832,
8.295727729797363,1790079818.8510892,,3237,,0.8294615745544434,13584.892045851,10000.0,-81.8440170288086,,1.735618233680725,3.4681088469689993,,1.0,0.9276272654533386,
7.971097469329834,1790079822.8907382,,3238,,0.8315304517745972,13589.034110587,10000.0,-83.02763366699219,,1.7308108806610107,4.276887199307945,,1.0,0.9274659752845764,
8.233355522155762,1790079827.0328302,,3239,,0.831347644329071,13593.068336932,10000.0,-81.28716278076172,,1.7385478019714355,4.50561614705771,,1.0,0.9271475076675415,
8.380709648132324,1790079831.0670044,,3240,,0.8342583179473877,13597.100469856,10000.0,-80.3520278930664,,1.7170737981796265,2.5037169019776115,,1.0,0.9281648993492126,
8.121162414550781,1790079835.0991564,,3241,,0.8335230946540833,13601.128517626,10000.0,-81.8310317993164,,1.7500606775283813,2.785563486846806,,1.0,0.9281363487243652,
7.834373950958252,1790079839.1272066,,3242,,0.8272691369056702,13605.169147068,10000.0,-80.7371597290039,,1.7495677471160889,2.9804961748764924,,1.0,0.9260614514350891,
7.653553485870361,1790079843.1678288,,3243,,0.8311623334884644,13609.170726381,10000.0,-79.14104461669922,,1.7612168788909912,2.332060076070161,,1.0,0.9272627830505371,
7.772639751434326,1790079847.169443,,3244,,0.8303911685943604,13613.189732363,10000.0,-79.99002838134766,,1.740763545036316,2.7581909110765945,,1.0,0.9277336001396179,
7.877399444580078,1790079851.188406,,3245,,0.8300008177757263,13617.201027914,10000.0,-79.58915710449219,,1.733048439025879,2.3767394172730025,,1.0,0.9264206886291504,
7.8935441970825195,1790079855.199723,,3246,,0.8325282335281372,13621.345705999,10000.0,-79.5123519897461,,1.7301385402679443,2.280097373713825,,1.0,0.9273449182510376,
7.673415660858154,1790079859.3444016,,3247,,0.8308939933776855,13625.359052629,10000.0,-79.73897552490234,,1.746909737586975,2.5207794355681368,,1.0,0.9265521764755249,
7.893059730529785,1790079863.357743,,3248,,0.8323817253112793,13629.387772676,10000.0,-79.82714080810547,,1.7339749336242676,3.165785982446347,,1.0,0.9277198314666748,
8.007518768310547,1790079867.3864264,,3249,,0.8309329748153687,13633.401121062,10000.0,-80.57835388183594,,1.7227561473846436,2.4232039681477846,,1.0,0.9259869456291199,
7.951712131500244,1790079871.3997872,,3250,,0.8333932757377625,13637.408993622,10000.0,-79.89517211914062,,1.7146493196487427,2.725374866667402,,1.0,0.9276071190834045,
8.1141357421875,1790079875.4076667,,3251,,0.8304245471954346,13641.445273206,10000.0,-81.71979522705078,,1.7161287069320679,1.8459565891149206,,1.0,0.9273251891136169,
8.147497177124023,1790079879.4439576,,3252,,0.8341265916824341,13645.449853569,10000.0,-82.9844741821289,,1.6911741495132446,3.158682709247736,,1.0,0.9288195967674255,
7.761023044586182,1790079883.4485383,,3253,,0.8321893215179443,13649.588491959,10000.0,-82.56678771972656,,1.6750413179397583,3.2689614804025187,,1.0,0.9283719062805176,
7.958084583282471,1790079887.5871806,,3254,,0.8271949887275696,13653.610346473,10000.0,-81.76114654541016,,1.6911207437515259,2.672986722681023,,1.0,0.9275144934654236,
8.168039321899414,1790079891.6088,,3255,,0.8322203755378723,13657.63194497,10000.0,-82.04515838623047,,1.7570273876190186,2.637907301818692,,1.0,0.9262206554412842,
8.0693359375,1790079895.6306112,,3256,,0.832999050617218,13661.673759018,10000.0,-81.06394958496094,,1.7347286939620972,2.4554894325934455,,1.0,0.9283620715141296,
8.095305442810059,1790079899.6724224,,3257,,0.8313601016998291,13665.689488009,10000.0,-81.8966293334961,,1.7001930475234985,3.2015047011683837,,1.0,0.9277612566947937,
8.387887954711914,1790079903.6881597,,3258,,0.8329045176506042,13669.710252489,10000.0,-80.87218475341797,,1.6964056491851807,2.3464467974904775,,1.0,0.928108274936676,
8.206033706665039,1790079907.7089608,,3259,,0.8302348256111145,13673.729816085,10000.0,-81.58682250976562,,1.7209420204162598,2.5651325347091203,,1.0,0.9261239767074585,
8.195862770080566,1790079911.7285128,,3260,,0.8335419297218323,13677.903244231,10000.0,-81.96125793457031,,1.694264531135559,2.258507282633217,,1.0,0.928859531879425,
8.495150566101074,1790079915.9019098,,3261,,0.835396945476532,13681.945325415,10000.0,-81.84041595458984,,1.7304803133010864,3.651099127308346,,1.0,0.9287158846855164,
8.448417663574219,1790079919.9439936,,3262,,0.8313141465187073,13685.947747806,10000.0,-81.18970489501953,,1.7160006761550903,3.30217980006242,,1.0,0.927147388458252,
8.432061195373535,1790079923.9464686,,3263,,0.8324263691902161,13689.975420717,10000.0,-81.39410400390625,,1.7179367542266846,3.4633912735787633,,1.0,0.9274700284004211,
8.753384590148926,1790079927.974136,,3264,,0.8305596113204956,13693.991476104,10000.0,-81.8609390258789,,1.7150100469589233,2.5048959085222666,,1.0,0.9271834492683411,
8.610668182373047,1790079931.9901612,,3265,,0.8320367336273193,13698.030116175,10000.0,-82.48220825195312,,1.7289828062057495,2.299239399736112,,1.0,0.9271758794784546,
8.587937355041504,1790079936.0288007,,3266,,0.8301928639411926,13702.041752399,10000.0,-83.7984848022461,,1.7162896394729614,2.1991105929177652,,1.0,0.9286849498748779,
8.785123825073242,1790079940.0404332,,3267,,0.8353559374809265,13706.169823467,10000.0,-83.51847839355469,,1.7053335905075073,2.8593611070068334,,1.0,0.9279062151908875,
9.121744155883789,1790079944.1684937,,3268,,0.8325329422950745,13710.174336436,10000.0,-83.60362243652344,,1.701897144317627,1.8777596792652338,,1.0,0.9282757043838501,
9.17707633972168,1790079948.1730342,,3269,,0.8301355838775635,13714.200460336,10000.0,-83.37734985351562,,1.7110285758972168,2.3566220124882156,,1.0,0.9272816181182861,
9.165382385253906,1790079952.1991735,,3270,,0.8319344520568848,13718.210567004,10000.0,-82.7173843383789,,1.7136801481246948,2.532573110771319,,1.0,0.927788257598877,
9.068094253540039,1790079956.2092583,,3271,,0.8313069939613342,13722.243422655,10000.0,-83.8116226196289,,1.7096502780914307,3.290299612321288,,1.0,0.9272029995918274,
8.970625877380371,1790079960.2421346,,3272,,0.8335263133049011,13726.280812413,10000.0,-84.14432525634766,,1.7011387348175049,2.319774835549621,,1.0,0.9275224804878235,
8.80642318725586,1790079964.2794485,,3273,,0.8321263194084167,13730.290151508,10000.0,-83.16158294677734,,1.712401270866394,2.3466700055363328,,1.0,0.9286466836929321,
8.868654251098633,1790079968.2888346,,3274,,0.8334950804710388,13734.441129492,10000.0,-85.19471740722656,,1.7418034076690674,2.5358280329123715,,1.0,0.9273231625556946,
9.060698509216309,1790079972.4398036,,3275,,0.8301481008529663,13738.446971977,10000.0,-84.57434844970703,,1.6905511617660522,2.882393223194966,,1.0,0.9280802011489868,
9.268831253051758,1790079976.4456635,,3276,,0.8336254358291626,13742.477233587,10000.0,-84.81546020507812,,1.6922343969345093,3.37025862163039,,1.0,0.9279277324676514,
8.999503135681152,1790079980.475921,,3277,,0.8336367607116699,13746.501433422,10000.0,-83.50077056884766,,1.7379831075668335,2.7070680717603826,,1.0,0.9285784959793091,
8.61975383758545,1790079984.5001209,,3278,,0.8262824416160583,13750.534847829,10000.0,-83.48434448242188,,1.7309414148330688,2.1997808972489055,,1.0,0.9268932342529297,
8.75615119934082,1790080067.925289,,3279,0.43957328793933187,0.8307926058769226,13831.520155533,10000.0,-83.06505584716797,0.04674702738286901,1.741469144821167,3.085574237603707,0.554362952709198,1.0,0.926219642162323,
,1790080069.518858,0.5253788232803345,3280,,,13833.1622264,,,,,,,,,10000.0
,1790080071.1609461,0.5303645133972168,3281,,,13834.675725249,,,,,,,,,10000.0
,1790080072.6744688,0.529923677444458,3282,,,13836.183447201,,,,,,,,,10000.0
,1790080074.182138,0.5337169170379639,3283,,,13837.695146846,,,,,,,,,10000.0
,1790080075.6939185,0.5319202542304993,3284,,,13839.216108403,,,,,,,,,10000.0
,1790080077.2148266,0.532833993434906,3285,,,13840.739638128,,,,,,,,,10000.0
,1790080078.7383358,0.5329155325889587,3286,,,13842.254226585,,,,,,,,,10000.0
,1790080080.2529943,0.5326281189918518,3287,,,13843.776312479,,,,,,,,,10000.0
,1790080081.7750251,0.5349442362785339,3288,,,13845.292324083,,,,,,,,,10000.0
,1790080083.2911189,0.5340122580528259,3289,,,13846.805235197,,,,,,,,,10000.0
,1790080084.8039827,0.5302521586418152,3290,,,13848.314714677,,,,,,,,,10000.0
,1790080086.3134315,0.5312747955322266,3291,,,13849.94097233,,,,,,,,,10000.0
,1790080087.9396992,0.5333385467529297,3292,,,13851.450478347,,,,,,,,,10000.0
,1790080089.449255,0.5330702066421509,3293,,,13852.960524609,,,,,,,,,10000.0
,1790080090.9592721,0.5303418636322021,3294,,,13854.472017506,,,,,,,,,10000.0
,1790080092.4707603,0.5278621912002563,3295,,,13855.971324519,,,,,,,,,10000.0
,1790080093.970089,0.5308194160461426,3296,,,13857.605552469,,,,,,,,,10000.0
,1790080095.604324,0.5317595601081848,3297,,,13859.129242936,,,,,,,,,10000.0
,1790080097.1279664,0.5315831303596497,3298,,,13860.65111222,,,,,,,,,10000.0
,1790080098.6498327,0.530997097492218,3299,,,13864.666120076,,,,,,,,,10000.0
8.706926345825195,1790080102.664804,,3300,,0.8290495276451111,13868.693614742,10000.0,-83.26596069335938,,1.7316128015518188,2.71307158423945,,1.0,0.9289931654930115,
8.860428810119629,1790080106.6922543,,3301,,0.8330020904541016,13872.725467917,10000.0,-83.34471893310547,,1.7176175117492676,2.504001756034855,,1.0,0.9267311096191406,
9.223226547241211,1790080110.724065,,3302,,0.8330375552177429,13876.751257336,10000.0,-83.21453094482422,,1.7090269327163696,3.135655145848021,,1.0,0.9280762672424316,
7.259805202484131,1790080114.7498896,,3303,,17748199424.0,13880.788008522,10000.0,1382.6385498046875,,450759589888.0,1.2492114618778762,,1.0,0.927803635597229,
3.6524627208709717,1790080118.7866693,,3304,,119350.7265625,13884.961381289,10000.0,102.94584655761719,,3704286.5,1.4080180835185063,,1.0,0.9282744526863098,
4.188189506530762,1790080122.9600224,,3305,,0.8633958697319031,13889.004555713,10000.0,129.08450317382812,,25.842897415161133,3.2368119266708915,,1.0,0.927778959274292,
3.3080339431762695,1790080127.0032067,,3306,,97468727296.0,13893.040083977,10000.0,31009.505859375,,4146249072640.0,1.0823663845162463,,1.0,0.9276826977729797,
2.626585006713867,1790080131.0387352,,3307,,4782166.0,13897.068432136,10000.0,2858.593505859375,,629430848.0,1.3186695177011494,,1.0,0.9272812008857727,
2.893744707107544,1790080135.0670748,,3308,,65137.06640625,13901.112126517,10000.0,422.2147216796875,,15398871.0,1.6733414031954859,,1.0,0.9276212453842163,
2.9115490913391113,1790080139.1107886,,3309,,3559590.0,13905.143675228,10000.0,554.8789672851562,,1212406272.0,1.0713636608847645,,1.0,0.9273132085800171,
3.039114475250244,1790080143.1423173,,3310,,3296.15185546875,13909.193165441,10000.0,250.1297607421875,,1252171.0,1.5690633224411545,,1.0,0.9280798435211182,
2.0747177600860596,1790080147.1918447,,3311,,12461.17578125,13913.358932426,10000.0,253.74949645996094,,5773113.5,1.900877741003841,,1.0,0.9265920519828796,
1.1045730113983154,1790080151.3575628,,3312,,48.61671447753906,13917.392567826,10000.0,232.22061157226562,,28358.8828125,2.3035625236776403,,1.0,0.9281497001647949,
1.1147600412368774,1790080155.391212,,3313,,3973.224609375,13921.404649382,10000.0,304.385009765625,,2738043.5,1.6460075363518198,,1.0,0.9270139336585999,
1.1967495679855347,1790080159.4032853,,3314,,170.97439575195312,13925.442554842,10000.0,165.2040557861328,,120136.8125,1.9428051981272352,,1.0,0.9272635579109192,
1.4257441759109497,1790080163.4412465,,3315,,769.0115356445312,13929.455390265,10000.0,130.18060302734375,,572108.25,1.6892506253326405,,1.0,0.9268786907196045,
1.0892750024795532,1790080167.4540443,,3316,,6.290480136871338,13933.49898463,10000.0,101.96215057373047,,4915.1533203125,2.8081901680194927,,1.0,0.927866518497467,
0.7772836089134216,1790080171.4976351,,3317,,9.293248176574707,13937.521870701,10000.0,91.25115966796875,,7243.58984375,1.9598059942632586,,1.0,0.9283877015113831,
0.9900141358375549,1790080175.5204985,,3318,,1880.854248046875,13941.554355257,10000.0,149.38223266601562,,1718233.75,1.4393666810124648,,1.0,0.9285542964935303,
0.8677629232406616,1790080179.5530303,,3319,,10.921430587768555,13945.717034581,10000.0,144.00506591796875,,9548.173828125,2.232983666323736,,1.0,0.9267767071723938,
0.7888309359550476,1790080183.7156842,,3320,,17.43086051940918,13949.742236165,10000.0,112.66012573242188,,15192.240234375,1.7447564164326184,,1.0,0.9282451868057251,
0.5598669648170471,1790080187.740897,,3321,,0.9911258220672607,13953.764357683,10000.0,225.17898559570312,,856.59912109375,5.077956520327338,,1.0,0.9285736680030823,
0.5672192573547363,1790080191.7630708,,3322,,24.02942657470703,13957.806647147,10000.0,130.3013153076172,,22431.77734375,2.0011729931081397,,1.0,0.9291261434555054,
0.5131350159645081,1790080195.8052995,,3323,,50.842803955078125,13961.847163827,10000.0,21.430471420288086,,47684.05859375,2.5113964579412533,,1.0,0.9283550977706909,
0.522300124168396,1790080199.8458214,,3324,,9329.1123046875,13965.875915395,10000.0,13.379651069641113,,8290846.0,1.4145971559661237,,1.0,0.9273545145988464,
0.4811534881591797,1790080203.8745887,,3325,,1768.9737548828125,13970.039078389,10000.0,100.64714050292969,,1710034.5,1.6171719169949568,,1.0,0.9283085465431213,
0.7331913709640503,1790080208.0377276,,3326,,0.9885785579681396,13974.069907893,10000.0,-14.811293601989746,,804.8839721679688,6.2370701979806284,,1.0,0.9279099106788635,
0.4646279215812683,1790080212.068534,,3327,,0.9887742400169373,13978.101604474,10000.0,-17.02290153503418,,719.9888305664062,6.795880912163215,,1.0,0.9279561042785645,
0.5175743103027344,1790080216.1002576,,3328,,0.9883769154548645,13982.138717398,10000.0,-18.482406616210938,,628.2440185546875,6.039486571407615,,1.0,0.9282703995704651,
0.6159710884094238,1790080220.1373658,,3329,,0.9879485964775085,13986.169734199,10000.0,-19.95183563232422,,544.2273559570312,5.3764131004501134,,1.0,0.9280640482902527,
0.6207888722419739,1790080224.168456,,3330,,0.9871337413787842,13990.192352812,10000.0,-21.0595703125,,468.4878234863281,6.118369667060706,,1.0,0.9284899830818176,
0.5771352052688599,1790080228.1910253,,3331,,0.9856659770011902,13994.232173328,10000.0,-21.611291885375977,,397.39630126953125,5.541475395531102,,1.0,0.9286435842514038,
0.56325763463974,1790080232.230835,,3332,,0.984798789024353,13998.275033764,10000.0,-21.645553588867188,,331.6029357910156,5.3592655190526175,,1.0,0.9278597831726074,
0.5167981386184692,1790080236.2736995,,3333,,0.9833843111991882,14002.421173844,10000.0,-22.592430114746094,,274.1776428222656,5.4016804591429946,,1.0,0.928330659866333,
0.5003926753997803,1790080240.4198284,,3334,,0.9821442365646362,14006.453650573,10000.0,-22.69353675842285,,220.54400634765625,5.613229901390396,,1.0,0.9269381165504456,
0.4866616427898407,1790080244.4523172,,3335,,0.9833172559738159,14010.489429422,10000.0,-22.804763793945312,,178.74916076660156,6.2078035039558985,,1.0,0.9262962937355042,
0.4114845395088196,1790080248.4881313,,3336,,0.9816296100616455,14014.530365746,10000.0,-23.397783279418945,,147.3174285888672,5.697497648907103,,1.0,0.928138256072998,
0.5111207365989685,1790080252.5290637,,3337,,0.982979416847229,14018.571880351,10000.0,-23.558080673217773,,122.5855941772461,6.581795326224403,,1.0,0.9284207820892334,
0.4988197982311249,1790080256.5705433,,3338,,0.9793659448623657,14022.599828236,10000.0,-23.628984451293945,,99.23986053466797,6.004043224013857,,1.0,0.9267420172691345,
0.5222882628440857,1790080260.5984612,,3339,,0.9794732928276062,14026.648698105,10000.0,-23.9289608001709,,83.1821517944336,5.365163870312642,,1.0,0.9282768368721008,
1.0368719100952148,1790080264.6473544,,3340,,0.9774363040924072,14030.806363308,10000.0,-24.205493927001953,,70.27129364013672,5.167807219687289,,1.0,0.927552342414856,
0.91350257396698,1790080268.8050432,,3341,,0.9751595258712769,14034.841639272,10000.0,-24.886985778808594,,60.18673324584961,5.973445535711919,,1.0,0.9287716746330261,
1.2495603561401367,1790080272.8402967,,3342,,0.9753658175468445,14038.888326763,10000.0,-24.638689041137695,,50.40274429321289,4.353081298016991,,1.0,0.928880512714386,
1.2804127931594849,1790080276.8869998,,3343,,0.9738703966140747,14042.946600922,10000.0,-25.479171752929688,,43.125648498535156,4.949537291213398,,1.0,0.9278883337974548,
1.1484588384628296,1790080280.9452815,,3344,,0.9687048196792603,14046.997288567,10000.0,-25.8031005859375,,37.33125305175781,4.480447186902682,,1.0,0.9286210536956787,
1.0837196111679077,1790080284.9959705,,3345,,0.967634379863739,14051.083921935,10000.0,-25.891979217529297,,33.245025634765625,4.943303641721104,,1.0,0.9272025227546692,
1.6747137308120728,1790080289.0825589,,3346,,0.9715734124183655,14055.125964396,10000.0,-26.714214324951172,,29.414701461791992,4.921549587494346,,1.0,0.9272304773330688,
1.4250749349594116,1790080293.1246572,,3347,,0.9640627503395081,14059.306082265,10000.0,-26.43994903564453,,26.873184204101562,5.604365235902588,,1.0,0.9278274774551392,
1.5556198358535767,1790080297.3047655,,3348,,0.9583797454833984,14063.329890031,10000.0,-26.855453491210938,,24.196453094482422,5.601794829941278,,1.0,0.9278619289398193,
1.907842993736267,1790080301.3285508,,3349,,0.9598634839057922,14067.381948818,10000.0,-27.563674926757812,,22.191116333007812,5.36083264347878,,1.0,0.9268806576728821,
1.6314196586608887,1790080305.3806524,,3350,,0.9513119459152222,14071.417098253,10000.0,-27.781343460083008,,20.114099502563477,7.280852216286405,,1.0,0.9262137413024902,
1.8653607368469238,1790080309.4157588,,3351,,0.9541631937026978,14075.46328234,10000.0,-28.529497146606445,,19.2104434967041,6.838628287692981,,1.0,0.9283393025398254,
1.8181560039520264,1790080313.461946,,3352,,0.947272539138794,14079.509548154,10000.0,-28.668201446533203,,17.98309898376465,7.688300974771,,1.0,0.9272204041481018,
2.432837963104248,1790080317.508199,,3353,,0.9403790235519409,14083.56047291,10000.0,-28.964879989624023,,16.794567108154297,6.1441766054043905,,1.0,0.9262673258781433,
2.9214088916778564,1790080321.5591586,,3354,,0.9380335807800293,14087.729666953,10000.0,-28.198348999023438,,15.869314193725586,5.798496464341843,,1.0,0.9285687208175659,
2.835336923599243,1790080325.728331,,3355,,0.9400561451911926,14091.781065312,10000.0,-28.250682830810547,,15.060351371765137,5.271973785463729,,1.0,0.9265502691268921,
2.7785654067993164,1790080329.779749,,3356,,0.9367081522941589,14095.816124146,10000.0,-27.816938400268555,,14.594133377075195,6.015518648515546,,1.0,0.9284400939941406,
2.8643884658813477,1790080333.8148117,,3357,,0.9398117661476135,14099.869728513,10000.0,-27.26074981689453,,14.561513900756836,5.300880547537587,,1.0,0.9271305203437805,
2.6102476119995117,1790080337.868326,,3358,,0.9401010870933533,14103.901802573,10000.0,-27.54269790649414,,14.513498306274414,5.1290922147597335,,1.0,0.9273379445075989,
3.2536563873291016,1790080341.900482,,3359,,0.9311740398406982,14107.976927128,10000.0,-27.370866775512695,,14.809020042419434,5.563502221022816,,1.0,0.9276753067970276,
2.676729440689087,1790080345.9755516,,3360,,0.9431624412536621,14112.031890716,10000.0,-26.585050582885742,,16.105880737304688,4.391970146694413,,1.0,0.9271591305732727,
2.5206735134124756,1790080350.030566,,3361,,0.9385939240455627,14116.216817483,10000.0,-26.60763931274414,,17.200668334960938,4.263029203006015,,1.0,0.9273028373718262,
2.7310423851013184,1790080354.215474,,3362,,0.9327624440193176,14120.270135764,10000.0,-26.35467529296875,,19.0230655670166,4.387798520988307,,1.0,0.9272649884223938,
3.1066958904266357,1790080358.2687907,,3363,,0.9446887373924255,14124.30856042,10000.0,-26.489185333251953,,21.405128479003906,4.088613189502787,,1.0,0.9285942912101746,
2.9457709789276123,1790080362.3072145,,3364,,0.938864529132843,14128.362052131,10000.0,-26.214189529418945,,22.665807723999023,3.1387415502984055,,1.0,0.9270328283309937,
3.130605459213257,1790080366.3607178,,3365,,0.9381623268127441,14132.422323053,10000.0,-26.995445251464844,,25.1867733001709,3.856561929706309,,1.0,0.928622841835022,
2.8948724269866943,1790080370.4209785,,3366,,0.9396384954452515,14136.434080753,10000.0,-27.36467933654785,,26.049400329589844,4.011596309275381,,1.0,0.9263084530830383,
3.4505138397216797,1790080374.4327846,,3367,,0.9371062517166138,14140.460478721,10000.0,-27.7822322845459,,27.680320739746094,3.567282627743001,,1.0,0.9277134537696838,
2.760814905166626,1790080378.4591675,,3368,,0.934418261051178,14144.501635018,10000.0,-28.82176971435547,,28.9204158782959,3.4310521398303253,,1.0,0.9269310832023621,
2.6534264087677,1790080382.5002928,,3369,,0.9331654906272888,14148.682295407,10000.0,-28.76953887939453,,29.889503479003906,3.6925468810693207,,1.0,0.9271233081817627,
3.042703866958618,1790080386.680949,,3370,,0.9368639588356018,14152.712382687,10000.0,-29.569013595581055,,29.233684539794922,3.933762211509694,,1.0,0.9276877641677856,
2.9631259441375732,1790080390.7110333,,3371,,0.9311127662658691,14156.762828296,10000.0,-29.615314483642578,,28.403921127319336,2.966849467507225,,1.0,0.9276365041732788,
3.447031021118164,1790080394.7614956,,3372,,0.9173052906990051,14160.785931084,10000.0,-29.989065170288086,,27.617881774902344,3.4174072911194977,,1.0,0.9273044466972351,
3.084341526031494,1790080398.784632,,3373,,0.9210134148597717,14164.823833711,10000.0,-30.777673721313477,,27.970144271850586,3.3249870095074687,,1.0,0.9280644059181213,
3.698317527770996,1790080402.8225229,,3374,,0.9183952808380127,14168.856917783,10000.0,-32.42898178100586,,28.311288833618164,3.116252958118606,,1.0,0.9272167682647705,
3.709235429763794,1790080406.8555791,,3375,,0.91595458984375,14172.914550517,10000.0,-31.906301498413086,,27.94229507446289,2.7861216447473325,,1.0,0.9274529814720154,
4.376110553741455,1790080410.9132202,,3376,,0.9091227650642395,14177.091943702,10000.0,-32.888580322265625,,27.153268814086914,3.887490222977532,,1.0,0.927521824836731,
3.7546303272247314,1790080415.0905898,,3377,,0.9162396788597107,14181.109643093,10000.0,-33.54005432128906,,27.52227210998535,4.252041387360352,,1.0,0.9275444746017456,
4.853819370269775,1790080419.1083329,,3378,,0.9118521213531494,14185.160333119,10000.0,-33.6619758605957,,26.7861385345459,3.0273778454029427,,1.0,0.9289484620094299,
3.680548906326294,1790080423.1590023,,3379,,0.9124027490615845,14189.195238236,10000.0,-33.83100509643555,,26.01578140258789,3.1853857486237684,,1.0,0.9281501770019531,
4.457967281341553,1790080427.1939335,,3380,,0.9112861156463623,14193.250741129,10000.0,-34.9426155090332,,25.03973388671875,2.7801954469364785,,1.0,0.928170382976532,
4.2262067794799805,1790080431.249404,,3381,,0.9123938083648682,14197.287376751,10000.0,-34.215572357177734,,23.864011764526367,3.3130685657869154,,1.0,0.9267489910125732,
4.5145649909973145,1790080435.286012,,3382,,0.9093494415283203,14201.345393436,10000.0,-35.4412841796875,,22.286096572875977,2.9482429747060603,,1.0,0.928784191608429,
5.4722900390625,1790080439.3440506,,3383,,0.9059792160987854,14205.521439573,10000.0,-35.99050521850586,,20.427017211914062,2.6708317263148653,,1.0,0.9280937910079956,
5.603908538818359,1790080443.5200124,,3384,,0.9119741320610046,14209.583494697,10000.0,-37.076446533203125,,19.55367660522461,3.9097217641267314,,1.0,0.9281611442565918,
5.204423427581787,1790080447.5821874,,3385,,0.9110330939292908,14213.602086136,10000.0,-37.70512008666992,,17.9752254486084,2.919119056195992,,1.0,0.9286378622055054,
5.999896049499512,1790080451.6007516,,3386,,0.9034552574157715,14217.645551314,10000.0,-38.840972900390625,,16.316818237304688,3.485093880443315,,1.0,0.9270436763763428,
5.952078342437744,1790080455.644223,,3387,,0.9074273705482483,14221.689686504,10000.0,-39.25074005126953,,15.32666015625,3.4924686663127513,,1.0,0.9280917644500732,
6.677090644836426,1790080459.6882954,,3388,,0.9087327718734741,14225.721140392,10000.0,-39.80915832519531,,14.331538200378418,3.2423368817758567,,1.0,0.9279661774635315,
6.487335205078125,1790080463.7198577,,3389,,0.9035062193870544,14229.780474925,10000.0,-40.75587463378906,,13.230259895324707,3.0929287368433473,,1.0,0.9272246360778809,
6.449916839599609,1790080467.7791226,,3390,,0.9026532769203186,14233.982282536,10000.0,-41.30571365356445,,12.568004608154297,4.259759666855573,,1.0,0.9263159036636353,
6.3134918212890625,1790080471.980901,,3391,,0.9020897150039673,14238.00545153,10000.0,-42.68232345581055,,12.008261680603027,4.514373238089884,,1.0,0.9275550246238708,
6.636910915374756,1790080476.004063,,3392,,0.9050175547599792,14242.048839777,10000.0,-43.077754974365234,,11.31910514831543,3.1071549092088775,,1.0,0.9283477663993835,
6.277422904968262,1790080480.0475123,,3393,,0.9021642804145813,14246.077145478,10000.0,-44.292877197265625,,10.464879989624023,4.081441519562815,,1.0,0.9280386567115784,
6.381802558898926,1790080484.0758045,,3394,,0.9056457281112671,14250.135795847,10000.0,-44.9486083984375,,10.085412979125977,3.1617042304887675,,1.0,0.9279227256774902,
6.779717922210693,1790080488.1344295,,3395,,0.9045920372009277,14254.1750326,10000.0,-46.0063362121582,,9.523655891418457,3.996086300762599,,1.0,0.9285624623298645,
6.848537445068359,1790080492.1737328,,3396,,0.9007800817489624,14258.238897346,10000.0,-46.27191925048828,,9.2033052444458,2.793557214355902,,1.0,0.9279488325119019,
7.099714279174805,1790080496.2375662,,3397,,0.9003198146820068,14262.419040907,10000.0,-46.86759948730469,,8.985058784484863,3.810087992685827,,1.0,0.928304135799408,
7.244388580322266,1790080500.4177163,,3398,,0.9000965356826782,14266.470293938,10000.0,-47.03314971923828,,8.814461708068848,2.8439142695963815,,1.0,0.9270806908607483,
7.658684253692627,1790080504.4689906,,3399,,0.8961821794509888,14270.515587579,10000.0,-48.36741638183594,,8.506092071533203,2.850615014374759,,1.0,0.928880512714386,
7.700511932373047,1790080508.5142899,,3400,,0.8968689441680908,14274.563622192,10000.0,-49.056331634521484,,8.371660232543945,2.9996824207874506,,1.0,0.9276242256164551,
7.430803298950195,1790080512.5623102,,3401,,0.9051293730735779,14278.615622181,10000.0,-48.4593391418457,,8.334317207336426,2.4993482656129657,,1.0,0.9294531941413879,
6.848069667816162,1790080516.6143005,,3402,,0.9041870832443237,14282.660040185,10000.0,-49.034603118896484,,8.489673614501953,2.937449104600384,,1.0,0.9275447726249695,
6.737289905548096,1790080520.6586902,,3403,,4.491994380950928,14286.707766778,10000.0,-49.115631103515625,,91.4431381225586,2.944176011675027,,1.0,0.92740797996521,
6.7356462478637695,1790080524.7064624,,3404,,1.2612483501434326,14290.74104605,10000.0,-49.808467864990234,,17.343395233154297,2.1829110865766617,,1.0,0.9274650812149048,
7.089460372924805,1790080528.7397199,,3405,,0.9502885937690735,14294.934248349,10000.0,-49.72854995727539,,9.721944808959961,3.497643335422886,,1.0,0.9287301898002625,
6.144892692565918,1790080532.9329095,,3406,,1.1601362228393555,14298.963861755,10000.0,-50.07963943481445,,14.815532684326172,3.1228777435564106,,1.0,0.926922082901001,
6.4798078536987305,1790080536.9625409,,3407,,1.8020023107528687,14303.009942417,10000.0,-49.708961486816406,,29.59850311279297,2.5177248170178648,,1.0,0.9278833866119385,
6.575247287750244,1790080541.0086157,,3408,,1.1569961309432983,14307.045654912,10000.0,-49.01893997192383,,16.229846954345703,2.3370763253546065,,1.0,0.9279577732086182,
5.929549694061279,1790080545.0443356,,3409,,0.9091640710830688,14311.086738394,10000.0,-49.391273498535156,,9.268132209777832,3.1320833725307278,,1.0,0.9269024729728699,
6.357705593109131,1790080549.0854077,,3410,,1.1447159051895142,14315.138412296,10000.0,-48.5633659362793,,15.185476303100586,2.9537941563593195,,1.0,0.9267345666885376,
5.326080799102783,1790080553.137095,,3411,,1.1452767848968506,14319.177559223,10000.0,-48.04225540161133,,15.658374786376953,2.82023884571153,,1.0,0.9274052381515503,
6.153270721435547,1790080557.1762407,,3412,,0.9193657636642456,14323.3761871,10000.0,-47.348426818847656,,9.889874458312988,2.912754401618573,,1.0,0.9270138740539551,
6.09879207611084,1790080561.3748524,,3413,,1.034132480621338,14327.41518519,10000.0,-47.841182708740234,,13.212390899658203,3.0413623100738807,,1.0,0.9271156191825867,
6.588932037353516,1790080565.4138563,,3414,,0.9925033450126648,14331.472133969,10000.0,-46.45241165161133,,12.17503547668457,2.674626639450557,,1.0,0.9278959631919861,
7.323300838470459,1790080569.4708061,,3415,,0.9350368976593018,14335.55383538,10000.0,-45.13063430786133,,10.9892578125,4.140778311759829,,1.0,0.9268897771835327,
7.1647868156433105,1790080573.552514,,3416,,0.9127289056777954,14339.603611643,10000.0,-44.894317626953125,,10.358959197998047,3.9630174071855606,,1.0,0.9257171154022217,
7.603172779083252,1790080577.6022692,,3417,,0.9431949853897095,14343.657018966,10000.0,-44.60914993286133,,11.486769676208496,2.7199158229146785,,1.0,0.9284313917160034,
7.065850734710693,1790080581.655685,,3418,,0.8952488899230957,14347.716745631,10000.0,-43.697017669677734,,10.468161582946777,3.734526542591377,,1.0,0.9269793033599854,
6.404957294464111,1790080585.7154062,,3419,,0.912376880645752,14351.987415856,10000.0,-43.4791259765625,,10.795136451721191,4.787198274401715,,1.0,0.9279283285140991,
6.113961696624756,1790080589.9860857,,3420,,0.9000268578529358,14356.024285062,10000.0,-42.0875358581543,,10.517111778259277,4.635769390050483,,1.0,0.9285392761230469,
6.838427543640137,1790080594.0229642,,3421,,1.028989315032959,14360.089811659,10000.0,-41.882057189941406,,13.8142671585083,4.10712385388276,,1.0,0.9274927377700806,
6.80897331237793,1790080598.0884793,,3422,,0.9136546850204468,14364.134643251,10000.0,-42.86079025268555,,10.364704132080078,4.480358075621099,,1.0,0.9284073114395142,
6.7842512130737305,1790080602.1333084,,3423,,0.9023786783218384,14368.172125798,10000.0,-42.06300354003906,,10.095575332641602,4.9858096999834975,,1.0,0.9284248948097229,
6.475430965423584,1790080606.1708114,,3424,,25.4805908203125,14372.21585456,10000.0,133.99522399902344,,732.1209106445312,2.93507279452389,,1.0,0.9276871681213379,
6.307036876678467,1790080610.214487,,3425,,274.9051513671875,14376.270525846,10000.0,-42.140052795410156,,9029.697265625,1.7792410113160257,,1.0,0.9276158213615417,
5.541833400726318,1790080614.2691624,,3426,,13.034465789794922,14380.482173986,10000.0,-41.00422668457031,,395.7201843261719,2.691879912295164,,1.0,0.9283608794212341,
5.7137908935546875,1790080618.4807756,,3427,,70.0411605834961,14384.5328688,10000.0,-41.736385345458984,,2268.6513671875,1.8104792288961467,,1.0,0.928159773349762,
5.743839263916016,1790080622.5314872,,3428,,3215.567138671875,14388.609511987,10000.0,-28.05862045288086,,118352.640625,1.7802587282467537,,1.0,0.9290032386779785,
5.601538181304932,1790080626.6081848,,3429,,4.803281784057617,14392.662510367,10000.0,-42.346351623535156,,136.8017120361328,2.9404542175847115,,1.0,0.9266505241394043,
5.06708288192749,1790080630.6611543,,3430,,1.749466896057129,14396.729911258,10000.0,-42.6928596496582,,46.68190383911133,2.3246269934989954,,1.0,0.9269806146621704,
5.604241847991943,1790080634.7286224,,3431,,2.4773006439208984,14400.797389036,10000.0,-42.96965026855469,,80.73387145996094,2.799827156685779,,1.0,0.9276144504547119,
5.503545761108398,1790080638.7960606,,3432,,1.543046236038208,14404.872104684,10000.0,-43.6656379699707,,35.52021026611328,2.904759551070307,,1.0,0.9281147718429565,
4.920333385467529,1790080642.8707604,,3433,,1.144942045211792,14409.067945993,10000.0,-43.3659553527832,,19.858980178833008,2.605580038179937,,1.0,0.9289950728416443,
4.5172648429870605,1790080647.0665836,,3434,,1.1738413572311401,14413.120017858,10000.0,-45.354583740234375,,22.996437072753906,2.203980054126236,,1.0,0.9266345500946045,
5.7354278564453125,1790080651.118666,,3435,,1.7717199325561523,14417.171059799,10000.0,-46.33347702026367,,45.301368713378906,2.5495703657381927,,1.0,0.9267494678497314,
5.509273529052734,1790080655.169726,,3436,,1.1508058309555054,14421.227628639,10000.0,-48.208194732666016,,19.340747833251953,2.1981200258982256,,1.0,0.9279453158378601,
5.889956474304199,1790080659.2263093,,3437,,1.1338181495666504,14425.291907383,10000.0,-48.9477424621582,,19.23133087158203,2.613607378035873,,1.0,0.9283879995346069,
5.484344005584717,1790080663.2905574,,3438,,2.037794351577759,14429.341677862,10000.0,-50.08982467651367,,48.04713439941406,2.2274915787785186,,1.0,0.9288321137428284,
4.925439834594727,1790080667.3403258,,3439,,27.141651153564453,14433.402654894,10000.0,-49.65323257446289,,914.37158203125,2.196746752677363,,1.0,0.9285768270492554,
4.442806720733643,1790080671.40123,,3440,,8.636086463928223,14437.47198221,10000.0,-51.63856506347656,,299.9185791015625,2.6085930521228398,,1.0,0.9288659691810608,
4.245995044708252,1790080675.4706094,,3441,,4.70576286315918,14441.660610849,10000.0,-52.56935119628906,,152.812744140625,2.1889442691874077,,1.0,0.9271883368492126,
5.6023640632629395,1790080679.6592457,,3442,,2.2126755714416504,14445.720225201,10000.0,-51.81052780151367,,61.67529296875,2.281921563296405,,1.0,0.9284880757331848,
5.360884189605713,1790080683.718902,,3443,,1.9189999103546143,14449.77638594,10000.0,-54.410430908203125,,50.722469329833984,2.8405238218835773,,1.0,0.9277091026306152,
4.625114917755127,1790080687.7750657,,3444,,1.5546901226043701,14453.81807057,10000.0,-54.900123596191406,,36.33871841430664,2.769951270279198,,1.0,0.9277631640434265,
4.894350051879883,1790080691.816731,,3445,,33.097103118896484,14457.877908023,10000.0,-56.10713195800781,,1089.9044189453125,1.9481656467370514,,1.0,0.9275916814804077,
5.3511643409729,1790080695.876536,,3446,,7.294086933135986,14461.930313525,10000.0,-56.90824890136719,,253.17556762695312,1.8725074634222831,,1.0,0.9265801310539246,
4.840088367462158,1790080699.9289765,,3447,,7.090963363647461,14466.1457607,10000.0,-57.36238098144531,,214.37823486328125,1.9931286862499837,,1.0,0.9269237518310547,
4.69249963760376,1790080704.144454,,3448,,3.4177515506744385,14470.221894996,10000.0,-57.624393463134766,,115.84097290039062,3.2142027460699945,,1.0,0.9278066754341125,
4.615302562713623,1790080708.2205374,,3449,,14.372413635253906,14474.263562139,10000.0,-57.50230026245117,,462.09515380859375,2.0129956982829316,,1.0,0.9277581572532654,
4.857966423034668,1790080712.262241,,3450,,11.002676963806152,14478.313831406,10000.0,-56.926998138427734,,574.89794921875,2.18155660080935,,1.0,0.9280123710632324,
4.489758491516113,1790080716.3125155,,3451,,1.1118539571762085,14482.358861763,10000.0,-59.61981964111328,,26.40646743774414,2.9350623465997314,,1.0,0.9283632636070251,
3.7960503101348877,1790080720.3575299,,3452,,1.717287540435791,14486.424831766,10000.0,-59.7119140625,,47.43662643432617,2.1548592769967176,,1.0,0.9271966814994812,
3.576692819595337,1790080724.4235168,,3453,,26.534276962280273,14490.471169532,10000.0,-44.48905944824219,,860.034912109375,2.276364318998057,,1.0,0.9266331195831299,
3.7631771564483643,1790080728.4698775,,3454,,1.2565691471099854,14494.538932748,10000.0,-61.7795524597168,,29.64392852783203,2.902322935790698,,1.0,0.9277190566062927,
3.852264404296875,1790080732.537586,,3455,,1.1980366706848145,14498.744702368,10000.0,-61.447227478027344,,27.327898025512695,2.34402450909184,,1.0,0.9266082048416138,
3.7012767791748047,1790080736.7433918,,3456,,1.9998273849487305,14502.793079369,10000.0,-61.42723083496094,,62.91233444213867,3.0803134964673458,,1.0,0.9298166632652283,
3.7663097381591797,1790080740.7916467,,3457,,1.1558209657669067,14506.856570292,10000.0,-61.94374465942383,,25.31424331665039,3.3538294085769396,,1.0,0.9268510937690735,
4.267691612243652,1790080744.8552496,,3458,,5.6514129638671875,14510.898327231,10000.0,-62.6941032409668,,205.9277801513672,2.6690544447555395,,1.0,0.9274840354919434,
4.343210697174072,1790080748.8970168,,3459,,1.3538157939910889,14514.963961902,10000.0,-61.37613296508789,,31.567079544067383,2.6016576275028234,,1.0,0.9289522767066956,
4.178725719451904,1790080752.9626133,,3460,,1.236985445022583,14519.004545115,10000.0,-62.327789306640625,,25.5316219329834,3.12572636389187,,1.0,0.9290286898612976,
4.100864410400391,1790080757.0032237,,3461,,1.1850929260253906,14523.058656086,10000.0,-63.953529357910156,,22.8077392578125,3.5612632082023006,,1.0,0.9265766739845276,
4.5031304359436035,1790080761.057329,,3462,,1.45774507522583,14527.250521636,10000.0,-64.73451232910156,,31.57378578186035,2.1647241552677423,,1.0,0.928109884262085,
4.65534782409668,1790080765.2492075,,3463,,1.1565107107162476,14531.317744052,10000.0,-64.0652847290039,,21.45989227294922,2.9460943082333504,,1.0,0.9290643334388733,
4.567115783691406,1790080769.3164122,,3464,,1.0799535512924194,14535.357430289,10000.0,-65.0674819946289,,19.442276000976562,3.2452759803809292,,1.0,0.9282687306404114,
4.6643147468566895,1790080773.35607,,3465,,1.267472743988037,14539.384192976,10000.0,-64.374267578125,,27.302595138549805,3.390069002489445,,1.0,0.9270445108413696,
4.451045036315918,1790080777.3828938,,3466,,1.259424090385437,14543.448879406,10000.0,-63.6812858581543,,25.401960372924805,2.758643146686621,,1.0,0.9269684553146362,
4.343909740447998,1790080781.4475694,,3467,,1.7089929580688477,14547.479481372,10000.0,-65.70328521728516,,34.28171920776367,2.2626019945807028,,1.0,0.927052915096283,
4.091037273406982,1790080785.4781706,,3468,,0.9408919811248779,14551.53117393,10000.0,-65.70266723632812,,9.995504379272461,2.701930810117901,,1.0,0.927008867263794,
4.104053020477295,1790080789.529852,,3469,,1.0730011463165283,14555.72629007,10000.0,-66.00878143310547,,11.547120094299316,2.0831859957122583,,1.0,0.9273724555969238,
4.277498722076416,1790080793.724931,,3470,,1.337101697921753,14559.784079755,10000.0,-66.52238464355469,,16.483182907104492,3.1606127885140762,,1.0,0.9268001317977905,
5.125669002532959,1790080797.7827675,,3471,,1.0183346271514893,14563.834207652,10000.0,-67.12047576904297,,7.69882345199585,3.1142989319105974,,1.0,0.9275761246681213,
5.221875190734863,1790080801.8328798,,3472,,0.973099946975708,14567.874332622,10000.0,-68.42961120605469,,6.0416259765625,3.615359241080181,,1.0,0.926496148109436,
5.730010986328125,1790080805.8730173,,3473,,0.8794999122619629,14571.93856968,10000.0,-68.78446197509766,,3.6386656761169434,2.7153984363584014,,1.0,0.9280918836593628,
6.032038688659668,1790080809.9372778,,3474,,0.8802266716957092,14575.97469653,10000.0,-69.4386978149414,,3.7386908531188965,3.3654859186101636,,1.0,0.9289242625236511,
5.836816787719727,1790080813.9733622,,3475,,0.88128262758255,14579.996207933,10000.0,-69.4865493774414,,3.3571152687072754,2.3160332577915717,,1.0,0.928575336933136,
6.199979305267334,1790080817.9948225,,3476,,0.8818563222885132,14584.177318195,10000.0,-69.23570251464844,,3.4872426986694336,2.9388391161381877,,1.0,0.9269821047782898,
6.1600236892700195,1790080822.1760175,,3477,,0.8760572671890259,14588.250473142,10000.0,-70.73112487792969,,3.4830455780029297,2.7321358264725406,,1.0,0.927582323551178,
6.209196090698242,1790080826.2491567,,3478,,0.8731738924980164,14592.279107735,10000.0,-69.33584594726562,,3.530250310897827,2.80916718621169,,1.0,0.9277564287185669,
5.866352081298828,1790080830.2777767,,3479,,0.8783199191093445,14596.329416402,10000.0,-69.91740417480469,,3.448927879333496,3.0376901824243143,,1.0,0.9292978644371033,
5.665180683135986,1790080834.3280828,,3480,,0.8717512488365173,14600.37331548,10000.0,-70.14030456542969,,3.2521677017211914,3.3363313529475036,,1.0,0.927520751953125,
5.78555965423584,1790080838.3719697,,3481,,0.8791593909263611,14604.398625269,10000.0,-69.48682403564453,,3.441328525543213,2.4210573417744916,,1.0,0.9273152351379395,
5.946284294128418,1790080842.3972514,,3482,,0.876064121723175,14608.422791468,10000.0,-69.91210174560547,,3.0739028453826904,2.9779409721400723,,1.0,0.9273784756660461,
5.802160263061523,1790080846.4214745,,3483,,0.8719820380210876,14612.634018553,10000.0,-70.55008697509766,,3.0064785480499268,3.1553756774914596,,1.0,0.9287886023521423,
6.388612270355225,1790080850.632691,,3484,,0.8661251664161682,14616.678805308,10000.0,-69.3492202758789,,2.846362352371216,2.805630062389071,,1.0,0.9260221719741821,
6.437484264373779,1790080854.677447,,3485,,0.8701484203338623,14620.670564956,10000.0,-70.16815948486328,,2.9067811965942383,3.361939164581858,,1.0,0.9270705580711365,
6.419743537902832,1790080858.669244,,3486,,0.8693721294403076,14624.686473379,10000.0,-69.2806167602539,,2.956127882003784,3.5301328009118618,,1.0,0.9269856810569763,
6.814488410949707,1790080862.6851578,,3487,,0.8687294721603394,14628.722921399,10000.0,-70.08609008789062,,2.7882046699523926,2.806006693312687,,1.0,0.9283089637756348,
6.785199165344238,1790080866.7215889,,3488,,0.8688722848892212,14632.771827113,10000.0,-69.36517333984375,,2.6002047061920166,2.725828799349995,,1.0,0.9279487729072571,
6.713520526885986,1790080870.770426,,3489,,0.8702488541603088,14636.814691303,10000.0,-69.58535766601562,,2.506587266921997,2.3614996349557758,,1.0,0.9284254312515259,
6.459766864776611,1790080874.813386,,3490,,0.86906898021698,14640.865382224,10000.0,-69.37513732910156,,2.562056303024292,2.7445541859280564,,1.0,0.9276058077812195,
6.589073657989502,1790080878.8640702,,3491,,0.8714293837547302,14645.066146876,10000.0,-69.41476440429688,,2.566523551940918,4.21398408370405,,1.0,0.9286997318267822,
6.814793109893799,1790080883.0648627,,3492,,0.8658831119537354,14649.105121002,10000.0,-68.94585418701172,,2.5456206798553467,2.6739770602655493,,1.0,0.9278638362884521,
6.357851982116699,1790080887.1038146,,3493,,0.8674613237380981,14653.152082116,10000.0,-68.79854583740234,,2.5564208030700684,3.346079139154801,,1.0,0.9282768368721008,
6.569406509399414,1790080891.1507766,,3494,,0.8658604621887207,14657.194212863,10000.0,-69.53868103027344,,2.523103952407837,2.7067980400914338,,1.0,0.9280704259872437,
6.566687107086182,1790080895.192892,,3495,,0.8673515915870667,14661.235114642,10000.0,-69.61235046386719,,2.5883378982543945,2.7367599425884443,,1.0,0.9276353716850281,
6.660023212432861,1790080899.2338264,,3496,,0.8691352009773254,14665.307935958,10000.0,-70.66592407226562,,2.411128282546997,2.6084783208595543,,1.0,0.9284709095954895,
6.622600555419922,1790080903.3065972,,3497,,0.8656302690505981,14669.332894896,10000.0,-68.05496215820312,,2.3848698139190674,2.9780172797946496,,1.0,0.9276111721992493,
6.650869846343994,1790080907.331553,,3498,,0.8688685894012451,14673.533874131,10000.0,-68.50785827636719,,2.386702537536621,3.339668338260409,,1.0,0.9287747144699097,
6.6428327560424805,1790080990.8401644,,3499,1.5909944509232046,0.8672667741775513,14754.438342227,10000.0,-69.3788070678711,0.1091774861987044,2.3864855766296387,2.9425322372248672,0.7724832892417908,1.0,0.9278854131698608,
,1790080992.4370053,0.5321667790412903,3500,,,14755.942192968,,,,,,,,,10000.0
,1790080993.940874,0.5308384895324707,3501,,,14757.453097932,,,,,,,,,10000.0
,1790080995.4517832,0.5315247774124146,3502,,,14758.961265976,,,,,,,,,10000.0
,1790080996.9600248,0.5294626355171204,3503,,,14760.616211751,,,,,,,,,10000.0
,1790080998.6149287,0.5307205319404602,3504,,,14762.131241572,,,,,,,,,10000.0
,1790081000.1300125,0.5300005674362183,3505,,,14763.637015696,,,,,,,,,10000.0
,1790081001.6357763,0.5271663069725037,3506,,,14765.143277326,,,,,,,,,10000.0
,1790081003.1420436,0.5313705205917358,3507,,,14766.645698016,,,,,,,,,10000.0
,1790081004.6444943,0.5269041061401367,3508,,,14768.146421777,,,,,,,,,10000.0
,1790081006.1451993,0.5278684496879578,3509,,,14769.667249335,,,,,,,,,10000.0
,1790081007.6660407,0.5300809144973755,3510,,,14771.16765511,,,,,,,,,10000.0
,1790081009.166314,0.5323392748832703,3511,,,14772.672380311,,,,,,,,,10000.0
,1790081010.6710775,0.5336704254150391,3512,,,14774.168326273,,,,,,,,,10000.0
,1790081012.167011,0.5291361808776855,3513,,,14775.671384875,,,,,,,,,10000.0
,1790081013.6701605,0.5378730297088623,3514,,,14777.312818085,,,,,,,,,10000.0
,1790081015.3115885,0.5386970043182373,3515,,,14778.816424767,,,,,,,,,10000.0
,1790081016.8151908,0.5386916995048523,3516,,,14780.322996075,,,,,,,,,10000.0
,1790081018.3217483,0.5377668142318726,3517,,,14781.825044622,,,,,,,,,10000.0
,1790081019.8238196,0.5399484634399414,3518,,,14783.336272832,,,,,,,,,10000.0
,1790081021.334999,0.5385501384735107,3519,,,14787.358224046,,,,,,,,,10000.0
6.267465591430664,1790081025.3568678,,3520,,0.8660994172096252,14791.539502637,10000.0,-69.74890899658203,,2.3425064086914062,3.3566651942510735,,1.0,0.9277182221412659,
6.554824352264404,1790081029.5381851,,3521,,0.8669887781143188,14795.564072604,10000.0,-69.20952606201172,,2.3868000507354736,2.827212474141638,,1.0,0.9267385005950928,
6.430991172790527,1790081033.5627527,,3522,,0.8628637194633484,14799.592405487,10000.0,-70.7951889038086,,2.3879597187042236,3.024860732024255,,1.0,0.9257552623748779,
6.43763542175293,1790081037.5910704,,3523,,0.862234354019165,14803.635586238,10000.0,-70.0802230834961,,2.354170322418213,2.478283716997449,,1.0,0.9274661540985107,
6.5363450050354,1790081041.634268,,3524,,0.8655809164047241,14807.644293284,10000.0,-70.32520294189453,,2.3305399417877197,3.010023692374087,,1.0,0.9289089441299438,
6.499014377593994,1790081045.6428936,,3525,,0.8648866415023804,14811.672490168,10000.0,-70.98564910888672,,2.33978009223938,2.336839340047415,,1.0,0.9271833896636963,
6.7816267013549805,1790081049.6711612,,3526,,0.8657265305519104,14815.732439031,10000.0,-71.40383911132812,,2.3005728721618652,4.039391449006215,,1.0,0.9277302622795105,
6.791460037231445,1790081053.731068,,3527,,0.8678060173988342,14819.895720385,10000.0,-72.05549621582031,,2.2840921878814697,2.998366639540923,,1.0,0.927875280380249,
7.05402946472168,1790081057.8943837,,3528,,0.8650391101837158,14823.933402748,10000.0,-72.7145767211914,,2.3029394149780273,2.554549647537376,,1.0,0.9276041388511658,
6.804705619812012,1790081061.9321356,,3529,,0.8671119809150696,14827.96107269,10000.0,-72.75653076171875,,2.2761993408203125,3.1638035436096437,,1.0,0.9264641404151917,
6.772147178649902,1790081065.9597383,,3530,,0.8668455481529236,14831.996942623,10000.0,-73.55693054199219,,2.2758140563964844,2.8531018111750517,,1.0,0.9296697378158569,
6.792412281036377,1790081069.995569,,3531,,0.8619967699050903,14836.028014502,10000.0,-73.83330535888672,,2.2555010318756104,2.725625965995277,,1.0,0.9278706908226013,
6.845010757446289,1790081074.026702,,3532,,0.8636051416397095,14840.057678361,10000.0,-73.44170379638672,,2.270089626312256,2.6507809927407977,,1.0,0.9263175129890442,
7.008264064788818,1790081078.0563536,,3533,,0.8664373159408569,14844.100861046,10000.0,-75.2021713256836,,2.251716136932373,2.2337254136331977,,1.0,0.9283687472343445,
7.262964248657227,1790081082.099536,,3534,,0.8645039200782776,14848.267308576,10000.0,-75.63337707519531,,2.2590630054473877,2.8675569517784343,,1.0,0.9291127920150757,
7.0000386238098145,1790081086.2659626,,3535,,0.8622753024101257,14852.317301507,10000.0,-76.98562622070312,,2.275681972503662,2.7234372504568487,,1.0,0.9263653755187988,
7.2260284423828125,1790081090.3159707,,3536,,0.8637215495109558,14856.341062626,10000.0,-75.8451919555664,,2.1830570697784424,3.493092713936612,,1.0,0.9279286861419678,
7.076472282409668,1790081094.3397357,,3537,,0.8649991750717163,14860.382891553,10000.0,-76.84769439697266,,2.181504726409912,2.416448033620123,,1.0,0.9283017516136169,
7.073306083679199,1790081098.381534,,3538,,0.8640859127044678,14864.398478669,10000.0,-76.78784942626953,,2.1287131309509277,2.2943591105094203,,1.0,0.9289664626121521,
7.058973789215088,1790081102.3971446,,3539,,0.8618037700653076,14868.435081293,10000.0,-77.7543716430664,,2.1837899684906006,2.858103453977043,,1.0,0.9277976751327515,
7.1702070236206055,1790081106.4336836,,3540,,0.8624199032783508,14872.46906846,10000.0,-77.33106231689453,,2.177337646484375,2.198522804061064,,1.0,0.9275861382484436,
7.395667552947998,1790081110.4677396,,3541,,0.8626881241798401,14876.506154959,10000.0,-75.11845397949219,,2.1717450618743896,2.5906428192962694,,1.0,0.9285119771957397,
7.124619007110596,1790081114.5047626,,3542,,0.8620509505271912,14880.680693968,10000.0,-75.88134002685547,,2.13205623626709,2.9279565173815465,,1.0,0.9286335110664368,
6.875659942626953,1790081118.6793323,,3543,,0.8614746332168579,14884.701699882,10000.0,-75.73580169677734,,2.206087589263916,2.256553995711043,,1.0,0.9258093237876892,
6.971383094787598,1790081122.7003992,,3544,,0.8604106307029724,14888.749835424,10000.0,-75.82015228271484,,2.1608235836029053,3.0065132348584425,,1.0,0.9264405965805054,
6.69614315032959,1790081126.7484212,,3545,,0.8595109581947327,14892.796643288,10000.0,-76.58477020263672,,2.165188789367676,3.3626453794745155,,1.0,0.9263882637023926,
6.769067764282227,1790081130.7952695,,3546,,0.8597233295440674,14896.823350714,10000.0,-77.25708770751953,,2.127061128616333,2.9678365704197986,,1.0,0.9265547394752502,
6.840815544128418,1790081134.822013,,3547,,0.8613831400871277,14900.842918584,10000.0,-76.61184692382812,,2.1641201972961426,3.0752888092184003,,1.0,0.9275553822517395,
7.091588973999023,1790081138.8416,,3548,,0.858975350856781,14904.878177278,10000.0,-77.50371551513672,,2.1360418796539307,2.3566370559737595,,1.0,0.9273186326026917,
7.144055366516113,1790081142.876868,,3549,,0.8600103259086609,14909.066847266,10000.0,-77.19953918457031,,2.1219451427459717,2.5457232752351255,,1.0,0.9274967312812805,
6.810575008392334,1790081147.0654774,,3550,,0.8599177598953247,14913.100541451,10000.0,-76.91659545898438,,2.1201043128967285,3.54832342373628,,1.0,0.9270276427268982,
6.945319175720215,1790081151.099215,,3551,,0.8609204888343811,14917.133969877,10000.0,-76.44343566894531,,2.1174590587615967,2.444468410300555,,1.0,0.9274371862411499,
7.1104936599731445,1790081155.1326632,,3552,,1.0774180889129639,14921.179121808,10000.0,-76.4369125366211,,6.9579758644104,2.6983454485420406,,1.0,0.928257167339325,
6.602985382080078,1790081159.177778,,3553,,0.8583279252052307,14925.203093793,10000.0,-75.88533020019531,,2.283189296722412,3.0303773277334587,,1.0,0.9275007843971252,
6.915453910827637,1790081163.2017856,,3554,,0.8764263391494751,14929.237454506,10000.0,-76.8391342163086,,2.675088882446289,2.5672705147074764,,1.0,0.9282354116439819,
6.833040237426758,1790081167.236139,,3555,,0.8653771281242371,14933.265850152,10000.0,-76.31156158447266,,2.540994882583618,2.566793358491134,,1.0,0.9282891154289246,
7.0360541343688965,1790081171.2645035,,3556,,0.8610880374908447,14937.435214612,10000.0,-77.06644439697266,,2.3512063026428223,3.020657151495547,,1.0,0.927599310874939,
7.428189754486084,1790081175.4338646,,3557,,0.8763811588287354,14941.461192798,10000.0,-76.62548828125,,2.652473211288452,2.350979382386089,,1.0,0.9274165630340576,
7.370308876037598,1790081179.4598274,,3558,,0.8608008623123169,14945.500516029,10000.0,-76.01020812988281,,2.250398635864258,3.2681426412923487,,1.0,0.9272428750991821,
7.440985202789307,1790081183.4992135,,3559,,0.8620699048042297,14949.509705781,10000.0,-76.24851989746094,,2.1539080142974854,2.6336362319426767,,1.0,0.9274608492851257,
7.400698184967041,1790081187.5083823,,3560,,0.8631932735443115,14953.545871022,10000.0,-76.57418823242188,,2.317869186401367,2.701944623786035,,1.0,0.9265032410621643,
7.43844747543335,1790081191.5445638,,3561,,0.8588043451309204,14957.571751384,10000.0,-76.90452575683594,,2.1530869007110596,2.869927686737144,,1.0,0.9273158311843872,
7.416218280792236,1790081195.570401,,3562,,0.863432765007019,14961.620983638,10000.0,-78.22941589355469,,2.1049137115478516,2.5710089809286316,,1.0,0.9297334551811218,
7.448780059814453,1790081199.6196694,,3563,,0.8650573492050171,14965.645362742,10000.0,-78.40461730957031,,2.2334868907928467,2.6139910301716305,,1.0,0.9272699952125549,
7.397012710571289,1790081203.6440487,,3564,,0.8607837557792664,14969.82218549,10000.0,-77.37594604492188,,2.2054407596588135,2.6218455805654526,,1.0,0.927379846572876,
7.384246826171875,1790081207.8208706,,3565,,0.8600555658340454,14973.87520281,10000.0,-77.60231018066406,,2.1795356273651123,3.0943533436717026,,1.0,0.9286915063858032,
7.283188343048096,1790081211.8739033,,3566,,0.8590977191925049,14977.901734543,10000.0,-76.70331573486328,,2.1535556316375732,2.951295015971936,,1.0,0.9280679225921631,
7.293848037719727,1790081215.9003794,,3567,,0.8582959771156311,14981.94583155,10000.0,-77.21507263183594,,2.152115821838379,2.5148218458217144,,1.0,0.9267562031745911,
7.605739593505859,1790081219.9445014,,3568,,0.8610588312149048,14985.960716912,10000.0,-77.8142318725586,,2.1033787727355957,2.5625485881426564,,1.0,0.926970362663269,
7.749197483062744,1790081223.9593942,,3569,,0.8580915927886963,14989.998577583,10000.0,-78.2652587890625,,2.1618878841400146,2.79201293099205,,1.0,0.9268675446510315,
7.5019450187683105,1790081227.9972227,,3570,,0.8622744679450989,14994.032304673,10000.0,-77.83560943603516,,2.2706055641174316,2.6160386887804465,,1.0,0.9274799823760986,
7.4873552322387695,1790081232.030977,,3571,,0.8588110208511353,14998.235212289,10000.0,-77.39098358154297,,2.014446258544922,2.749993083363031,,1.0,0.9298168420791626,
7.581776142120361,1790081236.2338805,,3572,,0.8590109348297119,15002.267501867,10000.0,-78.06632232666016,,1.950821042060852,4.53895731764753,,1.0,0.9267431497573853,
7.510531425476074,1790081240.2661622,,3573,,0.8562696576118469,15006.307870096,10000.0,-77.4714126586914,,1.9863979816436768,2.527141012396478,,1.0,0.9275686740875244,
7.6578521728515625,1790081244.3065488,,3574,,0.8563025593757629,15010.349508884,10000.0,-76.60688018798828,,1.9550278186798096,2.816631746835982,,1.0,0.928680419921875,
7.4310150146484375,1790081248.34817,,3575,,0.8554006218910217,15014.390310156,10000.0,-76.16304779052734,,1.9569270610809326,2.5318985004786967,,1.0,0.927298903465271,
7.50048828125,1790081252.3889859,,3576,,0.8555117845535278,15018.407599032,10000.0,-76.92323303222656,,1.9483370780944824,2.614164909028188,,1.0,0.9282400608062744,
7.2440714836120605,1790081256.4062724,,3577,,0.866676390171051,15022.437535265,10000.0,-76.32939147949219,,2.374533176422119,2.7027243331569943,,1.0,0.9278771281242371,
7.145944595336914,1790081260.4362054,,3578,,0.8563778400421143,15026.59876403,10000.0,-75.57051849365234,,2.2012405395507812,3.0278337454628894,,1.0,0.9271512627601624,
7.36796760559082,1790081264.597424,,3579,,0.8600144982337952,15030.616604527,10000.0,-74.1673812866211,,2.432325839996338,2.51459635593043,,1.0,0.9279569387435913,
7.444082260131836,1790081268.6152508,,3580,,0.8628188371658325,15034.656934368,10000.0,-75.04823303222656,,2.610697031021118,2.864329018718274,,1.0,0.9276142716407776,
7.154588222503662,1790081272.6556108,,3581,,0.8778237104415894,15038.673231265,10000.0,-75.96652221679688,,3.8740434646606445,2.663292912526784,,1.0,0.9271141886711121,
7.396834850311279,1790081276.671913,,3582,,0.864503026008606,15042.704879258,10000.0,-76.2259750366211,,3.0525712966918945,2.9086003944687713,,1.0,0.9280761480331421,
7.679932117462158,1790081280.7035499,,3583,,0.8512576818466187,15046.728902525,10000.0,-76.84683227539062,,2.9622061252593994,2.158010014450686,,1.0,0.9278300404548645,
8.082509994506836,1790081284.7275867,,3584,,0.8575561046600342,15050.774429984,10000.0,-77.41270446777344,,2.8386189937591553,3.1200542982710204,,1.0,0.9286359548568726,
8.206244468688965,1790081288.7730432,,3585,,0.8557474613189697,15054.836440923,10000.0,-76.33000183105469,,2.791551113128662,2.2273557671219266,,1.0,0.9275700449943542,
7.856759071350098,1790081292.8350947,,3586,,0.8608819842338562,15059.017211975,10000.0,-77.16421508789062,,2.867114305496216,3.1794462317365344,,1.0,0.9271319508552551,
7.492452621459961,1790081297.0158606,,3587,,0.8585479855537415,15063.062500324,10000.0,-78.3947525024414,,2.932478427886963,3.041480231319638,,1.0,0.9274570941925049,
7.6133904457092285,1790081301.0611508,,3588,,0.8558393716812134,15067.085059176,10000.0,-78.46224975585938,,2.6972005367279053,2.667064829017019,,1.0,0.9277817010879517,
8.046762466430664,1790081305.0837357,,3589,,0.8566147685050964,15071.138174065,10000.0,-76.94266510009766,,2.798281669616699,2.989551609108549,,1.0,0.9272844195365906,
8.172473907470703,1790081309.136818,,3590,,0.8574221730232239,15075.162604609,10000.0,-78.7413330078125,,2.6987476348876953,3.165697888351526,,1.0,0.9269300699234009,
8.004591941833496,1790081313.1612601,,3591,,0.8594979643821716,15079.156206032,10000.0,-78.26053619384766,,2.6834468841552734,2.22896498282783,,1.0,0.9278319478034973,
7.858882427215576,1790081317.1548743,,3592,,0.857918381690979,15083.184807451,10000.0,-77.4120101928711,,2.7385690212249756,2.7199846118751707,,1.0,0.9266301989555359,
7.879640102386475,1790081321.183462,,3593,,0.8744893670082092,15087.371576368,10000.0,-76.1779556274414,,3.3609468936920166,2.3963608136028762,,1.0,0.9277147054672241,
7.5577392578125,1790081325.3702452,,3594,,0.8819711208343506,15091.422957591,10000.0,-77.1868667602539,,3.4900057315826416,3.25342295927498,,1.0,0.9280337691307068,
7.5393147468566895,1790081329.4216323,,3595,,0.8567609190940857,15095.46375677,10000.0,-76.75775146484375,,2.9212186336517334,2.968304443879022,,1.0,0.926975429058075,
7.872030735015869,1790081333.4624143,,3596,,0.8666029572486877,15099.488473258,10000.0,-77.39601135253906,,3.1514956951141357,2.730641816638631,,1.0,0.9282305240631104,
7.9076128005981445,1790081337.4871137,,3597,,0.864216148853302,15103.537223232,10000.0,-76.7729263305664,,2.894789218902588,2.885132112363369,,1.0,0.9276187419891357,
7.82949161529541,1790081341.5358725,,3598,,0.8708245754241943,15107.56425207,10000.0,-77.54708862304688,,2.7223732471466064,2.9786639213991757,,1.0,0.9274322390556335,
8.008440971374512,1790081345.5629451,,3599,,0.8469732403755188,15111.607327397,10000.0,-77.75652313232422,,2.3795347213745117,2.1877487771298236,,1.0,0.9265806078910828,
7.726614952087402,1790081349.606018,,3600,,0.8638036251068115,15115.76715521,10000.0,-78.12716674804688,,2.545438289642334,1.9512382627927924,,1.0,0.9276643395423889,
7.548320770263672,1790081353.7658072,,3601,,0.8580284118652344,15119.819506823,10000.0,-79.32230377197266,,2.162571668624878,2.631288842366324,,1.0,0.9283447861671448,
7.069620132446289,1790081357.8181658,,3602,,0.8577163815498352,15123.837605067,10000.0,-78.0232162475586,,2.249405860900879,2.7686042342961237,,1.0,0.9264143109321594,
6.9981913566589355,1790081361.836255,,3603,,0.857506513595581,15127.893944652,10000.0,-79.05509948730469,,2.118995428085327,2.6774172155001295,,1.0,0.9281749725341797,
7.269631862640381,1790081365.8926384,,3604,,0.8618035912513733,15131.92058563,10000.0,-78.61742401123047,,2.189016342163086,2.9264319672227086,,1.0,0.9264793395996094,
7.097417831420898,1790081369.919269,,3605,,0.852061927318573,15135.963509193,10000.0,-78.42733764648438,,2.0262765884399414,2.352729818817326,,1.0,0.9275069236755371,
6.958679676055908,1790081373.9621701,,3606,,0.8559625148773193,15139.98988045,10000.0,-78.1055908203125,,2.102982997894287,2.569507589567304,,1.0,0.9274215698242188,
6.991662502288818,1790081377.9885597,,3607,,0.8585912585258484,15144.008655677,10000.0,-77.4649429321289,,2.008639097213745,2.9349729976979733,,1.0,0.9270237684249878,
7.157963275909424,1790081382.007301,,3608,,0.8623810410499573,15148.194430466,10000.0,-78.72470092773438,,2.2940635681152344,2.1878265669137686,,1.0,0.9295635223388672,
7.141943454742432,1790081386.1930969,,3609,,0.8596271276473999,15152.217019885,10000.0,-79.25157165527344,,2.055396795272827,2.327301541601286,,1.0,0.9276638031005859,
6.946019172668457,1790081390.2156944,,3610,,0.8593401312828064,15156.256910305,10000.0,-78.12646484375,,2.1082839965820312,3.1547996925395116,,1.0,0.9279899597167969,
6.7900590896606445,1790081394.2555654,,3611,,0.857607901096344,15160.2822036,10000.0,-79.5558090209961,,2.0526812076568604,2.5216022770885935,,1.0,0.9277080297470093,
7.116336822509766,1790081398.280869,,3612,,0.8565530180931091,15164.320612906,10000.0,-78.7986068725586,,2.086641788482666,2.731423234130168,,1.0,0.9258228540420532,
7.124842643737793,1790081402.3192804,,3613,,0.8569197654724121,15168.382407035,10000.0,-79.45206451416016,,1.8944035768508911,2.3612845513278615,,1.0,0.9276001453399658,
7.440006732940674,1790081406.3810809,,3614,,0.8562837839126587,15172.421186953,10000.0,-78.83587646484375,,1.9031765460968018,3.318568828555061,,1.0,0.9277664422988892,
7.484079360961914,1790081410.4198787,,3615,,0.857888400554657,15176.597124179,10000.0,-79.02839660644531,,1.8571217060089111,3.0647233065936104,,1.0,0.9291455149650574,
7.327983856201172,1790081414.5957885,,3616,,0.8533113598823547,15180.632754049,10000.0,-78.18293762207031,,1.8956331014633179,3.280469624311849,,1.0,0.9270498156547546,
7.339671611785889,1790081418.6314125,,3617,,0.8539189696311951,15184.661566101,10000.0,-77.74685668945312,,1.8857601881027222,2.6998684410603286,,1.0,0.9276373386383057,
7.101322650909424,1790081422.6602545,,3618,,0.8551012277603149,15188.710615433,10000.0,-77.94474792480469,,1.873010516166687,3.4344225280493195,,1.0,0.9289733171463013,
7.153552055358887,1790081426.7092903,,3619,,0.8522133827209473,15192.73575136,10000.0,-78.74908447265625,,1.8892558813095093,2.6365125296729097,,1.0,0.9272046685218811,
7.386963367462158,1790081430.734447,,3620,,0.8543910384178162,15196.773980736,10000.0,-78.82616424560547,,1.885075330734253,2.7217342461902323,,1.0,0.9268981218338013,
7.348424911499023,1790081434.77266,,3621,,0.8536510467529297,15200.814067779,10000.0,-79.50239562988281,,1.9018700122833252,2.502280808971376,,1.0,0.9269281029701233,
7.328194618225098,1790081438.8127637,,3622,,0.8490818738937378,15205.031035884,10000.0,-78.97554016113281,,1.9200330972671509,3.6389417683719465,,1.0,0.9257307648658752,
7.381528377532959,1790081443.0297139,,3623,,0.8520965576171875,15209.067350766,10000.0,-79.94129943847656,,1.8794535398483276,2.3573170586377308,,1.0,0.926513135433197,
7.525796890258789,1790081447.0660243,,3624,,0.8558313846588135,15213.09563126,10000.0,-80.3178482055664,,1.8512239456176758,2.4065422113826904,,1.0,0.9282643795013428,
7.394753456115723,1790081451.0942564,,3625,,0.8522083163261414,15217.122779363,10000.0,-81.8791275024414,,1.8724827766418457,2.8742440209825317,,1.0,0.9289934039115906,
7.556659698486328,1790081455.121416,,3626,,0.8567743897438049,15221.167703563,10000.0,-81.85165405273438,,1.8660218715667725,2.3666231015205255,,1.0,0.9278969764709473,
7.699052810668945,1790081459.1663764,,3627,,0.8536134362220764,15225.206502286,10000.0,-81.32542419433594,,1.882912278175354,2.3919224218846944,,1.0,0.9285299181938171,
7.49632453918457,1790081463.205188,,3628,,0.8543115854263306,15229.243907043,10000.0,-81.54263305664062,,1.8520501852035522,2.408352205020106,,1.0,0.9288419485092163,
7.5906081199646,1790081467.2425828,,3629,,0.8530850410461426,15233.272294438,10000.0,-82.32112121582031,,1.8915835618972778,2.862869526178333,,1.0,0.9277773499488831,
7.607870101928711,1790081471.2709363,,3630,,0.8522850871086121,15237.453169065,10000.0,-83.677490234375,,1.8803465366363525,2.2982645610248014,,1.0,0.9280725717544556,
7.524110317230225,1790081475.45186,,3631,,0.8519220948219299,15241.488111171,10000.0,-82.68726348876953,,1.8847174644470215,3.3357509567251284,,1.0,0.9275075793266296,
7.376355171203613,1790081479.4867861,,3632,,0.8505761027336121,15245.524559394,10000.0,-82.6283187866211,,1.9131289720535278,2.2652276682070496,,1.0,0.927253007888794,
7.603801250457764,1790081483.5232513,,3633,,0.8558249473571777,15249.543902345,10000.0,-84.1405258178711,,1.8903447389602661,1.9381832315698846,,1.0,0.9282144904136658,
7.434634208679199,1790081487.5425932,,3634,,0.856344997882843,15253.565716369,10000.0,-85.17782592773438,,1.8818813562393188,3.253489874125096,,1.0,0.9289432764053345,
7.348901748657227,1790081491.5643685,,3635,,0.8530502915382385,15257.60603555,10000.0,-82.22903442382812,,1.9190798997879028,3.0202203032037676,,1.0,0.9270597100257874,
7.221277236938477,1790081495.6047223,,3636,,0.8514379858970642,15261.649759613,10000.0,-81.9010238647461,,1.901318073272705,2.4583645554035294,,1.0,0.9273896813392639,
7.3547539710998535,1790081499.6484466,,3637,,0.8546234369277954,15265.850730017,10000.0,-83.33533477783203,,1.8595598936080933,2.646148176339747,,1.0,0.928397536277771,
7.287109851837158,1790081503.8494027,,3638,,0.8549619317054749,15269.879794715,10000.0,-83.07919311523438,,1.880859375,2.7657365394147315,,1.0,0.9278813004493713,
7.351690769195557,1790081507.878447,,3639,,0.8550546169281006,15273.928897046,10000.0,-82.76937866210938,,1.8799142837524414,3.5022832195286933,,1.0,0.9292654395103455,
7.328042030334473,1790081511.9275656,,3640,,0.8509791493415833,15277.964102351,10000.0,-82.62516784667969,,1.882051944732666,2.1258430804686737,,1.0,0.9281384944915771,
7.1981587409973145,1790081515.9627836,,3641,,0.8525829911231995,15282.002578771,10000.0,-82.75601196289062,,1.878230094909668,2.863775319143637,,1.0,0.9268701672554016,
7.411515712738037,1790081520.0012617,,3642,,0.8543648719787598,15286.055782874,10000.0,-82.18097686767578,,1.8875198364257812,2.4969187790499916,,1.0,0.9283226132392883,
7.2143683433532715,1790081524.0544515,,3643,,0.8536693453788757,15290.084256857,10000.0,-81.71139526367188,,1.8565374612808228,2.6411398445447207,,1.0,0.9286015033721924,
7.227095127105713,1790081528.0829363,,3644,,0.8518021106719971,15294.28762892,10000.0,-81.65731811523438,,1.8831346035003662,3.6073305839809895,,1.0,0.9287303686141968,
7.134573936462402,1790081532.2863019,,3645,,0.8520867228507996,15298.337182872,10000.0,-82.66722869873047,,1.8789465427398682,2.523368101012699,,1.0,0.9275445342063904,
7.268040657043457,1790081536.3358505,,3646,,0.8539619445800781,15302.376084913,10000.0,-80.610595703125,,1.8612269163131714,2.3824761680384117,,1.0,0.9271492958068848,
7.434215545654297,1790081540.3747463,,3647,,0.8531973958015442,15306.404879107,10000.0,-80.02639770507812,,1.8744330406188965,2.750729483022457,,1.0,0.9267220497131348,
7.419443130493164,1790081544.4035592,,3648,,0.8520771861076355,15310.451358369,10000.0,-79.7884750366211,,1.9061439037322998,2.63698503789031,,1.0,0.9273700714111328,
7.395596504211426,1790081548.450055,,3649,,0.8505925536155701,15314.490096181,10000.0,-80.20708465576172,,1.902634620666504,2.4201391065550273,,1.0,0.926534116268158,
7.203962326049805,1790081552.4887536,,3650,,0.8532134294509888,15318.536670357,10000.0,-80.08605194091797,,1.8646087646484375,2.884866147723256,,1.0,0.9281638264656067,
7.207778453826904,1790081556.5353544,,3651,,0.852308988571167,15322.587083819,10000.0,-79.88264465332031,,1.8921594619750977,2.993673319227595,,1.0,0.926889181137085,
7.0193986892700195,1790081560.5857062,,3652,,0.8517963886260986,15326.758075434,10000.0,-79.39689636230469,,1.932511329650879,3.993567923059601,,1.0,0.927367627620697,
7.027650356292725,1790081564.7567194,,3653,,0.851215660572052,15330.794791144,10000.0,-80.11187744140625,,1.8964338302612305,3.029358949362641,,1.0,0.9271346926689148,
6.876988410949707,1790081568.7934518,,3654,,0.8529946804046631,15334.833190743,10000.0,-79.56452941894531,,1.8673820495605469,3.4111814626621717,,1.0,0.9288408160209656,
7.025444507598877,1790081572.831854,,3655,,0.8541019558906555,15338.85962807,10000.0,-79.35371398925781,,1.8944109678268433,2.256387808536673,,1.0,0.9273649454116821,
6.893794536590576,1790081576.8582723,,3656,,0.8545046448707581,15342.897365916,10000.0,-80.24980163574219,,1.863742470741272,2.8140611021845925,,1.0,0.9278004169464111,
7.068756103515625,1790081580.8960266,,3657,,0.8512911200523376,15346.935458802,10000.0,-79.57709503173828,,1.889624834060669,2.679694740277771,,1.0,0.9275499582290649,
6.985121250152588,1790081584.9341092,,3658,,0.8522120118141174,15350.973857033,10000.0,-79.73507690429688,,1.8861100673675537,2.8540625070518524,,1.0,0.9274358153343201,
6.832399845123291,1790081588.9725394,,3659,,0.8539210557937622,15355.164753568,10000.0,-79.73776245117188,,1.8697772026062012,2.9773245083332784,,1.0,0.9281953573226929,
6.677145481109619,1790081593.1633844,,3660,,0.8500409126281738,15359.197842437,10000.0,-81.52174377441406,,1.878381609916687,3.5859148351458088,,1.0,0.9264001250267029,
6.668432235717773,1790081597.196521,,3661,,0.8486505746841431,15363.244374568,10000.0,-79.99417877197266,,1.878098726272583,3.2191122146099236,,1.0,0.927003026008606,
6.634305477142334,1790081601.2430308,,3662,,0.8535441756248474,15367.274140087,10000.0,-80.1166763305664,,1.8750267028808594,3.2515603884998887,,1.0,0.9279123544692993,
6.546899795532227,1790081605.2728302,,3663,,0.8506805300712585,15371.320158455,10000.0,-79.61862182617188,,1.8547537326812744,2.6597889754460597,,1.0,0.9281017184257507,
6.886472225189209,1790081609.318804,,3664,,0.8524815440177917,15375.352268248,10000.0,-79.50996398925781,,1.84159255027771,2.8332170574747195,,1.0,0.928244411945343,
7.070353984832764,1790081613.3509374,,3665,,0.8508502244949341,15379.396835615,10000.0,-80.62753295898438,,1.8588078022003174,3.070388554558939,,1.0,0.9262840151786804,
6.903718948364258,1790081617.3955047,,3666,,0.8507677316665649,15383.583748868,10000.0,-79.22773742675781,,1.8842471837997437,2.160007809013895,,1.0,0.9267776608467102,
6.7289533615112305,1790081621.5823853,,3667,,0.8545646071434021,15387.653700403,10000.0,-80.6495132446289,,1.8810129165649414,2.593605703675462,,1.0,0.9280324578285217,
6.7275848388671875,1790081625.6523085,,3668,,0.8526859879493713,15391.673101637,10000.0,-80.79533386230469,,1.8836208581924438,2.672334791529308,,1.0,0.9275259971618652,
6.817173004150391,1790081629.6717722,,3669,,0.8515564799308777,15395.740053565,10000.0,-80.5283203125,,1.8690882921218872,3.3718247192600987,,1.0,0.9284173846244812,
6.841371536254883,1790081633.7387352,,3670,,0.8498031497001648,15399.81299119,10000.0,-82.167724609375,,1.8722758293151855,2.80906300901297,,1.0,0.9278100728988647,
6.799130439758301,1790081637.8116734,,3671,,0.8497084975242615,15403.847369585,10000.0,-79.87741088867188,,1.8729115724563599,2.8315606176888517,,1.0,0.9265086650848389,
6.660019397735596,1790081641.846039,,3672,,0.8501943349838257,15407.889901176,10000.0,-79.58942413330078,,1.862949252128601,2.5374508720546465,,1.0,0.9253400564193726,
6.848601818084717,1790081645.8885734,,3673,,0.8518714904785156,15411.918421285,10000.0,-80.5285415649414,,1.8824135065078735,2.4178291252932462,,1.0,0.926638126373291,
6.790778160095215,1790081649.9171255,,3674,,0.851676881313324,15416.10444621,10000.0,-81.2869873046875,,1.8755663633346558,2.4817293528374407,,1.0,0.927268385887146,
6.92783260345459,1790081654.1030679,,3675,,0.8502919673919678,15420.141029268,10000.0,-81.25627136230469,,1.8833013772964478,2.630631541717019,,1.0,0.9282193183898926,
7.24639892578125,1790081658.139658,,3676,,0.8494850993156433,15424.152468272,10000.0,-80.12407684326172,,1.8504114151000977,3.3135504410669276,,1.0,0.9274414777755737,
7.326148509979248,1790081662.15116,,3677,,0.8526319861412048,15428.173477274,10000.0,-80.55023193359375,,1.846893310546875,2.644180102331542,,1.0,0.9277856349945068,
7.2527008056640625,1790081666.1721358,,3678,,0.8508960604667664,15432.226359942,10000.0,-80.12144470214844,,1.8437319993972778,2.6086928998354635,,1.0,0.9277359247207642,
7.220171928405762,1790081670.2250023,,3679,,0.8479475378990173,15436.252460971,10000.0,-80.15377807617188,,1.8637865781784058,2.702268334040746,,1.0,0.9257951378822327,
7.357982158660889,1790081674.2511487,,3680,,0.8500409126281738,15440.294097192,10000.0,-81.54766082763672,,1.8633034229278564,3.4173422651758503,,1.0,0.9284629821777344,
7.354775428771973,1790081678.2927785,,3681,,0.8517262935638428,15444.460043453,10000.0,-80.85710144042969,,1.8613697290420532,3.236805036648196,,1.0,0.9272341728210449,
7.429647445678711,1790081682.4586933,,3682,,0.8503440618515015,15448.493050291,10000.0,-82.48119354248047,,1.8886715173721313,3.4281692009906912,,1.0,0.9261971116065979,
7.441807746887207,1790081686.4916623,,3683,,0.8535826802253723,15452.530696269,10000.0,-81.49279022216797,,1.8336615562438965,2.424098441329473,,1.0,0.928724467754364,
7.169293403625488,1790081690.5293493,,3684,,0.8530864119529724,15456.531452127,10000.0,-81.3467025756836,,1.8664413690567017,2.5929828063645064,,1.0,0.9280226826667786,
7.3148393630981445,1790081694.5301263,,3685,,0.8527669310569763,15460.57273074,10000.0,-81.2221908569336,,1.8646458387374878,2.3352224618026023,,1.0,0.9282795190811157,
7.362482070922852,1790081698.5713859,,3686,,0.851817786693573,15464.601033781,10000.0,-81.51017761230469,,1.8534862995147705,3.612083109558537,,1.0,0.9279710650444031,
7.152620792388916,1790081702.5997179,,3687,,0.8482630252838135,15468.64724899,10000.0,-82.72123718261719,,1.8753973245620728,2.1635476473986532,,1.0,0.9281581044197083,
7.648352146148682,1790081706.645916,,3688,,0.8515718579292297,15472.817757094,10000.0,-82.41722869873047,,1.8263429403305054,2.843826463187275,,1.0,0.9284711480140686,
7.539276599884033,1790081710.816395,,3689,,0.8502580523490906,15476.850969666,10000.0,-83.06291961669922,,1.8735058307647705,2.699896486589989,,1.0,0.9273872375488281,
7.370273590087891,1790081714.8496213,,3690,,0.8490369319915771,15480.898971459,10000.0,-81.15644836425781,,1.8408546447753906,2.1768773080772617,,1.0,0.9267352223396301,
7.639366626739502,1790081718.8976254,,3691,,0.8528069257736206,15484.929600203,10000.0,-82.4205551147461,,1.8108744621276855,2.66896224740499,,1.0,0.9297874569892883,
7.8341898918151855,1790081722.928262,,3692,,0.8491884469985962,15488.972444879,10000.0,-82.1557388305664,,1.849189281463623,2.6916149965889984,,1.0,0.9270936846733093,
7.379884243011475,1790081726.9711277,,3693,,0.8550175428390503,15493.011991479,10000.0,-82.17967987060547,,1.8871574401855469,2.8588323678231964,,1.0,0.9275792837142944,
7.5572099685668945,1790081731.0106306,,3694,,0.855509877204895,15497.053960586,10000.0,-82.18923950195312,,1.8378335237503052,3.490081410422578,,1.0,0.9270341396331787,
7.399881362915039,1790081735.0526216,,3695,,0.8541896343231201,15501.234966256,10000.0,-83.60216522216797,,1.8214612007141113,2.4615095659520443,,1.0,0.927976131439209,
7.672153949737549,1790081739.2336154,,3696,,0.8522074222564697,15505.27902391,10000.0,-81.13597869873047,,1.8818755149841309,2.6861644843362034,,1.0,0.9271565079689026,
7.616611480712891,1790081743.2777023,,3697,,0.8532641530036926,15509.291894152,10000.0,-81.3434066772461,,1.8647339344024658,2.2238803614415166,,1.0,0.927001416683197,
7.775766372680664,1790081747.2905486,,3698,,0.8519192337989807,15513.292971671,10000.0,-82.70152282714844,,1.8743373155593872,2.3957100335675463,,1.0,0.9282240271568298,
7.550564765930176,1790081751.2915819,,3699,,0.8506922721862793,15517.358366649,10000.0,-82.13520812988281,,1.8969513177871704,2.4320516064909783,,1.0,0.9269683361053467,
7.731314659118652,1790081755.3570242,,3700,,0.8524196743965149,15521.446498332,10000.0,-81.24496459960938,,1.8663374185562134,2.3250561058559986,,1.0,0.9282479286193848,
7.603470325469971,1790081759.4451249,,3701,,0.8510152697563171,15525.492513092,10000.0,-82.90153503417969,,1.9062429666519165,2.922406221368466,,1.0,0.9262823462486267,
7.687525749206543,1790081763.4911637,,3702,,0.8521213531494141,15529.672777758,10000.0,-81.74939727783203,,1.870612621307373,2.4927268855626816,,1.0,0.9274482131004333,
7.811661243438721,1790081767.671447,,3703,,0.8522369861602783,15533.713687574,10000.0,-81.85279083251953,,1.8709053993225098,3.2109505976290404,,1.0,0.9268374443054199,
7.763929843902588,1790081771.7123134,,3704,,0.8509159088134766,15537.741391599,10000.0,-82.56015014648438,,1.850389838218689,3.1976909154113367,,1.0,0.9280288219451904,
7.794855117797852,1790081775.7400362,,3705,,0.8485429286956787,15541.791825882,10000.0,-80.51506042480469,,1.8635118007659912,3.0465171587215103,,1.0,0.9281262755393982,
7.987997055053711,1790081779.7904773,,3706,,0.848132848739624,15545.846895225,10000.0,-81.88239288330078,,1.8773120641708374,2.4844992979280613,,1.0,0.9269178509712219,
7.702200889587402,1790081783.8455634,,3707,,0.847297191619873,15549.875774852,10000.0,-83.86651611328125,,1.8718347549438477,2.636112056155963,,1.0,0.9274412393569946,
7.759783744812012,1790081787.874434,,3708,,0.8503530025482178,15553.914768495,10000.0,-84.2340316772461,,1.8840261697769165,3.3650205947190037,,1.0,0.9279178380966187,
7.527952194213867,1790081791.913429,,3709,,0.8511722087860107,15557.945012596,10000.0,-83.34504699707031,,1.845750093460083,2.540036163723527,,1.0,0.9274250268936157,
7.678301811218262,1790081795.9436197,,3710,,0.8525030016899109,15562.136757314,10000.0,-84.2657241821289,,1.8763132095336914,2.553437059066357,,1.0,0.9276710748672485,
7.476720809936523,1790081800.1354032,,3711,,0.8507093787193298,15566.162878235,10000.0,-85.07728576660156,,1.8792346715927124,2.7475155216564784,,1.0,0.9275332689285278,
7.2212018966674805,1790081804.161494,,3712,,0.8496435284614563,15570.212270626,10000.0,-85.79203033447266,,1.8799607753753662,2.152395738230953,,1.0,0.9281044602394104,
6.946710586547852,1790081808.210955,,3713,,0.8511478900909424,15574.235365003,10000.0,-84.78483581542969,,1.8809382915496826,3.3011764941521755,,1.0,0.9284000992774963,
7.010737419128418,1790081812.2340639,,3714,,0.8480439782142639,15578.258716229,10000.0,-85.55862426757812,,1.8878544569015503,2.6232089577052085,,1.0,0.9272903203964233,
6.740054130554199,1790081816.2573533,,3715,,0.8511723875999451,15582.296642351,10000.0,-84.06314086914062,,1.8633754253387451,2.2927621579616133,,1.0,0.926947832107544,
6.8518452644348145,1790081820.2953022,,3716,,0.8473295569419861,15586.333890478,10000.0,-84.54290771484375,,1.8633265495300293,2.4395934491569933,,1.0,0.9269441962242126,
6.961015224456787,1790081824.3325648,,3717,,0.8503649234771729,15590.492790191,10000.0,-84.52794647216797,,1.8492060899734497,2.8352075606767566,,1.0,0.928514301776886,
7.079411506652832,1790081828.4914627,,3718,,0.848924458026886,15594.494630462,10000.0,-83.52771759033203,,1.8598154783248901,2.7683812358059674,,1.0,0.9282424449920654,
6.846846103668213,1790081911.8681505,,3719,0.3003008596663793,0.8488957285881042,15675.449367126,10000.0,-84.08622741699219,0.013138885302803292,1.8190045356750488,2.589234145053538,0.5581825971603394,1.0,0.9269528985023499,
,1790081913.4480603,0.536471426486969,3720,,,15676.963130475,,,,,,,,,10000.0
,1790081914.9618342,0.5331615209579468,3721,,,15678.464026927,,,,,,,,,10000.0
,1790081916.462668,0.5361986756324768,3722,,,15680.150288905,,,,,,,,,10000.0
,1790081918.1489956,0.5314093828201294,3723,,,15681.659322605,,,,,,,,,10000.0
,1790081919.6579983,0.534691572189331,3724,,,15683.172972453,,,,,,,,,10000.0
,1790081921.1717331,0.5327112674713135,3725,,,15684.690473275,,,,,,,,,10000.0
,1790081922.6890693,0.5308830738067627,3726,,,15686.207896651,,,,,,,,,10000.0
,1790081924.2066417,0.5258538722991943,3727,,,15687.72022621,,,,,,,,,10000.0
,1790081925.7189684,0.531907856464386,3728,,,15689.24291151,,,,,,,,,10000.0
,1790081927.24168,0.5288416743278503,3729,,,15690.777413652,,,,,,,,,10000.0
,1790081928.776189,0.5303977131843567,3730,,,15692.290533559,,,,,,,,,10000.0
,1790081930.2892685,0.5284278988838196,3731,,,15693.788219441,,,,,,,,,10000.0
,1790081931.7870023,0.5237222909927368,3732,,,15695.286668707,,,,,,,,,10000.0
,1790081933.2854295,0.5232537388801575,3733,,,15697.012833703,,,,,,,,,10000.0
,1790081935.0115452,0.5245406627655029,3734,,,15698.51118791,,,,,,,,,10000.0
,1790081936.5098774,0.5237077474594116,3735,,,15700.020889591,,,,,,,,,10000.0
,1790081938.0195704,0.5199134349822998,3736,,,15701.535378632,,,,,,,,,10000.0
,1790081939.5340602,0.5220686793327332,3737,,,15703.040957765,,,,,,,,,10000.0
,1790081941.0397375,0.521299421787262,3738,,,15704.5535876,,,,,,,,,10000.0
,1790081942.5523555,0.5180516242980957,3739,,,15708.713571468,,,,,,,,,10000.0
6.887938976287842,1790081946.7122,,3740,,0.8498778343200684,15712.756668085,10000.0,-83.91162109375,,1.8342283964157104,3.082251457219367,,1.0,0.9270808696746826,
7.075503349304199,1790081950.7553256,,3741,,0.8522493839263916,15716.825629985,10000.0,-83.37782287597656,,1.828525185585022,3.080294299580503,,1.0,0.9280427694320679,
7.132974624633789,1790081954.824266,,3742,,0.8501033186912537,15720.876714581,10000.0,-83.61351776123047,,1.8362640142440796,3.8534939982822705,,1.0,0.9267947673797607,
6.889960765838623,1790081958.8753495,,3743,,0.8480331897735596,15724.902981891,10000.0,-83.6705551147461,,1.8313772678375244,2.8057535886992087,,1.0,0.9276970028877258,
6.959060192108154,1790081962.9016027,,3744,,0.8498590588569641,15728.906469328,10000.0,-81.59705352783203,,1.8376423120498657,2.3656563913939554,,1.0,0.9294252991676331,
6.872291088104248,1790081966.9051068,,3745,,0.8502183556556702,15732.945269847,10000.0,-80.5224838256836,,1.8485718965530396,2.7383472230041255,,1.0,0.926957905292511,
6.54532527923584,1790081970.943913,,3746,,0.8489096164703369,15737.09457203,10000.0,-81.01412200927734,,1.8510468006134033,3.391300311277344,,1.0,0.9275338649749756,
6.703089714050293,1790081975.0932214,,3747,,0.851474940776825,15741.111663105,10000.0,-82.103759765625,,1.8371784687042236,2.2120844413639564,,1.0,0.9276676774024963,
6.515011787414551,1790081979.1103349,,3748,,0.8489341139793396,15745.147794792,10000.0,-82.582763671875,,1.8363896608352661,3.014113605664842,,1.0,0.9295127987861633,
6.3986334800720215,1790081983.1464517,,3749,,0.8495497703552246,15749.163141252,10000.0,-81.25379943847656,,1.882460355758667,2.438233914109111,,1.0,0.9279035329818726,
6.568346977233887,1790081987.161806,,3750,,0.8513079881668091,15753.165102641,10000.0,-82.05841827392578,,1.8368679285049438,3.711306953980696,,1.0,0.9285198450088501,
6.6505560874938965,1790081991.163768,,3751,,0.850155234336853,15757.19066036,10000.0,-84.14945983886719,,1.8701940774917603,1.9246329907883988,,1.0,0.9260802268981934,
6.721803665161133,1790081995.189323,,3752,,0.8527014255523682,15761.226201367,10000.0,-85.29991149902344,,1.8607999086380005,2.8896169009517507,,1.0,0.9262273907661438,
6.88886833190918,1790081999.2248595,,3753,,0.848462700843811,15765.416399877,10000.0,-84.96759033203125,,1.8903939723968506,2.8646354653920385,,1.0,0.9267047643661499,
7.078096389770508,1790082003.414875,,3754,,0.848285973072052,15769.453427441,10000.0,-86.73922729492188,,1.8613920211791992,2.4525827214171096,,1.0,0.9279096722602844,
7.121840953826904,1790082007.4521124,,3755,,0.8481050729751587,15773.485415338,10000.0,-86.4979019165039,,1.867185354232788,3.977367989293179,,1.0,0.9272490739822388,
6.9838762283325195,1790082011.4840763,,3756,,0.8491818904876709,15777.500479318,10000.0,-85.91051483154297,,1.8879679441452026,2.5922253661106716,,1.0,0.9272595047950745,
7.0819807052612305,1790082015.4991422,,3757,,0.8494608998298645,15781.518889526,10000.0,-85.64558410644531,,1.8796768188476562,2.0534253505293583,,1.0,0.9262727499008179,
6.939304351806641,1790082019.5175426,,3758,,0.8497181534767151,15785.549169508,10000.0,-86.7786636352539,,1.8640114068984985,2.587278459803745,,1.0,0.9279534816741943,
6.886166572570801,1790082023.5478506,,3759,,0.850425124168396,15789.58469071,10000.0,-85.6977310180664,,1.841830849647522,2.588627614111487,,1.0,0.9276716709136963,
7.1085638999938965,1790082027.5833435,,3760,,0.8500373959541321,15793.763060777,10000.0,-83.79017639160156,,1.832106351852417,2.4427246678676484,,1.0,0.927401602268219,
6.902845859527588,1790082031.7616723,,3761,,0.8495401740074158,15797.783162553,10000.0,-84.94277954101562,,1.8393245935440063,2.5173763178729964,,1.0,0.9278430342674255,
7.407119274139404,1790082035.7817848,,3762,,0.8511284589767456,15801.819070317,10000.0,-85.53553009033203,,1.8799556493759155,2.1880042164469145,,1.0,0.9279436469078064,
7.189671516418457,1790082039.81773,,3763,,0.8521091938018799,15805.882721869,10000.0,-85.27105712890625,,1.8526184558868408,2.6835213414829933,,1.0,0.9283117055892944,
7.095754623413086,1790082043.881337,,3764,,0.8516232371330261,15809.941104477,10000.0,-84.947265625,,1.8430436849594116,2.837179922165168,,1.0,0.9284302592277527,
7.147590160369873,1790082047.9397728,,3765,,0.8533439636230469,15813.980750984,10000.0,-85.66886901855469,,1.8444082736968994,2.7032402390523784,,1.0,0.9269869327545166,
7.558964729309082,1790082051.9794128,,3766,,0.8533638715744019,15818.013134355,10000.0,-85.62796020507812,,1.8546072244644165,2.406749847159268,,1.0,0.9284880757331848,
7.341555118560791,1790082056.0118284,,3767,,0.8540295362472534,15822.047709796,10000.0,-85.19678497314453,,1.8519896268844604,2.210138352285412,,1.0,0.9282292127609253,
7.026355743408203,1790082060.0463798,,3768,,0.8541701436042786,15826.234868052,10000.0,-83.65640258789062,,1.8788987398147583,2.1015082001552132,,1.0,0.9283819794654846,
6.995431423187256,1790082064.2335393,,3769,,0.8520663380622864,15830.272151188,10000.0,-83.25947570800781,,1.8776917457580566,2.6601294673771205,,1.0,0.9277763366699219,
7.319019794464111,1790082068.270845,,3770,,0.8537370562553406,15834.28836049,10000.0,-83.49494934082031,,1.8592926263809204,2.423187385229806,,1.0,0.9284951686859131,
7.160223484039307,1790082072.2870438,,3771,,0.8527510166168213,15838.323801509,10000.0,-81.67096710205078,,1.875253438949585,2.6633620347756195,,1.0,0.929151177406311,
7.338559150695801,1790082076.3224716,,3772,,0.8522162437438965,15842.34950511,10000.0,-81.63790893554688,,1.8943378925323486,2.6613366157080685,,1.0,0.9281543493270874,
7.188910007476807,1790082080.348186,,3773,,0.8494703769683838,15846.364492566,10000.0,-82.20448303222656,,1.9028249979019165,2.9113581564617683,,1.0,0.9260475039482117,
7.307087421417236,1790082084.363162,,3774,,0.8534913659095764,15850.399648944,10000.0,-82.42745971679688,,1.8853648900985718,3.4284980066085295,,1.0,0.9275428652763367,
7.393983364105225,1790082088.3983045,,3775,,0.8506163954734802,15854.562633127,10000.0,-81.62654113769531,,1.9222902059555054,2.933292904053504,,1.0,0.9267629981040955,
7.1301350593566895,1790082092.5612226,,3776,,0.8527583479881287,15858.595853063,10000.0,-81.74111938476562,,1.878329873085022,2.5134396323380255,,1.0,0.9290719032287598,
7.361030101776123,1790082096.5945163,,3777,,0.8536208271980286,15862.606798254,10000.0,-82.17453002929688,,1.8914047479629517,2.199228771239409,,1.0,0.9281851053237915,
7.402514457702637,1790082100.6054273,,3778,,0.8482744097709656,15866.61608159,10000.0,-82.78286743164062,,1.9161738157272339,4.366374483078406,,1.0,0.926594078540802,
7.261261463165283,1790082104.6147225,,3779,,0.8533632755279541,15870.647453149,10000.0,-84.2633285522461,,1.8798643350601196,3.03492996729081,,1.0,0.9279116988182068,
7.192594528198242,1790082108.6460898,,3780,,0.8518652319908142,15874.655949991,10000.0,-81.01593017578125,,1.879330039024353,2.9909669151692557,,1.0,0.9283079504966736,
7.348100185394287,1790082112.6546993,,3781,,0.8489049673080444,15878.677319475,10000.0,-82.70889282226562,,1.916959524154663,2.5585478095329313,,1.0,0.9263874888420105,
7.515952110290527,1790082116.6759253,,3782,,0.8517805337905884,15882.888693074,10000.0,-82.61444091796875,,1.870672583580017,2.978694346049344,,1.0,0.9273269176483154,
7.136467456817627,1790082120.8873029,,3783,,0.8494560718536377,15886.905535012,10000.0,-83.51805877685547,,1.8822513818740845,2.714925438936236,,1.0,0.9266417622566223,
6.9720892906188965,1790082124.904188,,3784,,0.8535107970237732,15890.914786181,10000.0,-83.0436782836914,,1.8534258604049683,2.4510841458726937,,1.0,0.9276902675628662,
7.105701446533203,1790082128.9134843,,3785,,0.8524237871170044,15894.930088793,10000.0,-83.82791900634766,,1.8567640781402588,2.764623022643618,,1.0,0.9271635413169861,
7.016145706176758,1790082132.9287596,,3786,,0.8478527069091797,15898.989175635,10000.0,-83.58025360107422,,1.8773868083953857,2.5762062174933833,,1.0,0.9269934296607971,
6.860492706298828,1790082136.9878337,,3787,,0.8541460633277893,15903.074937969,10000.0,-84.28529357910156,,1.8480972051620483,2.490807699420016,,1.0,0.9284318685531616,
7.166970252990723,1790082141.0735385,,3788,,0.8506033420562744,15907.118755626,10000.0,-83.81303405761719,,1.8603440523147583,3.9421390686372724,,1.0,0.9277281761169434,
6.905545711517334,1790082145.1173673,,3789,,0.850853681564331,15911.284435453,10000.0,-82.94302368164062,,1.8623276948928833,3.534739329550913,,1.0,0.9269204139709473,
6.688217639923096,1790082149.2830317,,3790,,0.8497301340103149,15915.298925999,10000.0,-83.04496765136719,,1.879732370376587,2.095373803616461,,1.0,0.9276038408279419,
6.862858295440674,1790082153.2975836,,3791,,0.853867769241333,15919.332980786,10000.0,-82.4005355834961,,1.8435218334197998,3.105249604950921,,1.0,0.9274329543113708,
6.847775459289551,1790082157.3316665,,3792,,0.8495813012123108,15923.345320176,10000.0,-82.11407470703125,,1.8491761684417725,2.8580381618305988,,1.0,0.9278784394264221,
6.768845081329346,1790082161.3439775,,3793,,0.8506845831871033,15927.362052751,10000.0,-81.66124725341797,,1.8399910926818848,2.6911071427962834,,1.0,0.9272748827934265,
6.788791656494141,1790082165.3607242,,3794,,0.8498088717460632,15931.377473142,10000.0,-83.58480834960938,,1.8371354341506958,2.5430316573731973,,1.0,0.9283823370933533,
6.939824104309082,1790082169.3761265,,3795,,0.8480684161186218,15935.408437553,10000.0,-84.10614013671875,,1.8481210470199585,3.3433268848434294,,1.0,0.9279017448425293,
6.789699554443359,1790082173.407104,,3796,,0.8491960167884827,15939.573780455,10000.0,-83.10272216796875,,1.8528865575790405,2.963342445954766,,1.0,0.9279735088348389,
6.7545576095581055,1790082177.5724251,,3797,,0.8507448434829712,15943.580735456,10000.0,-84.3500747680664,,1.8258320093154907,2.8394522750612916,,1.0,0.927095353603363,
6.721280574798584,1790082181.5793755,,3798,,0.8457849621772766,15947.591166872,10000.0,-84.94287109375,,1.8483015298843384,2.203074752140477,,1.0,0.9270800948143005,
6.804729461669922,1790082185.5898345,,3799,,0.8458713293075562,15951.605700999,10000.0,-84.93692016601562,,1.8174095153808594,3.241726298121075,,1.0,0.9275667071342468,
6.923168182373047,1790082189.6044538,,3800,,0.8456829786300659,15955.627025788,10000.0,-85.23887634277344,,1.8305491209030151,2.4411801991852635,,1.0,0.9275744557380676,
6.740482807159424,1790082193.6256979,,3801,,0.8467579483985901,15959.666477895,10000.0,-84.7829360961914,,1.828025460243225,2.6859103753202485,,1.0,0.9270415306091309,
6.899274826049805,1790082197.665146,,3802,,0.8459841012954712,15963.683780842,10000.0,-83.72920227050781,,1.8540587425231934,2.923339099180081,,1.0,0.9275368452072144,
6.717645645141602,1790082201.6824446,,3803,,0.8476733565330505,15967.706696574,10000.0,-84.41070556640625,,1.845921277999878,3.8349960114008876,,1.0,0.9280755519866943,
6.937007904052734,1790082205.705374,,3804,,0.8495175242424011,15971.950045179,10000.0,-84.79115295410156,,1.8699334859848022,2.8149218666416966,,1.0,0.9274338483810425,
6.913769721984863,1790082209.9486775,,3805,,0.8540787696838379,15975.965557265,10000.0,-83.69248962402344,,1.8932133913040161,2.3363107276018837,,1.0,0.9272100329399109,
6.26870584487915,1790082213.9642274,,3806,,0.8485701084136963,15980.021850264,10000.0,-82.9821548461914,,1.8729805946350098,2.6103740298124873,,1.0,0.92633455991745,
6.612777233123779,1790082218.0205064,,3807,,0.8488532304763794,15984.050767937,10000.0,-82.99198150634766,,1.8390883207321167,2.8493486873725304,,1.0,0.9283995628356934,
6.531370639801025,1790082222.0494435,,3808,,0.8509899973869324,15988.067077663,10000.0,-83.60897827148438,,1.8731660842895508,2.371218722134656,,1.0,0.9267550706863403,
6.461573600769043,1790082226.065744,,3809,,0.8478925824165344,15992.125242952,10000.0,-84.20503997802734,,1.8451335430145264,2.4324540590031707,,1.0,0.9279692769050598,
6.598268032073975,1790082230.1238632,,3810,,0.8530734777450562,15996.18550213,10000.0,-83.87792205810547,,1.847090482711792,2.1073216461760604,,1.0,0.9273721575737,
6.497615814208984,1790082234.184204,,3811,,0.8522118330001831,16000.434029176,10000.0,-84.45176696777344,,1.848178744316101,2.493496274241729,,1.0,0.9274451732635498,
6.575244903564453,1790082238.4326751,,3812,,0.8508996367454529,16004.492851699,10000.0,-83.07499694824219,,1.8457598686218262,2.1969144708452015,,1.0,0.9275320172309875,
6.67659854888916,1790082242.4914994,,3813,,0.8508999347686768,16008.569839236,10000.0,-84.32952880859375,,1.8285658359527588,2.957695118021379,,1.0,0.9277026653289795,
6.763674736022949,1790082246.5684235,,3814,,0.8518379926681519,16012.639065395,10000.0,-83.9086685180664,,1.8602385520935059,2.9933958153895395,,1.0,0.9262058138847351,
6.894275665283203,1790082250.6377213,,3815,,0.848154604434967,16016.706659504,10000.0,-84.33317565917969,,1.8270535469055176,2.44355639470512,,1.0,0.9282867312431335,
7.084331512451172,1790082254.705295,,3816,,0.8483920097351074,16020.749400192,10000.0,-82.2552261352539,,1.8002712726593018,2.7880923920141503,,1.0,0.9292433261871338,
7.25828742980957,1790082258.7480485,,3817,,0.8496767282485962,16024.809691935,10000.0,-86.46235656738281,,1.8272747993469238,3.306387448483767,,1.0,0.9272588491439819,
7.1013689041137695,1790082262.8083582,,3818,,0.8512504696846008,16029.031989608,10000.0,-86.29121398925781,,1.8332480192184448,3.313015309716486,,1.0,0.9283013343811035,
7.279500961303711,1790082267.0306363,,3819,,0.850877583026886,16033.108863034,10000.0,-85.243408203125,,1.828047513961792,2.374282525027039,,1.0,0.9272615909576416,
7.406409740447998,1790082271.1074805,,3820,,0.8511749505996704,16037.186034473,10000.0,-86.69070434570312,,1.8426556587219238,2.7354439973793427,,1.0,0.9270578622817993,
7.321070671081543,1790082275.1846955,,3821,,0.8520323038101196,16041.248549013,10000.0,-87.09339904785156,,1.8467541933059692,2.400912695696614,,1.0,0.9271757006645203,
7.446699619293213,1790082279.2472222,,3822,,0.8516175150871277,16045.329981891,10000.0,-86.58399200439453,,1.846946358680725,3.1807529235451204,,1.0,0.9273806810379028,
7.258306503295898,1790082283.3286347,,3823,,0.848753035068512,16049.400955014,10000.0,-85.84943389892578,,1.865358591079712,2.520841743184665,,1.0,0.9274201989173889,
7.072686672210693,1790082287.3995986,,3824,,0.8511869311332703,16053.452878205,10000.0,-85.56183624267578,,1.8473777770996094,2.642790059012285,,1.0,0.9279590845108032,
7.15838623046875,1790082291.4515343,,3825,,0.8461750149726868,16057.664862208,10000.0,-87.0285873413086,,1.8646000623703003,2.6331720762949318,,1.0,0.927077054977417,
7.5927886962890625,1790082295.6633782,,3826,,0.8480026125907898,16061.73356878,10000.0,-87.11663818359375,,1.8432374000549316,4.112636283848581,,1.0,0.9272173047065735,
7.580207347869873,1790082299.7322211,,3827,,0.8487194180488586,16065.799320085,10000.0,-87.381103515625,,1.8229970932006836,2.893853855324899,,1.0,0.9282385110855103,
7.463490009307861,1790082303.7979517,,3828,,0.8516050577163696,16069.875758055,10000.0,-86.11698150634766,,1.841420292854309,2.391041924643781,,1.0,0.9287540316581726,
7.236166477203369,1790082307.87443,,3829,,0.844092607498169,16073.945150048,10000.0,-87.13395690917969,,1.872554898262024,3.510034823297282,,1.0,0.9252946972846985,
7.12165641784668,1790082311.9438012,,3830,,0.8480036854743958,16078.006354011,10000.0,-87.9345474243164,,1.835107684135437,2.578164302226492,,1.0,0.9282406568527222,
7.188109874725342,1790082316.0050378,,3831,,0.8468778133392334,16082.090854708,10000.0,-88.7897720336914,,1.8416037559509277,2.9019147207245037,,1.0,0.9273070693016052,
7.455488681793213,1790082320.0895522,,3832,,0.8466442823410034,16086.303395719,10000.0,-87.43177795410156,,1.8644349575042725,2.23001199224068,,1.0,0.9276426434516907,
7.355996131896973,1790082324.3020246,,3833,,0.8524237871170044,16090.374733341,10000.0,-87.97161102294922,,1.8492801189422607,3.141553991220108,,1.0,0.9276649951934814,
7.370598316192627,1790082328.3734298,,3834,,0.8510721325874329,16094.442051999,10000.0,-86.2995834350586,,1.8449081182479858,2.1024577478267226,,1.0,0.9284899830818176,
7.27395486831665,1790082332.4406924,,3835,,0.8471511602401733,16098.49823531,10000.0,-87.45396423339844,,1.871852159500122,3.0531012305287235,,1.0,0.9276545643806458,
7.4373579025268555,1790082336.4969232,,3836,,0.8493860363960266,16102.577896996,10000.0,-86.77935791015625,,1.819252371788025,3.6030339217555256,,1.0,0.927361011505127,
7.559840679168701,1790082340.576624,,3837,,0.8481203317642212,16106.646632436,10000.0,-86.95618438720703,,1.8425648212432861,3.3585506163975762,,1.0,0.9280974864959717,
7.439274311065674,1790082344.6452756,,3838,,0.8512117862701416,16110.701842766,10000.0,-86.80601501464844,,1.8351609706878662,2.931896603676204,,1.0,0.9275934100151062,
7.395517349243164,1790082348.700518,,3839,,0.8532685041427612,16114.791396688,10000.0,-85.99444580078125,,1.8394441604614258,2.821384790282431,,1.0,0.9286929368972778,
7.509700298309326,1790082352.7900712,,3840,,0.8486066460609436,16119.012803164,10000.0,-85.8901138305664,,1.8471430540084839,2.880173212546713,,1.0,0.9280534982681274,
7.259674549102783,1790082357.011439,,3841,,0.8468785285949707,16123.06416727,10000.0,-88.21084594726562,,1.8153413534164429,2.418800563882998,,1.0,0.9272990226745605,
7.166292190551758,1790082361.0628335,,3842,,0.8484150171279907,16127.134696191,10000.0,-86.06455993652344,,1.8263767957687378,2.5025751644576215,,1.0,0.9284965991973877,
7.328146457672119,1790082365.133339,,3843,,0.844248354434967,16131.209001454,10000.0,-87.06641387939453,,1.8286194801330566,2.890467024033404,,1.0,0.927681565284729,
7.128032207489014,1790082369.207655,,3844,,0.8513569831848145,16135.248565937,10000.0,-86.56805419921875,,1.8077937364578247,2.39810169450004,,1.0,0.9282573461532593,
7.095661640167236,1790082373.2472255,,3845,,0.8492482900619507,16139.320364795,10000.0,-86.50337982177734,,1.8267812728881836,3.374435025229689,,1.0,0.9274049997329712,
6.951805591583252,1790082377.319021,,3846,,0.8497843146324158,16143.501354791,10000.0,-84.37362670898438,,1.8190155029296875,2.7161127409389936,,1.0,0.9289842247962952,
6.765344142913818,1790082381.4999993,,3847,,0.8507553339004517,16147.555444259,10000.0,-85.7965316772461,,1.814958930015564,2.7194249184813817,,1.0,0.9280059933662415,
6.7496657371521,1790082385.5541277,,3848,,0.8471023440361023,16151.614904241,10000.0,-85.97408294677734,,1.8286482095718384,2.0311657142502484,,1.0,0.9275945425033569,
7.040383815765381,1790082389.6135387,,3849,,0.8470233082771301,16155.648279702,10000.0,-86.84573364257812,,1.8529483079910278,3.0670730990382955,,1.0,0.9269601702690125,
7.152197360992432,1790082393.6469376,,3850,,0.847672700881958,16159.671503329,10000.0,-87.6843032836914,,1.8563765287399292,2.7021850377303616,,1.0,0.9265455603599548,
7.287298202514648,1790082397.6701844,,3851,,0.8470661044120789,16163.700836471,10000.0,-87.17636108398438,,1.8387809991836548,2.4789600190183707,,1.0,0.9276747107505798,
7.2500901222229,1790082401.6994827,,3852,,0.8496315479278564,16167.762690719,10000.0,-87.8519515991211,,1.8539094924926758,2.9054718593255533,,1.0,0.9274976849555969,
7.163844585418701,1790082405.7613425,,3853,,0.8481112718582153,16171.820527398,10000.0,-90.10917663574219,,1.839595079421997,3.484319816453659,,1.0,0.9278167486190796,
7.269937038421631,1790082409.8191726,,3854,,0.8512828946113586,16175.993701232,10000.0,-90.90386962890625,,1.8228851556777954,3.095229109164401,,1.0,0.9274394512176514,
7.260612964630127,1790082413.9923637,,3855,,0.8488659858703613,16180.043646946,10000.0,-87.99891662597656,,1.8631644248962402,2.854389873905848,,1.0,0.9279601573944092,
7.191254138946533,1790082418.0421994,,3856,,0.845924437046051,16184.083784936,10000.0,-86.1527328491211,,1.8866490125656128,2.790780797685231,,1.0,0.926426112651825,
7.298106670379639,1790082422.082423,,3857,,0.8508030772209167,16188.151965131,10000.0,-86.4549331665039,,1.8552653789520264,2.840631016061231,,1.0,0.9281238317489624,
7.150698184967041,1790082426.150623,,3858,,0.8505937457084656,16192.173665483,10000.0,-87.4573745727539,,1.8615919351577759,2.1811412588366164,,1.0,0.9283775091171265,
6.9892578125,1790082430.1719823,,3859,,0.8495805859565735,16196.212184424,10000.0,-86.64862060546875,,1.8538141250610352,2.9780554763683753,,1.0,0.9276268482208252,
7.084257125854492,1790082434.2108247,,3860,,0.8485385179519653,16200.263269449,10000.0,-86.56201934814453,,1.8963085412979126,2.3531686120876523,,1.0,0.9272440075874329,
7.131547451019287,1790082438.2619371,,3861,,0.8503448367118835,16204.448957982,10000.0,-85.85816192626953,,1.8815815448760986,2.931374579389148,,1.0,0.9279529452323914,
6.944300651550293,1790082442.4476318,,3862,,0.8500422835350037,16208.503970115,10000.0,-86.35888671875,,1.8614460229873657,3.787782535196328,,1.0,0.927802324295044,
6.734813213348389,1790082446.5026307,,3863,,0.851096510887146,16212.53963097,10000.0,-88.04956817626953,,1.833978295326233,2.0599606952156138,,1.0,0.928147554397583,
6.694375514984131,1790082450.538254,,3864,,0.8510736227035522,16216.6061199,10000.0,-88.07258605957031,,1.85178804397583,2.321671430336237,,1.0,0.9285104274749756,
6.990175724029541,1790082454.6047816,,3865,,0.851452648639679,16220.658868234,10000.0,-86.91635131835938,,1.856530785560608,3.270504489485962,,1.0,0.9275109767913818,
7.114979267120361,1790082458.65753,,3866,,0.8470079898834229,16224.724729988,10000.0,-85.83757781982422,,1.8363189697265625,3.380696215710282,,1.0,0.9272809028625488,
7.051668167114258,1790082462.7233737,,3867,,0.8516977429389954,16228.797295016,10000.0,-87.27853393554688,,1.852243185043335,2.410689265907046,,1.0,0.9278908371925354,
6.95249080657959,1790082466.795943,,3868,,0.8511728048324585,16233.030762076,10000.0,-89.85536193847656,,1.8904534578323364,2.3690165423006477,,1.0,0.9267507791519165,
6.6951823234558105,1790082471.0294015,,3869,,0.8502867817878723,16237.075267741,10000.0,-90.17223358154297,,1.8451732397079468,2.6984999119527386,,1.0,0.9270122051239014,
6.362608432769775,1790082475.0739467,,3870,,0.8499906063079834,16241.126994379,10000.0,-89.67868041992188,,1.8533657789230347,2.3414243600338054,,1.0,0.9286438226699829,
6.406469821929932,1790082479.1256492,,3871,,0.8504917621612549,16245.176874961,10000.0,-90.00572967529297,,1.8296316862106323,2.6123235769628583,,1.0,0.9272419214248657,
6.6193976402282715,1790082483.175532,,3872,,0.8509518504142761,16249.245888264,10000.0,-89.76941680908203,,1.884962797164917,3.6876607177470735,,1.0,0.9264639019966125,
6.3529486656188965,1790082487.244628,,3873,,0.8504829406738281,16253.31762585,10000.0,-88.79837036132812,,1.861893653869629,2.7000518075364686,,1.0,0.9280032515525818,
6.2419328689575195,1790082491.3162665,,3874,,0.8513147830963135,16257.380273244,10000.0,-90.50083923339844,,1.8141453266143799,2.4387603978083923,,1.0,0.9275360107421875,
6.37148380279541,1790082495.3788872,,3875,,0.8520199060440063,16261.637714738,10000.0,-88.52771759033203,,1.823209524154663,2.3294816116473664,,1.0,0.9275408387184143,
6.353205680847168,1790082499.6363604,,3876,,0.8504738807678223,16265.725475141,10000.0,-90.46247100830078,,1.822513222694397,2.9887738485030457,,1.0,0.9280439019203186,
6.771617889404297,1790082503.7241573,,3877,,0.8495940566062927,16269.794138695,10000.0,-92.23450469970703,,1.831689715385437,2.5679475801839184,,1.0,0.9268789887428284,
6.603703022003174,1790082507.7927835,,3878,,0.8481516242027283,16273.890001717,10000.0,-90.7260513305664,,1.833465576171875,2.834328586077587,,1.0,0.9270561337471008,
6.565752029418945,1790082511.8885705,,3879,,0.8505821228027344,16277.956282477,10000.0,-89.4200210571289,,1.8263942003250122,2.4154729129310386,,1.0,0.9264833331108093,
6.669589996337891,1790082515.954938,,3880,,0.8525660634040833,16282.067262928,10000.0,-89.31684875488281,,1.8616024255752563,2.4304183564382833,,1.0,0.9280409216880798,
6.485876083374023,1790082520.0659344,,3881,,0.8499277234077454,16286.162949979,10000.0,-89.04150390625,,1.8471794128417969,2.4210282366477753,,1.0,0.9274051785469055,
6.4024577140808105,1790082524.1616166,,3882,,0.8474831581115723,16290.385575189,10000.0,-89.20894622802734,,1.848039984703064,2.672308105085691,,1.0,0.9287139177322388,
6.487359523773193,1790082528.384234,,3883,,0.8522999286651611,16294.460717561,10000.0,-88.414794921875,,1.8608405590057373,3.0068044337336657,,1.0,0.9286125898361206,
6.741228103637695,1790082532.4593873,,3884,,0.8513425588607788,16298.524970234,10000.0,-89.11564636230469,,1.8310785293579102,2.6237325235198896,,1.0,0.928236186504364,
6.611825942993164,1790082536.523629,,3885,,0.8463398218154907,16302.578011421,10000.0,-90.39999389648438,,1.8509804010391235,3.564940592012557,,1.0,0.9265937805175781,
6.453202724456787,1790082540.57666,,3886,,0.8440927863121033,16306.652019193,10000.0,-89.11032104492188,,1.8752031326293945,2.3859455659217406,,1.0,0.9263638854026794,
6.740391254425049,1790082544.6506283,,3887,,0.8526559472084045,16310.716498936,10000.0,-89.45514678955078,,1.8079639673233032,2.801505444514712,,1.0,0.9287784099578857,
6.6867876052856445,1790082548.7148166,,3888,,0.847709596157074,16314.798675591,10000.0,-89.725341796875,,1.8674277067184448,3.547873607242522,,1.0,0.9270600080490112,
7.080202579498291,1790082552.7973194,,3889,,0.8492114543914795,16318.8822019,10000.0,-88.37980651855469,,1.840830683708191,2.7669557673398355,,1.0,0.926774263381958,
6.935155868530273,1790082556.8808734,,3890,,0.8514305353164673,16323.083378386,10000.0,-87.85337829589844,,1.8930885791778564,3.1207039535405046,,1.0,0.9280226230621338,
6.765081882476807,1790082561.082029,,3891,,0.8527663946151733,16327.160439567,10000.0,-88.21014404296875,,1.8513362407684326,2.3002949261528216,,1.0,0.9281647205352783,
7.37802791595459,1790082565.1591034,,3892,,0.8501710295677185,16331.221828463,10000.0,-86.29592895507812,,1.871454119682312,2.375980541846479,,1.0,0.9266210198402405,
7.4965667724609375,1790082569.2204819,,3893,,0.8522891998291016,16335.303418244,10000.0,-87.9691390991211,,1.8670659065246582,2.8978679216303194,,1.0,0.9281904697418213,
7.251917839050293,1790082573.3020318,,3894,,0.8502088189125061,16339.3548458,10000.0,-85.92218780517578,,1.8747074604034424,3.292815193182338,,1.0,0.9276583790779114,
7.328603744506836,1790082577.3534658,,3895,,0.8497599959373474,16343.423719633,10000.0,-85.55094909667969,,1.8819507360458374,2.605431601112126,,1.0,0.9276735782623291,
7.217779636383057,1790082581.4223404,,3896,,0.8496848344802856,16347.48574265,10000.0,-86.13135528564453,,1.8672393560409546,2.7058848570306964,,1.0,0.9275079369544983,
7.054423809051514,1790082585.4843912,,3897,,0.8517537713050842,16351.701337825,10000.0,-86.85899353027344,,1.8649497032165527,2.6882077022426674,,1.0,0.928088366985321,
6.95181941986084,1790082589.6999602,,3898,,0.8526269793510437,16355.762269752,10000.0,-86.29046630859375,,1.8824223279953003,2.7015172158347074,,1.0,0.927915096282959,
7.161264419555664,1790082593.7609863,,3899,,0.8483067154884338,16359.834743791,10000.0,-87.52954864501953,,1.8627067804336548,3.3448027548289696,,1.0,0.9277189373970032,
7.410208225250244,1790082597.8334422,,3900,,0.8509590029716492,16363.927824813,10000.0,-87.97025299072266,,1.8704077005386353,2.618850273300256,,1.0,0.9254453778266907,
7.535345077514648,1790082601.9264948,,3901,,0.8490666747093201,16367.980079672,10000.0,-86.58611297607422,,1.839208960533142,2.9858919999375,,1.0,0.9273779988288879,
7.354367733001709,1790082605.978745,,3902,,0.8485413193702698,16372.057396989,10000.0,-87.38945007324219,,1.8469529151916504,2.987878826406338,,1.0,0.9281207323074341,
7.499093055725098,1790082610.0560856,,3903,,0.8501129150390625,16376.130168199,10000.0,-89.63581085205078,,1.8472920656204224,2.834822800687601,,1.0,0.9276024699211121,
7.394774913787842,1790082614.1288517,,3904,,0.8502557277679443,16380.347129348,10000.0,-88.5364761352539,,1.8539001941680908,2.6146260988158088,,1.0,0.928001344203949,
7.473361015319824,1790082618.3458111,,3905,,0.8506438732147217,16384.424737246,10000.0,-89.8337631225586,,1.8378019332885742,2.0077113492674314,,1.0,0.927236795425415,
6.955632209777832,1790082622.4233584,,3906,,0.8522583842277527,16388.480030465,10000.0,-89.48108673095703,,1.885215401649475,2.752149869849352,,1.0,0.9265199303627014,
6.928457260131836,1790082626.4786599,,3907,,0.8523167371749878,16392.562129142,10000.0,-90.00090789794922,,1.8352984189987183,2.0413382485362,,1.0,0.9282901883125305,
7.190662384033203,1790082630.5607462,,3908,,0.8535640239715576,16396.633549045,10000.0,-87.72649383544922,,1.785783052444458,3.1207083680413605,,1.0,0.9282147288322449,
7.454199314117432,1790082634.6322064,,3909,,0.8503576517105103,16400.692671557,10000.0,-90.25853729248047,,1.815747857093811,2.5176434698745385,,1.0,0.9271506667137146,
7.147495746612549,1790082638.6913338,,3910,,0.8521878719329834,16404.780201974,10000.0,-86.7767562866211,,1.8929603099822998,3.4272486108940146,,1.0,0.9278767108917236,
6.836544990539551,1790082642.7788484,,3911,,0.8497008681297302,16408.987849697,10000.0,-88.34264373779297,,1.8491657972335815,2.5589305692814017,,1.0,0.9263904690742493,
6.953325271606445,1790082646.9864936,,3912,,0.8475858569145203,16413.052203157,10000.0,-85.7839584350586,,1.8329702615737915,2.9065147527901973,,1.0,0.9268836975097656,
7.372229099273682,1790082651.0508318,,3913,,0.8478477001190186,16417.114520912,10000.0,-87.26244354248047,,1.8364959955215454,2.133549025498144,,1.0,0.9274618029594421,
7.459562301635742,1790082655.1131806,,3914,,0.8479624390602112,16421.17868968,10000.0,-86.2995376586914,,1.854190468788147,3.2360713439409916,,1.0,0.9268441796302795,
7.547815322875977,1790082659.1773372,,3915,,0.8485204577445984,16425.242202235,10000.0,-88.39666748046875,,1.8088061809539795,2.699667687155638,,1.0,0.9277132153511047,
7.696955680847168,1790082663.2408783,,3916,,0.8487551808357239,16429.313483705,10000.0,-87.07860565185547,,1.8511533737182617,2.7252072288763136,,1.0,0.9286462664604187,
7.656109809875488,1790082667.3121781,,3917,,0.8486610651016235,16433.375327459,10000.0,-86.88378143310547,,1.8577238321304321,3.9100733627698685,,1.0,0.9269048571586609,
7.813497543334961,1790082671.3739715,,3918,,0.8521350026130676,16437.56246814,10000.0,-87.46163940429688,,1.8639976978302002,3.1170381677682006,,1.0,0.927297830581665,
7.685680389404297,1790082675.5611007,,3919,,0.8525075316429138,16441.616724702,10000.0,-87.23834228515625,,1.8396644592285156,2.6694025966049453,,1.0,0.9283551573753357,
7.7599053382873535,1790082679.6153703,,3920,,0.851489782333374,16445.654909082,10000.0,-86.92596435546875,,1.841372013092041,3.0538146157359276,,1.0,0.9284623861312866,
7.6423797607421875,1790082683.6535764,,3921,,0.8506044745445251,16449.714732903,10000.0,-88.79307556152344,,1.8546149730682373,2.1899896059488997,,1.0,0.927661120891571,
7.487300872802734,1790082687.7134092,,3922,,0.8504571318626404,16453.761719538,10000.0,-88.77598571777344,,1.8511593341827393,3.4671054703666235,,1.0,0.9278703927993774,
7.28464412689209,1790082691.7604115,,3923,,0.8459388017654419,16457.761329556,10000.0,-88.86168670654297,,1.8787715435028076,2.9901726416231256,,1.0,0.9263085722923279,
7.422670841217041,1790082695.7599933,,3924,,0.8488426804542542,16461.797358352,10000.0,-89.76057434082031,,1.8354934453964233,2.7490090676220955,,1.0,0.9282234907150269,
7.654152870178223,1790082699.7960386,,3925,,0.8476322889328003,16465.824937491,10000.0,-90.9931640625,,1.8417161703109741,2.003071408045379,,1.0,0.9287706017494202,
8.539998054504395,1790082703.8236017,,3926,,0.8503401875495911,16469.969319101,10000.0,-89.90567016601562,,1.8664239645004272,2.270771804668371,,1.0,0.9266034960746765,
8.61863899230957,1790082707.9679837,,3927,,0.8502036333084106,16473.977609793,10000.0,-90.46511840820312,,1.8477675914764404,3.6577489132970205,,1.0,0.9280490279197693,
8.181049346923828,1790082711.9762754,,3928,,0.8468853831291199,16477.968452371,10000.0,-90.01815795898438,,1.873341679573059,2.702171999538124,,1.0,0.9269474744796753,
8.05217170715332,1790082715.967094,,3929,,0.8515804409980774,16481.974679771,10000.0,-92.08150482177734,,1.8070189952850342,2.7992834947376273,,1.0,0.9288998246192932,
7.986789703369141,1790082719.9733076,,3930,,0.8484641313552856,16485.984458248,10000.0,-91.24239349365234,,1.841820240020752,2.5208938256707465,,1.0,0.9266018867492676,
8.025367736816406,1790082723.9830925,,3931,,0.8516021966934204,16490.01778302,10000.0,-91.27046203613281,,1.8432838916778564,2.2117570300142986,,1.0,0.9276096224784851,
7.7400803565979,1790082728.0165303,,3932,,0.8506743907928467,16494.047398682,10000.0,-90.9267578125,,1.8387744426727295,2.7010074677738816,,1.0,0.9277182817459106,
7.840033531188965,1790082732.046048,,3933,,0.8497235774993896,16498.242578806,10000.0,-89.9285659790039,,1.8150218725204468,2.445654154424671,,1.0,0.9277783036231995,
7.999271869659424,1790082736.2412052,,3934,,0.8511685729026794,16502.284022053,10000.0,-88.62225341796875,,1.8445745706558228,2.355592733036378,,1.0,0.927126944065094,
7.951192855834961,1790082740.282673,,3935,,0.8484306931495667,16506.303206839,10000.0,-89.7942886352539,,1.8525500297546387,2.340367444387996,,1.0,0.9273569583892822,
7.827275276184082,1790082744.3018782,,3936,,0.8514595627784729,16510.37357012,10000.0,-91.0784683227539,,1.8247690200805664,2.693625060253833,,1.0,0.9274420738220215,
7.550596237182617,1790082748.3722095,,3937,,0.8519201874732971,16514.425358407,10000.0,-90.13024139404297,,1.832369327545166,2.956739770381685,,1.0,0.9265762567520142,
7.553220748901367,1790082752.4239817,,3938,,0.8537703156471252,16518.469331521,10000.0,-91.57890319824219,,1.8400706052780151,2.93872028174197,,1.0,0.9275327920913696,
7.656908988952637,1790082835.774071,,3939,0.399727005160505,0.853498637676239,16599.523968717,10000.0,-90.6850357055664,0.03503953095699999,1.869458794593811,2.8486483217003262,0.5916383862495422,1.0,0.9267055988311768,
,1790082837.522634,0.5188294649124146,3940,,,16601.030486408,,,,,,,,,10000.0
,1790082839.0291927,0.5185492038726807,3941,,,16602.54410265,,,,,,,,,10000.0
,1790082840.5428023,0.5171562433242798,3942,,,16604.055689686,,,,,,,,,10000.0
,1790082842.0543833,0.5215694308280945,3943,,,16605.572857421,,,,,,,,,10000.0
,1790082843.571561,0.5229691863059998,3944,,,16607.083037763,,,,,,,,,10000.0
,1790082845.081786,0.5173442363739014,3945,,,16608.599555557,,,,,,,,,10000.0
,1790082846.598315,0.5167377591133118,3946,,,16610.105614272,,,,,,,,,10000.0
,1790082848.104389,0.5142444372177124,3947,,,16611.623544619,,,,,,,,,10000.0
,1790082849.6223187,0.5185194611549377,3948,,,16613.123022915,,,,,,,,,10000.0
,1790082851.1217742,0.5133756399154663,3949,,,16614.758655828,,,,,,,,,10000.0
,1790082852.7573626,0.51279217004776,3950,,,16616.279953012,,,,,,,,,10000.0
,1790082854.278579,0.515601634979248,3951,,,16617.801154179,,,,,,,,,10000.0
,1790082855.7998252,0.5149474740028381,3952,,,16619.322950859,,,,,,,,,10000.0
,1790082857.3216448,0.5107424855232239,3953,,,16620.839212312,,,,,,,,,10000.0
,1790082858.8379326,0.5174469947814941,3954,,,16622.339880976,,,,,,,,,10000.0
,1790082860.3386505,0.5190719962120056,3955,,,16624.000138108,,,,,,,,,10000.0
,1790082861.99888,0.5175302624702454,3956,,,16625.505859634,,,,,,,,,10000.0
,1790082863.5046167,0.5186993479728699,3957,,,16627.030878269,,,,,,,,,10000.0
,1790082865.029622,0.5161667466163635,3958,,,16628.544361935,,,,,,,,,10000.0
,1790082866.5430784,0.5184826850891113,3959,,,16632.587246048,,,,,,,,,10000.0
7.46036434173584,1790082870.5858855,,3960,,0.8511431217193604,16636.609635934,10000.0,-90.7970199584961,,1.835953950881958,2.582213370025328,,1.0,0.9280760288238525,
7.306459426879883,1790082874.6082752,,3961,,0.8563205599784851,16640.648540619,10000.0,-91.07989501953125,,1.8303016424179077,3.115181358490918,,1.0,0.9286802411079407,
7.533902168273926,1790082878.6472223,,3962,,0.8509669303894043,16644.693761056,10000.0,-91.3445053100586,,1.850196361541748,2.812400771909351,,1.0,0.9267682433128357,
7.322745323181152,1790082882.6924057,,3963,,0.8480647802352905,16648.914681793,10000.0,-91.23799133300781,,1.8258934020996094,2.652838026806037,,1.0,0.9268702864646912,
7.239274978637695,1790082886.9132943,,3964,,0.8484926819801331,16652.970331126,10000.0,-91.69705963134766,,1.8351969718933105,2.7531878439169892,,1.0,0.9275252819061279,
7.433717727661133,1790082890.969014,,3965,,0.8463982939720154,16657.015257196,10000.0,-89.86526489257812,,1.8488425016403198,2.8943016062828755,,1.0,0.9265063405036926,
7.5225677490234375,1790082895.0139298,,3966,,0.847135066986084,16661.079475142,10000.0,-91.68304443359375,,1.8652867078781128,2.551288962997791,,1.0,0.9266224503517151,
7.806039333343506,1790082899.0781333,,3967,,0.8484832048416138,16665.141009229,10000.0,-91.14213562011719,,1.8220436573028564,3.192986184287919,,1.0,0.9297866225242615,
7.578118324279785,1790082903.139689,,3968,,0.8475959300994873,16669.192038399,10000.0,-92.46236419677734,,1.861335277557373,2.207557922909897,,1.0,0.9278551340103149,
7.794971942901611,1790082907.1905107,,3969,,0.8466594815254211,16673.237232652,10000.0,-90.48312377929688,,1.866703987121582,3.1933040851427674,,1.0,0.9270374178886414,
7.8645405769348145,1790082911.2358904,,3970,,0.8476724028587341,16677.309369214,10000.0,-91.5514907836914,,1.8409473896026611,2.459667289165745,,1.0,0.927914559841156,
7.966609954833984,1790082915.3080325,,3971,,0.8460743427276611,16681.507038166,10000.0,-92.11852264404297,,1.852330207824707,2.6812478828595387,,1.0,0.9264764189720154,
8.065616607666016,1790082919.5054843,,3972,,0.8450197577476501,16685.553999116,10000.0,-90.96875762939453,,1.8498622179031372,2.9000883871348355,,1.0,0.9278841614723206,
7.7298078536987305,1790082923.552691,,3973,,0.8490641117095947,16689.595549283,10000.0,-91.47760772705078,,1.8488420248031616,2.3783182048868867,,1.0,0.9274703860282898,
7.7967352867126465,1790082927.5942008,,3974,,0.847446620464325,16693.652462294,10000.0,-90.74568176269531,,1.843298316001892,2.929273084207943,,1.0,0.9275517463684082,
7.985157489776611,1790082931.651107,,3975,,0.843741238117218,16697.67819951,10000.0,-90.01681518554688,,1.8582781553268433,2.4191260910161168,,1.0,0.9268398284912109,
8.023146629333496,1790082935.6767924,,3976,,0.8493066430091858,16701.743999499,10000.0,-89.79086303710938,,1.8484841585159302,2.9313788576901185,,1.0,0.9268649816513062,
7.850029945373535,1790082939.742684,,3977,,0.8453018665313721,16705.95041248,10000.0,-88.88058471679688,,1.8567816019058228,2.2149981321292667,,1.0,0.9274013042449951,
7.5417070388793945,1790082943.9490998,,3978,,0.8486654758453369,16710.00099348,10000.0,-90.22537994384766,,1.8127299547195435,1.918496101841148,,1.0,0.9281738996505737,
7.275010585784912,1790082947.9996672,,3979,,0.8448294997215271,16714.050829003,10000.0,-88.78185272216797,,1.846401333808899,2.613375095564448,,1.0,0.9273433089256287,
7.764659881591797,1790082952.0495083,,3980,,0.8482995629310608,16718.090085474,10000.0,-91.82609558105469,,1.8066357374191284,2.581465157328813,,1.0,0.9281098246574402,
7.820611476898193,1790082956.088732,,3981,,0.8458290100097656,16722.131001808,10000.0,-89.5868148803711,,1.8595705032348633,2.7692474902150277,,1.0,0.9268611669540405,
8.018885612487793,1790082960.129526,,3982,,0.8485654592514038,16726.182072698,10000.0,-90.3766098022461,,1.8181698322296143,2.76500784434959,,1.0,0.9282816052436829,
7.8495564460754395,1790082964.1807399,,3983,,0.8494265675544739,16730.236476121,10000.0,-91.126220703125,,1.8601388931274414,2.356551498805404,,1.0,0.9263169169425964,
7.74868106842041,1790082968.2351792,,3984,,0.847665011882782,16734.287969988,10000.0,-90.48741912841797,,1.8445451259613037,2.5078522166236548,,1.0,0.9273046255111694,
7.681418418884277,1790082972.2866366,,3985,,0.8502698540687561,16738.497107279,10000.0,-89.06672668457031,,1.8229479789733887,3.027407348214451,,1.0,0.9274781942367554,
7.620584011077881,1790082976.495751,,3986,,0.8498300313949585,16742.568735471,10000.0,-85.81135559082031,,1.8175418376922607,2.95686924229731,,1.0,0.9272587299346924,
7.658429145812988,1790082980.5674224,,3987,,0.8502883315086365,16746.625719453,10000.0,-89.4265365600586,,1.8218384981155396,2.8413647130752238,,1.0,0.928102433681488,
7.656876087188721,1790082984.6244197,,3988,,0.8500929474830627,16750.69675955,10000.0,-89.77611541748047,,1.8735756874084473,2.124752868236077,,1.0,0.9269590973854065,
7.358340263366699,1790082988.6953812,,3989,,0.8504937887191772,16754.75464082,10000.0,-90.44837951660156,,1.850450873374939,2.3130744664616554,,1.0,0.9271869659423828,
7.376325607299805,1790082992.7532697,,3990,,0.8471420407295227,16758.787183922,10000.0,-91.17597961425781,,1.8750252723693848,3.496757951557892,,1.0,0.9273442625999451,
7.521810531616211,1790082996.7858102,,3991,,0.8496845364570618,16762.837306777,10000.0,-91.1583023071289,,1.8307112455368042,2.7884092113730756,,1.0,0.9282081127166748,
7.773250102996826,1790083000.8359733,,3992,,0.8527501821517944,16767.006708884,10000.0,-90.08865356445312,,1.8600027561187744,3.3873115221760517,,1.0,0.9276337623596191,
7.528039932250977,1790083005.0053706,,3993,,0.8488497734069824,16771.047454071,10000.0,-90.17023468017578,,1.8611929416656494,2.545148664488912,,1.0,0.9277380108833313,
7.519096851348877,1790083009.0461495,,3994,,0.8521329760551453,16775.071836104,10000.0,-88.91194152832031,,1.8597979545593262,2.9961059425842103,,1.0,0.928626537322998,
7.413054943084717,1790083013.0704324,,3995,,0.8516894578933716,16779.096433973,10000.0,-87.33697509765625,,1.8473103046417236,2.518516973971778,,1.0,0.9278774857521057,
7.3112874031066895,1790083017.0950935,,3996,,0.8509158492088318,16783.130903233,10000.0,-90.04669189453125,,1.8631644248962402,3.211023774544761,,1.0,0.9272364974021912,
7.723424911499023,1790083021.129552,,3997,,0.8505415320396423,16787.162981357,10000.0,-91.38142395019531,,1.8485260009765625,2.4377940983292476,,1.0,0.9290908575057983,
7.417820453643799,1790083025.1616275,,3998,,0.852048397064209,16791.183542045,10000.0,-89.12889862060547,,1.8615951538085938,2.583825019382327,,1.0,0.9281623363494873,
7.4651103019714355,1790083029.1822221,,3999,,0.8491906523704529,16795.329298603,10000.0,-91.1852035522461,,1.8525445461273193,2.925827980784386,,1.0,0.9273452162742615,
7.635392665863037,1790083033.3279734,,4000,,0.8508466482162476,16799.306192608,10000.0,-89.1633071899414,,1.837670922279358,2.587072990291216,,1.0,0.9277088046073914,
7.711871147155762,1790083037.304887,,4001,,0.8505295515060425,16803.323996297,10000.0,-89.31404113769531,,1.8262439966201782,3.44243845626192,,1.0,0.9273425936698914,
8.13911247253418,1790083041.322623,,4002,,0.8497534394264221,16807.329243716,10000.0,-89.5732650756836,,1.8468540906906128,2.913891058928891,,1.0,0.9283193945884705,
8.160440444946289,1790083045.3279023,,4003,,0.8508708477020264,16811.334680399,10000.0,-90.20423126220703,,1.8417659997940063,3.04926287971419,,1.0,0.9277228713035583,
8.063215255737305,1790083049.3333232,,4004,,0.8502998948097229,16815.320331483,10000.0,-87.57479858398438,,1.8758900165557861,1.9944273314101406,,1.0,0.9271436929702759,
8.463817596435547,1790083053.3190107,,4005,,0.8490858674049377,16819.292032323,10000.0,-88.90377044677734,,1.8643690347671509,2.267672501525015,,1.0,0.9283744692802429,
7.878801345825195,1790083057.2907014,,4006,,0.8492690920829773,16823.430109597,10000.0,-89.9632339477539,,1.881688117980957,3.5326588078261563,,1.0,0.9260474443435669,
7.758486270904541,1790083061.4287868,,4007,,0.8486278653144836,16827.407609555,10000.0,-89.32022094726562,,1.8786137104034424,3.022771335823137,,1.0,0.9267673492431641,
7.964821815490723,1790083065.406289,,4008,,0.85101717710495,16831.395662414,10000.0,-89.83533477783203,,1.847947597503662,3.229196367402752,,1.0,0.9298425316810608,
7.814122200012207,1790083069.3943136,,4009,,0.8493094444274902,16835.377370349,10000.0,-90.60266876220703,,1.8747514486312866,2.0326619682709994,,1.0,0.9275362491607666,
7.8168044090271,1790083073.3760204,,4010,,0.8503734469413757,16839.415051612,10000.0,-91.11958312988281,,1.8528327941894531,2.8423400720321412,,1.0,0.9279443621635437,
7.935015678405762,1790083077.4137423,,4011,,0.8489429950714111,16843.393537198,10000.0,-90.875732421875,,1.851149082183838,2.4324877578998407,,1.0,0.9273438453674316,
7.9159722328186035,1790083081.3922176,,4012,,0.8505972027778625,16847.405123034,10000.0,-91.84769439697266,,1.9034788608551025,3.125291531168248,,1.0,0.9270787239074707,
8.026311874389648,1790083085.4038026,,4013,,0.8514845967292786,16851.59441488,10000.0,-91.25271606445312,,1.9156466722488403,2.695436850164632,,1.0,0.9283580780029297,
7.513180732727051,1790083089.5930848,,4014,,0.8488643169403076,16855.583437756,10000.0,-91.32373809814453,,1.8407020568847656,2.6253372489168347,,1.0,0.92828768491745,
7.565913200378418,1790083093.5821097,,4015,,0.8487477898597717,16859.641016796,10000.0,-93.15856170654297,,1.8633716106414795,2.7631427344649158,,1.0,0.9275468587875366,
8.103439331054688,1790083097.639696,,4016,,0.8492600917816162,16863.641313868,10000.0,-92.92103576660156,,1.8866978883743286,2.817601345469994,,1.0,0.9276323914527893,
7.922706127166748,1790083101.639989,,4017,,0.8541973829269409,16867.674925009,10000.0,-92.86224365234375,,1.9248799085617065,3.019423683118228,,1.0,0.928001344203949,
7.692033290863037,1790083105.6735861,,4018,,0.8499428629875183,16871.699399744,10000.0,-91.14120483398438,,1.8928086757659912,3.0312669294829013,,1.0,0.9271422624588013,
7.878478527069092,1790083109.6980793,,4019,,0.8529479503631592,16875.726895831,10000.0,-92.32498931884766,,1.929527759552002,2.826667146035951,,1.0,0.9284475445747375,
7.826569080352783,1790083113.725572,,4020,,0.8507019877433777,16879.727817884,10000.0,-91.41936492919922,,1.9444403648376465,3.848881398856194,,1.0,0.9277763962745667,
7.533242225646973,1790083117.7265036,,4021,,0.8515387177467346,16883.849829232,10000.0,-91.60980224609375,,1.8906811475753784,2.588180792737861,,1.0,0.9280466437339783,
7.369202136993408,1790083121.8485165,,4022,,0.8512486815452576,16887.874090664,10000.0,-91.798583984375,,1.915415644645691,2.963570922625985,,1.0,0.9262422919273376,
7.591293811798096,1790083125.8727849,,4023,,0.8529477715492249,16891.875956676,10000.0,-93.10584259033203,,1.9036787748336792,2.661455005907437,,1.0,0.9275434613227844,
7.751470565795898,1790083129.8744473,,4024,,0.850380539894104,16895.895384556,10000.0,-91.13392639160156,,1.8771651983261108,3.2984251786049397,,1.0,0.928092896938324,
7.673590660095215,1790083133.8940773,,4025,,0.8533272743225098,16899.923647708,10000.0,-94.16011810302734,,1.9066520929336548,3.0329970190933184,,1.0,0.9272758364677429,
7.805446147918701,1790083137.922327,,4026,,0.8507760763168335,16903.92677669,10000.0,-92.07286834716797,,1.8740935325622559,2.696881715150672,,1.0,0.9272635579109192,
6.709203720092773,1790083141.925436,,4027,,0.8529630899429321,16907.948410237,10000.0,-92.67023468017578,,2.074338436126709,2.9200311051758314,,1.0,0.9266387224197388,
5.051022529602051,1790083145.9470983,,4028,,462254.53125,16912.107190345,10000.0,5399.21923828125,,12079011.0,1.427151034081574,,1.0,0.9272611737251282,
3.4058151245117188,1790083150.1058853,,4029,,4102759.25,16916.096342167,10000.0,730.4210205078125,,113962504.0,1.5779257327127962,,1.0,0.9289458394050598,
3.066918134689331,1790083154.0950189,,4030,,7148502528.0,16920.116360277,10000.0,70525.2421875,,881164877824.0,2.0621106343276345,,1.0,0.9287119507789612,
3.0283498764038086,1790083158.115042,,4031,,8859396603904.0,16924.129114516,10000.0,3178953.5,,3291615154143232.0,2.7678051589910195,,1.0,0.9275825619697571,
2.946469306945801,1790083162.127789,,4032,,61695254528.0,16928.163681424,10000.0,724749.5,,32049354244096.0,2.821338070571821,,1.0,0.9275364875793457,
2.8187477588653564,1790083166.162286,,4033,,5096519168.0,16932.184972934,10000.0,788890.75,,3997157031936.0,2.779058833741805,,1.0,0.9285057187080383,
2.936129093170166,1790083170.1836205,,4034,,2274376448.0,16936.219319889,10000.0,759901.9375,,2324460994560.0,2.9975671868898126,,1.0,0.928191065788269,
2.947282314300537,1790083174.2179954,,4035,,394343328.0,16940.38143243,10000.0,693850.3125,,497924964352.0,2.6359319284694522,,1.0,0.9275528788566589,
2.8407704830169678,1790083178.3801222,,4036,,627788032.0,16944.394163152,10000.0,637223.8125,,926299783168.0,2.848745984380955,,1.0,0.9282248020172119,
2.758673667907715,1790083182.3928277,,4037,,195634608.0,16948.390103086,10000.0,569765.75,,336876306432.0,2.742276547370801,,1.0,0.9285117983818054,
2.627073287963867,1790083186.388702,,4038,,122072976.0,16952.409140922,10000.0,520001.15625,,236747931648.0,2.5922455259140884,,1.0,0.9282574653625488,
2.5752663612365723,1790083190.4078155,,4039,,41060724.0,16956.434131502,10000.0,450694.09375,,90746642432.0,2.865490956114104,,1.0,0.9270316362380981,
2.4167208671569824,1790083194.432816,,4040,,22744052.0,16960.45941648,10000.0,371334.71875,,54883536896.0,1.9896496487173827,,1.0,0.9281419515609741,
2.367396593093872,1790083198.458088,,4041,,9631332.0,16964.492840562,10000.0,307515.6875,,25950629888.0,2.7813248080030357,,1.0,0.9277876019477844,
2.238131523132324,1790083202.491498,,4042,,2420183.75,16968.679619431,10000.0,254687.640625,,7100629504.0,2.965447483217636,,1.0,0.9274275302886963,
2.1460251808166504,1790083206.6782734,,4043,,3476107.0,16972.723933706,10000.0,217110.203125,,11014732800.0,3.1830653953858046,,1.0,0.927696168422699,
2.021977186203003,1790083210.7225869,,4044,,1859778.125,16976.775927148,10000.0,175300.921875,,6349026304.0,2.1218195010636696,,1.0,0.9286405444145203,
1.8759911060333252,1790083214.7745976,,4045,,1099638.5,16980.815310528,10000.0,142237.9375,,3986666496.0,2.975314165033479,,1.0,0.9278516173362732,
1.7114291191101074,1790083218.813977,,4046,,1237711.5,16984.874031827,10000.0,115614.9296875,,4800693248.0,2.9472985232335076,,1.0,0.9271572232246399,
1.6368643045425415,1790083222.872761,,4047,,318148.8125,16988.935210598,10000.0,90804.8984375,,1309118208.0,2.295590210076284,,1.0,0.9264188408851624,
1.4071229696273804,1790083226.9338837,,4048,,150521.625,16992.987959986,10000.0,74019.96875,,657794944.0,3.5084887131297786,,1.0,0.9268607497215271,
1.2219946384429932,1790083230.9866335,,4049,,158655.609375,16997.147152309,10000.0,56957.6484375,,724144704.0,2.516900214585354,,1.0,0.9272785782814026,
1.011023759841919,1790083235.1458476,,4050,,119576.59375,17001.18864944,10000.0,43417.9140625,,551444288.0,2.6916606532670135,,1.0,0.9267610907554626,
0.8045569062232971,1790083239.187294,,4051,,36366.91015625,17005.220231141,10000.0,31021.4921875,,169163056.0,3.0562380004806,,1.0,0.9283597469329834,
0.6193975210189819,1790083243.2189279,,4052,,23294.7421875,17009.269904156,10000.0,21605.7421875,,110091272.0,2.1808455242985976,,1.0,0.9278201460838318,
0.5999398231506348,1790083247.268649,,4053,,8727.708984375,17013.307120461,10000.0,15924.9736328125,,41178760.0,2.8514125375968975,,1.0,0.9279943108558655,
0.5634109973907471,1790083251.305762,,4054,,4264.046875,17017.363082214,10000.0,10765.03125,,20037144.0,2.6024542376501167,,1.0,0.9278133511543274,
0.6309840083122253,1790083255.3617592,,4055,,5767.93017578125,17021.403938293,10000.0,6986.09130859375,,27173656.0,2.9224961223442616,,1.0,0.926964282989502,
0.5518686771392822,1790083259.4025867,,4056,,1288.776611328125,17025.459746025,10000.0,3646.251953125,,6075112.5,3.039514430307677,,1.0,0.9277847409248352,
0.5512570738792419,1790083263.4584258,,4057,,4159.03271484375,17029.623164086,10000.0,2136.864501953125,,19549932.0,3.0801822283002895,,1.0,0.9279583692550659,
0.6237179636955261,1790083267.6218662,,4058,,163.97549438476562,17033.66902072,10000.0,853.7636108398438,,774965.625,2.920863644123912,,1.0,0.9269360303878784,
0.5185286998748779,1790083271.6676877,,4059,,36.26044464111328,17037.726006573,10000.0,296.2130126953125,,172483.859375,2.0897168669359028,,1.0,0.9287713766098022,
0.42635563015937805,1790083275.7246637,,4060,,7.477863311767578,17041.763011556,10000.0,198.74244689941406,,36473.00390625,1.9074839187186468,,1.0,0.9274575114250183,
0.3484349846839905,1790083279.7616756,,4061,,5.102713584899902,17045.812718045,10000.0,146.2987823486328,,25301.224609375,2.4795992752182245,,1.0,0.9280062913894653,
0.2896742522716522,1790083283.8114135,,4062,,6.079078197479248,17049.85953316,10000.0,116.11967468261719,,29859.140625,3.1315711580072834,,1.0,0.9269459247589111,
0.24466636776924133,1790083287.8581,,4063,,2.73896861076355,17053.962431205,10000.0,95.97631072998047,,14067.92578125,2.910325819164334,,1.0,0.9282645583152771,
0.18750905990600586,1790083291.961057,,4064,,2.3755247592926025,17058.244253619,10000.0,80.17529296875,,12305.4951171875,3.1389588121231844,,1.0,0.9277969598770142,
0.1859874129295349,1790083296.2428954,,4065,,1.4270613193511963,17062.321368789,10000.0,68.12228393554688,,7739.8642578125,3.1144226289800745,,1.0,0.926522970199585,
0.14805658161640167,1790083300.3200371,,4066,,1.6387810707092285,17066.38813946,10000.0,59.20193862915039,,8367.8310546875,2.5879143269810476,,1.0,0.9274036884307861,
0.13720639050006866,1790083304.3868032,,4067,,1.4328927993774414,17070.449976185,10000.0,51.55390548706055,,7039.203125,2.0347902889814136,,1.0,0.9271001219749451,
0.12974630296230316,1790083308.4486299,,4068,,1.648142695426941,17074.530969269,10000.0,45.37057113647461,,7992.857421875,2.237971914729538,,1.0,0.9274024367332458,
0.10684707760810852,1790083312.5296712,,4069,,1.1560934782028198,17078.592987428,10000.0,40.6041145324707,,5620.94873046875,2.7692679486155876,,1.0,0.9275874495506287,
0.12369095534086227,1790083316.5916493,,4070,,1.0960372686386108,17082.662120682,10000.0,36.914424896240234,,5304.7919921875,2.876471687685982,,1.0,0.9273820519447327,
0.12353961914777756,1790083320.6607962,,4071,,1.212287425994873,17086.826890799,10000.0,32.93045425415039,,5837.4189453125,3.017579857219219,,1.0,0.9265910983085632,
0.1092238798737526,1790083324.825541,,4072,,1.17405366897583,17090.865629899,10000.0,29.701841354370117,,5623.9033203125,2.852411925056624,,1.0,0.9281800985336304,
0.09284964203834534,1790083328.8643079,,4073,,1.3308910131454468,17094.917910582,10000.0,26.26813316345215,,6334.5498046875,2.7603055418272286,,1.0,0.9286691546440125,
0.1021268293261528,1790083332.9165654,,4074,,1.065874457359314,17098.951145584,10000.0,24.452974319458008,,5070.96337890625,2.491212769039342,,1.0,0.9274975657463074,
0.08186925202608109,1790083336.9498093,,4075,,1.0767630338668823,17102.992206918,10000.0,21.305530548095703,,5095.33154296875,4.161882241855107,,1.0,0.9280371069908142,
0.06868220120668411,1790083340.9908476,,4076,,1.0602548122406006,17107.026048105,10000.0,19.438186645507812,,4998.9169921875,3.263199088125403,,1.0,0.9284664988517761,
0.07491306960582733,1790083345.0247362,,4077,,1.058996319770813,17111.061952247,10000.0,17.068803787231445,,4960.24951171875,3.550008577825511,,1.0,0.9266692996025085,
0.08147898316383362,1790083349.0605907,,4078,,1.0393080711364746,17115.221180221,10000.0,15.990723609924316,,4836.802734375,2.2853938009611072,,1.0,0.927609920501709,
0.08465045690536499,1790083353.219876,,4079,,1.0685306787490845,17119.262733975,10000.0,14.241061210632324,,4952.94580078125,2.398248212785572,,1.0,0.9274921417236328,
0.07807610183954239,1790083357.2613962,,4080,,1.0695422887802124,17123.299409764,10000.0,12.507652282714844,,4928.52294921875,2.829109028353324,,1.0,0.9272139072418213,
0.03518259897828102,1790083361.298056,,4081,,1.0285460948944092,17127.334376436,10000.0,11.003724098205566,,4718.21923828125,2.3573631415508336,,1.0,0.9286670088768005,
0.0457531102001667,1790083365.333026,,4082,,1.0386501550674438,17131.38233905,10000.0,9.344715118408203,,4754.7802734375,2.7265708647579836,,1.0,0.9277345538139343,
0.04709573835134506,1790083369.3810024,,4083,,1.0280901193618774,17135.441745905,10000.0,7.7202229499816895,,4683.431640625,2.7133738509086323,,1.0,0.9274667501449585,
0.046805240213871,1790083373.440397,,4084,,1.0212795734405518,17139.503020993,10000.0,6.026901721954346,,4630.26708984375,3.055174376633055,,1.0,0.9275220632553101,
0.04196934401988983,1790083377.5016801,,4085,,1.017398476600647,17143.700570143,10000.0,4.300200462341309,,4601.85107421875,3.298559773179416,,1.0,0.9275313019752502,
0.05947919934988022,1790083381.6991649,,4086,,1.021250605583191,17147.737475996,10000.0,2.97576904296875,,4600.384765625,2.192665227702777,,1.0,0.9279058575630188,
0.08500392735004425,1790083385.736099,,4087,,1.0129139423370361,17151.799342366,10000.0,1.3247592449188232,,4544.66455078125,2.690009417131585,,1.0,0.9267975687980652,
0.0715731754899025,1790083389.797971,,4088,,1.0044670104980469,17155.855307713,10000.0,-0.21861054003238678,,4488.474609375,3.1546172571301474,,1.0,0.9276981353759766,
0.11226087808609009,1790083393.8539884,,4089,,1.0042680501937866,17159.906366743,10000.0,-2.1060922145843506,,4474.36669921875,2.5536499454713173,,1.0,0.9283197522163391,
0.12596657872200012,1790083397.9050558,,4090,,1.0043777227401733,17163.939092234,10000.0,-3.2567989826202393,,4461.97265625,2.7440691220101003,,1.0,0.9288239479064941,
0.13065654039382935,1790083401.9377499,,4091,,1.0030268430709839,17168.010343474,10000.0,-4.992282867431641,,4430.39404296875,2.7308564790777905,,1.0,0.9268499612808228,
0.150978222489357,1790083406.0089767,,4092,,1.0020370483398438,17172.052730267,10000.0,-6.511514186859131,,4403.3642578125,3.5283520886546302,,1.0,0.9275142550468445,
0.10534369200468063,1790083410.0513608,,4093,,1.0021281242370605,17176.320170569,10000.0,-7.667847156524658,,4372.61767578125,2.123537128096117,,1.0,0.9284474849700928,
0.14657972753047943,1790083414.3187487,,4094,,1.00508451461792,17180.379449773,10000.0,-8.468198776245117,,4362.77099609375,3.0873702677756176,,1.0,0.9275657534599304,
0.11660263687372208,1790083418.3781214,,4095,,1.001230001449585,17184.440997299,10000.0,-9.576921463012695,,4309.23095703125,2.6805139542791325,,1.0,0.9260374307632446,
0.09268064796924591,1790083422.4396493,,4096,,1.0028454065322876,17188.509703631,10000.0,-10.277009010314941,,4272.39697265625,3.8182848991036993,,1.0,0.9282597899436951,
0.16682715713977814,1790083426.5083706,,4097,,1.0017601251602173,17192.551200573,10000.0,-11.197807312011719,,4213.33740234375,2.7669685038802045,,1.0,0.928549587726593,
0.1804594248533249,1790083430.5498903,,4098,,1.000789761543274,17196.602934634,10000.0,-11.356462478637695,,4135.08203125,3.1769443470447696,,1.0,0.9277834892272949,
0.14930404722690582,1790083434.6015952,,4099,,1.0005600452423096,17200.771548355,10000.0,-11.6325101852417,,4051.758056640625,2.3723645360322334,,1.0,0.927187442779541,
0.15703462064266205,1790083438.770266,,4100,,1.0004483461380005,17204.825527688,10000.0,-11.441125869750977,,3943.87646484375,2.581973249952606,,1.0,0.9263942837715149,
0.3170260190963745,1790083442.8242173,,4101,,1.000373363494873,17208.866217976,10000.0,-11.852270126342773,,3833.669677734375,2.4755803804970555,,1.0,0.9271743893623352,
0.29504895210266113,1790083446.8649015,,4102,,1.0008790493011475,17212.919987467,10000.0,-12.022433280944824,,3714.52587890625,2.5378209065625357,,1.0,0.9274769425392151,
0.1798151582479477,1790083450.9186878,,4103,,0.9990529417991638,17216.952588393,10000.0,-11.961421012878418,,3585.5400390625,2.6623850981062422,,1.0,0.9277543425559998,
0.19848740100860596,1790083454.951268,,4104,,0.9995680451393127,17220.99229093,10000.0,-11.541240692138672,,3475.508056640625,2.6634292568821647,,1.0,0.9276185035705566,
0.30611348152160645,1790083458.9909594,,4105,,0.9975743889808655,17225.038805959,10000.0,-11.723847389221191,,3368.055419921875,2.7363067197120965,,1.0,0.9276602268218994,
0.21549463272094727,1790083463.037501,,4106,,0.986900806427002,17229.10674149,10000.0,-10.982338905334473,,3217.193359375,3.2913832086029267,,1.0,0.9276496171951294,
0.19074136018753052,1790083467.1054182,,4107,,0.9845935702323914,17233.293315897,10000.0,-11.12338638305664,,3096.613525390625,3.4346666708975184,,1.0,0.9272826910018921,
0.2002616822719574,1790083471.291979,,4108,,0.982836902141571,17237.352198345,10000.0,-10.46072769165039,,2957.7080078125,3.7054477865210473,,1.0,0.9279264807701111,
0.20901228487491608,1790083475.3508785,,4109,,0.9787685871124268,17241.392857801,10000.0,-9.513303756713867,,2795.593994140625,3.3890988775469837,,1.0,0.9277806282043457,
0.18493351340293884,1790083479.3915358,,4110,,0.9773393869400024,17245.429113888,10000.0,-9.173528671264648,,2631.808837890625,3.9015872976203188,,1.0,0.9275427460670471,
0.1643114537000656,1790083483.4278107,,4111,,0.9882013201713562,17249.455770064,10000.0,-9.127117156982422,,2497.26708984375,3.1911224021081823,,1.0,0.9271566867828369,
0.165626659989357,1790083487.4544606,,4112,,0.9784355759620667,17253.502218984,10000.0,-9.480901718139648,,2300.871337890625,3.755157290710997,,1.0,0.9285449981689453,
0.1502848118543625,1790083491.50089,,4113,,0.9770908355712891,17257.535508089,10000.0,-9.763741493225098,,2140.0751953125,4.038654761835703,,1.0,0.9277271032333374,
0.16691650450229645,1790083495.534178,,4114,,0.9835629463195801,17261.722098761,10000.0,-10.386649131774902,,1993.78515625,5.6891878320111315,,1.0,0.9273329973220825,
0.16701588034629822,1790083499.720747,,4115,,0.9762810468673706,17265.759241217,10000.0,-10.860652923583984,,1823.338623046875,5.60324605091843,,1.0,0.926456093788147,
0.16175568103790283,1790083503.757939,,4116,,0.9795603156089783,17269.816101,10000.0,-11.404552459716797,,1688.3221435546875,4.919287823390819,,1.0,0.9291062951087952,
0.27507591247558594,1790083507.8147926,,4117,,0.9782126545906067,17273.862309206,10000.0,-12.14677619934082,,1558.0093994140625,5.514850595532083,,1.0,0.9275833964347839,
0.2747282087802887,1790083511.8609645,,4118,,0.975574254989624,17277.923384826,10000.0,-12.691490173339844,,1446.766357421875,7.870681728287254,,1.0,0.9278427362442017,
0.36422228813171387,1790083515.9220648,,4119,,0.9735516309738159,17281.958624143,10000.0,-12.632864952087402,,1340.8944091796875,5.949367250852854,,1.0,0.9269408583641052,
0.4517441689968109,1790083519.9572847,,4120,,0.9723230600357056,17286.018494314,10000.0,-12.353470802307129,,1253.8590087890625,5.859403897222394,,1.0,0.9279439449310303,
0.6398371458053589,1790083524.0171735,,4121,,0.9736404418945312,17290.180909927,10000.0,-13.645042419433594,,1158.6387939453125,5.264019737623526,,1.0,0.9274207353591919,
0.679917573928833,1790083528.1795852,,4122,,0.9758850932121277,17294.232997874,10000.0,-15.163298606872559,,1078.072509765625,5.76288988703089,,1.0,0.9282484650611877,
0.5681008696556091,1790083532.2316704,,4123,,0.9779638051986694,17298.315211233,10000.0,-15.455327987670898,,985.1146240234375,5.027096466064314,,1.0,0.9293543100357056,
0.4478931427001953,1790083536.313868,,4124,,0.9815611243247986,17302.36743832,10000.0,-16.87944984436035,,893.8072509765625,5.4981110451088995,,1.0,0.9278814792633057,
0.45648476481437683,1790083540.366126,,4125,,0.9829465746879578,17306.433086491,10000.0,-17.589752197265625,,778.61572265625,5.130965875461645,,1.0,0.9270744919776917,
0.3731679618358612,1790083544.4317696,,4126,,0.9877066612243652,17310.49483818,10000.0,-17.237266540527344,,664.089111328125,4.001216397418384,,1.0,0.9280741810798645,
0.3912428021430969,1790083548.493518,,4127,,0.9881744980812073,17314.539712456,10000.0,-16.460487365722656,,564.2679443359375,4.830479299946615,,1.0,0.9274784326553345,
0.3252694606781006,1790083552.5384142,,4128,,0.9941465258598328,17318.735793943,10000.0,-17.64266014099121,,496.21124267578125,4.125448489416489,,1.0,0.9282679557800293,
0.26630616188049316,1790083556.7344832,,4129,,0.994293212890625,17322.77688079,10000.0,-18.100404739379883,,420.80255126953125,2.8114091270479173,,1.0,0.9272499084472656,
0.2571130394935608,1790083560.7755601,,4130,,0.9955033659934998,17326.832619525,10000.0,-18.67225456237793,,367.2843017578125,3.4015312676290215,,1.0,0.9272801876068115,
0.31369146704673767,1790083564.8312888,,4131,,0.996616005897522,17330.89407794,10000.0,-20.102319717407227,,333.654296875,3.335631173072628,,1.0,0.9282127618789673,
0.24810948967933655,1790083568.8927572,,4132,,0.9975506067276001,17334.92964342,10000.0,-19.543487548828125,,310.4820251464844,3.650555676302298,,1.0,0.9283695816993713,
0.17989356815814972,1790083572.9283063,,4133,,0.9987898468971252,17338.990435294,10000.0,-19.733671188354492,,291.4582824707031,2.82122101964034,,1.0,0.9276746511459351,
0.19272977113723755,1790083576.989142,,4134,,0.9964637756347656,17343.026085012,10000.0,-20.804590225219727,,269.51617431640625,2.819268631563474,,1.0,0.9290128946304321,
0.2674069106578827,1790083581.0247552,,4135,,1.0580884218215942,17347.221349531,10000.0,-21.759572982788086,,276.4385681152344,2.4571896986420816,,1.0,0.9291052222251892,
0.33682602643966675,1790083585.2200346,,4136,,0.9960219860076904,17351.286954714,10000.0,-22.129270553588867,,234.4188995361328,2.7547313942387843,,1.0,0.9283954501152039,
0.40249669551849365,1790083589.28563,,4137,,0.9972600340843201,17355.325708852,10000.0,-22.77273941040039,,212.07875061035156,2.538435425838651,,1.0,0.9263958930969238,
0.3570058047771454,1790083593.324393,,4138,,0.9946088194847107,17359.374535222,10000.0,-23.793617248535156,,193.49925231933594,2.8214173237444085,,1.0,0.9272911548614502,
0.488717645406723,1790083597.373206,,4139,,0.9934983849525452,17363.417498058,10000.0,-25.28081512451172,,162.10166931152344,2.7880506874851037,,1.0,0.9288665652275085,
0.745238721370697,1790083601.4161804,,4140,,0.9907934665679932,17367.479160268,10000.0,-25.75049591064453,,135.86761474609375,3.2409451639806828,,1.0,0.9284079670906067,
0.6275301575660706,1790083605.4778447,,4141,,0.9879584312438965,17371.521271706,10000.0,-27.39287757873535,,110.62782287597656,4.175896993422188,,1.0,0.927419126033783,
0.6428389549255371,1790083609.5199506,,4142,,0.9994779825210571,17375.553467573,10000.0,-29.887130737304688,,86.9957504272461,2.9017536588616495,,1.0,0.927385151386261,
0.6293428540229797,1790083613.5521288,,4143,,0.9851779341697693,17379.745122971,10000.0,-30.753738403320312,,63.512210845947266,2.8057126600363387,,1.0,0.9273818135261536,
0.7716931104660034,1790083617.743789,,4144,,0.9809219837188721,17383.779889973,10000.0,-32.70619583129883,,49.294097900390625,4.5739972145245,,1.0,0.9280125498771667,
0.8275603652000427,1790083621.7785194,,4145,,0.9778265357017517,17387.837052496,10000.0,-34.853084564208984,,37.3988037109375,4.225997494206738,,1.0,0.9278035163879395,
0.8785679340362549,1790083625.8357227,,4146,,0.9767853617668152,17391.89354549,10000.0,-36.944942474365234,,29.623146057128906,3.721463003659662,,1.0,0.9273437261581421,
0.9406431317329407,1790083629.8922133,,4147,,1.1523984670639038,17395.935166525,10000.0,-38.73707580566406,,32.036529541015625,4.269483948262574,,1.0,0.9281706213951111,
0.9822121262550354,1790083633.933839,,4148,,1.3606377840042114,17399.988998033,10000.0,-40.91437911987305,,37.224552154541016,3.5183603022796848,,1.0,0.9281807541847229,
0.8254057168960571,1790083637.9876735,,4149,,1.1328039169311523,17404.037073764,10000.0,-42.16329574584961,,22.454755783081055,3.7150439320764463,,1.0,0.9266483187675476,
0.90754234790802,1790083642.0357683,,4150,,0.9586121439933777,17408.216088168,10000.0,-43.157203674316406,,15.13134765625,6.563079632269669,,1.0,0.9289973378181458,
0.9829778075218201,1790083646.2147274,,4151,,2.43807315826416,17412.276702394,10000.0,-44.78668975830078,,69.0768051147461,4.271274566400528,,1.0,0.9269224405288696,
1.1111618280410767,1790083650.275327,,4152,,0.9609102010726929,17416.297321533,10000.0,-46.257911682128906,,13.710471153259277,4.7992211744744075,,1.0,0.9290087819099426,
1.089720368385315,1790083654.2959876,,4153,,0.9484445452690125,17420.341894388,10000.0,-47.150840759277344,,12.608743667602539,5.172250899325574,,1.0,0.9275426268577576,
1.0910204648971558,1790083658.340575,,4154,,0.9490105509757996,17424.393522325,10000.0,-48.15354919433594,,12.726064682006836,5.5248136292474905,,1.0,0.9284241199493408,
1.2275404930114746,1790083662.3921616,,4155,,0.945768415927887,17428.457729629,10000.0,-49.42878723144531,,12.37834358215332,5.089257689667475,,1.0,0.9278844594955444,
1.190272569656372,1790083666.4563837,,4156,,3.282625198364258,17432.489603724,10000.0,-48.979454040527344,,91.67282104492188,4.398968636953346,,1.0,0.9272600412368774,
1.2166430950164795,1790083670.48826,,4157,,0.9776003956794739,17436.697132304,10000.0,-49.16347122192383,,12.835558891296387,5.042666716211597,,1.0,0.9270134568214417,
1.277744174003601,1790083674.6958022,,4158,,0.9493306875228882,17440.751692487,10000.0,-48.63026809692383,,11.671879768371582,5.096865400564024,,1.0,0.926837682723999,
1.2634752988815308,1790083758.3954694,,4159,4.367061424379427,0.9367039203643799,17522.010585928,10000.0,-48.021583557128906,1.7547931833690869,11.004829406738281,4.300110480388918,2.0803024768829346,1.0,0.9267628192901611,
,1790083760.0093315,0.5380902290344238,4160,,,17523.53393258,,,,,,,,,10000.0
,1790083761.5327003,0.5553577542304993,4161,,,17525.05123216,,,,,,,,,10000.0
,1790083763.0500462,0.571976900100708,4162,,,17526.562810237,,,,,,,,,10000.0
,1790083764.5615106,0.5857386589050293,4163,,,17528.066992421,,,,,,,,,10000.0
,1790083766.0657058,0.6068965792655945,4164,,,17529.720074884,,,,,,,,,10000.0
,1790083767.7187712,0.6320604681968689,4165,,,17531.229038236,,,,,,,,,10000.0
,1790083769.22776,0.6430032253265381,4166,,,17532.73862427,,,,,,,,,10000.0
,1790083770.7374022,0.6937994956970215,4167,,,17534.234753266,,,,,,,,,10000.0
,1790083772.233545,0.6995486617088318,4168,,,17535.728837707,,,,,,,,,10000.0
,1790083773.7276368,0.7105634808540344,4169,,,17537.237807568,,,,,,,,,10000.0
,1790083775.2365868,0.7293305397033691,4170,,,17538.885736946,,,,,,,,,10000.0
,1790083776.8845093,0.7461594939231873,4171,,,17540.413194144,,,,,,,,,10000.0
,1790083778.4119692,0.7744024395942688,4172,,,17541.92713337,,,,,,,,,10000.0
,1790083779.9259245,0.7865938544273376,4173,,,17543.446935353,,,,,,,,,10000.0
,1790083781.4457004,0.8045503497123718,4174,,,17544.967060311,,,,,,,,,10000.0
,1790083782.965857,0.8305876851081848,4175,,,17546.468843954,,,,,,,,,10000.0
,1790083784.467642,0.8429513573646545,4176,,,17547.981582419,,,,,,,,,10000.0
,1790083785.9803894,0.867957592010498,4177,,,17549.501279279,,,,,,,,,10000.0
,1790083787.500077,0.8871026635169983,4178,,,17551.015457378,,,,,,,,,10000.0
,1790083789.0141778,0.895434558391571,4179,,,17555.064397108,,,,,,,,,10000.0
1.3100570440292358,1790083793.0631337,,4180,,0.9334900379180908,17559.26990182,10000.0,-48.224361419677734,,11.201573371887207,5.545943373438304,,1.0,0.9283134341239929,
1.3551362752914429,1790083797.2685378,,4181,,0.9875670075416565,17563.308424904,10000.0,-47.99063491821289,,12.755268096923828,4.328153696744847,,1.0,0.9272921085357666,
1.3698060512542725,1790083801.307101,,4182,,1.9137928485870361,17567.378509259,10000.0,-48.47136306762695,,43.64683151245117,5.11937938107994,,1.0,0.9270845055580139,
1.3021113872528076,1790083805.377212,,4183,,1.9352754354476929,17571.438396316,10000.0,-49.56864929199219,,45.306854248046875,2.8777283546964725,,1.0,0.926310122013092,
1.2846970558166504,1790083809.4370909,,4184,,1.4104543924331665,17575.489193854,10000.0,-48.355934143066406,,27.252351760864258,2.6604662099702487,,1.0,0.9272825717926025,
1.3550716638565063,1790083813.4878132,,4185,,0.949556291103363,17579.546699079,10000.0,-48.80477523803711,,11.07783317565918,4.6855892300402795,,1.0,0.9290432929992676,
1.388155221939087,1790083817.5453646,,4186,,1.3176575899124146,17583.602433414,10000.0,-48.831764221191406,,23.188844680786133,2.778497220143822,,1.0,0.926909327507019,
1.4359619617462158,1790083821.601085,,4187,,1.5820250511169434,17587.807961451,10000.0,-49.306739807128906,,31.686662673950195,1.9930888537771052,,1.0,0.927549421787262,
1.3669095039367676,1790083825.806623,,4188,,1.6752142906188965,17591.875822896,10000.0,-49.10231399536133,,39.20765686035156,2.076605678999123,,1.0,0.9263749718666077,
1.2831813097000122,1790083829.874461,,4189,,1.116136074066162,17595.888147452,10000.0,-49.24180603027344,,14.823978424072266,3.707772981776303,,1.0,0.9276607036590576,
1.2645407915115356,1790083833.8868072,,4190,,1.3123871088027954,17599.953957256,10000.0,-49.81597137451172,,20.007827758789062,2.6163093285698804,,1.0,0.9295329451560974,
1.3046040534973145,1790083837.9526405,,4191,,2.3926949501037598,17604.012995077,10000.0,-49.553260803222656,,56.40727233886719,2.0417297447444485,,1.0,0.9266300201416016,
1.2608243227005005,1790083842.0116634,,4192,,2.1957411766052246,17608.055184262,10000.0,-48.509437561035156,,54.916534423828125,2.553431337755564,,1.0,0.9283891320228577,
1.021064043045044,1790083846.0538385,,4193,,1.0313081741333008,17612.122056723,10000.0,-49.71037292480469,,16.478368759155273,2.9295098995324995,,1.0,0.9273712038993835,
1.0828232765197754,1790083850.12071,,4194,,0.9673439860343933,17616.344611405,10000.0,-49.380855560302734,,14.264815330505371,3.4311060956862645,,1.0,0.9278119802474976,
1.1286556720733643,1790083854.3432574,,4195,,0.9845049977302551,17620.386645369,10000.0,-49.390472412109375,,15.15165901184082,2.511737961571851,,1.0,0.9267525672912598,
1.169743537902832,1790083858.3853009,,4196,,0.9914831519126892,17624.458607493,10000.0,-49.516109466552734,,16.147872924804688,4.566377747914949,,1.0,0.9273706674575806,
1.1059490442276,1790083862.457246,,4197,,1.0788136720657349,17628.511512559,10000.0,-49.845516204833984,,19.520952224731445,2.6522654543063777,,1.0,0.9283060431480408,
0.9124211668968201,1790083866.5101783,,4198,,1.8784713745117188,17632.574825637,10000.0,-50.551063537597656,,41.8454475402832,2.2229678010123597,,1.0,0.9293697476387024,
0.9773096442222595,1790083870.5735033,,4199,,1.023202657699585,17636.622657707,10000.0,-50.831695556640625,,17.1217098236084,2.5661401982102197,,1.0,0.9280607104301453,
1.016733169555664,1790083874.6213243,,4200,,0.9812306761741638,17640.697670131,10000.0,-50.358524322509766,,15.151001930236816,3.9538622770240424,,1.0,0.927478551864624,
0.9496517181396484,1790083878.6963522,,4201,,1.090710997581482,17644.914672607,10000.0,-49.065372467041016,,19.09699058532715,2.275167226864471,,1.0,0.9277649521827698,
0.8957255482673645,1790083882.9133613,,4202,,0.9709641933441162,17648.972947418,10000.0,-50.5729866027832,,14.678749084472656,3.457847837493027,,1.0,0.9280379414558411,
0.8787221312522888,1790083886.9716167,,4203,,1.012984275817871,17653.035991306,10000.0,-50.31248474121094,,15.193821907043457,2.3461573643990263,,1.0,0.9285016655921936,
1.123637080192566,1790083891.0346336,,4204,,0.9879705905914307,17657.101002844,10000.0,-49.40494155883789,,14.3594970703125,2.105550713678095,,1.0,0.9282826781272888,
0.9374504685401917,1790083895.0996773,,4205,,0.9708105325698853,17661.145605794,10000.0,-49.70856475830078,,14.318180084228516,2.6457303483070738,,1.0,0.9277948141098022,
1.0075486898422241,1790083899.1443295,,4206,,0.9611241221427917,17665.204449208,10000.0,-50.125648498535156,,13.894342422485352,3.192293270088481,,1.0,0.928774893283844,
1.0463768243789673,1790083903.203036,,4207,,0.9867278933525085,17669.265031768,10000.0,-50.35991668701172,,14.392287254333496,3.142164463828088,,1.0,0.9280543327331543,
1.0521866083145142,1790083907.2637172,,4208,,0.9518008232116699,17673.299253764,10000.0,-51.3031005859375,,12.148575782775879,3.1489593315284825,,1.0,0.9275323748588562,
1.0137107372283936,1790083911.2979348,,4209,,0.9622013568878174,17677.500487215,10000.0,-50.90886306762695,,13.387825012207031,2.906190399083769,,1.0,0.9289447069168091,
1.0094808340072632,1790083915.4991932,,4210,,0.9587318897247314,17681.552130132,10000.0,-50.36347579956055,,11.432394981384277,3.255191391120997,,1.0,0.9273703098297119,
0.9371578693389893,1790083919.5507653,,4211,,0.9799614548683167,17685.576299186,10000.0,-52.19443893432617,,11.414834976196289,2.8837993516480016,,1.0,0.9282342791557312,
0.930206835269928,1790083923.5749848,,4212,,0.9324735403060913,17689.615086447,10000.0,-50.930240631103516,,8.051203727722168,3.37443948905885,,1.0,0.9274057745933533,
0.860796332359314,1790083927.6137762,,4213,,0.9441258907318115,17693.650630789,10000.0,-51.75423812866211,,7.504551887512207,3.4567237493920406,,1.0,0.9286497235298157,
0.8469460010528564,1790083931.6493003,,4214,,0.9343469142913818,17697.706584368,10000.0,-50.771034240722656,,6.794407844543457,3.063627637839897,,1.0,0.9257984757423401,
0.9080813527107239,1790083935.7052493,,4215,,0.9261112809181213,17701.767967923,10000.0,-51.194766998291016,,5.043458461761475,2.679520518983486,,1.0,0.9266935586929321,
0.9758573770523071,1790083939.7666278,,4216,,0.9549533724784851,17705.942629173,10000.0,-52.55857467651367,,5.547493934631348,4.058313246462629,,1.0,0.9277858138084412,
0.9439491033554077,1790083943.941223,,4217,,0.9252015948295593,17709.992333726,10000.0,-51.561031341552734,,4.761640548706055,2.3814858228804128,,1.0,0.9265321493148804,
0.9367899894714355,1790083947.9910126,,4218,,0.923007071018219,17714.045639579,10000.0,-52.72556686401367,,4.5053935050964355,2.3668552077917773,,1.0,0.9298562407493591,
0.8984549641609192,1790083952.0443127,,4219,,0.9219323992729187,17718.082823745,10000.0,-52.942073822021484,,4.224998950958252,2.773767942216694,,1.0,0.9270133972167969,
0.9651151895523071,1790083956.0814953,,4220,,0.9205256700515747,17722.113025357,10000.0,-53.063392639160156,,4.095230579376221,2.7355942988511552,,1.0,0.9273220300674438,
1.0003125667572021,1790083960.1117294,,4221,,0.9193621277809143,17726.154503334,10000.0,-54.058658599853516,,4.062921047210693,3.3098631727461494,,1.0,0.9269444942474365,
0.996705949306488,1790083964.153183,,4222,,0.9166837930679321,17730.180974262,10000.0,-54.26533508300781,,3.999051809310913,3.5505893660114727,,1.0,0.9271735548973083,
1.007607340812683,1790083968.1796606,,4223,,0.917938232421875,17734.371092372,10000.0,-54.1409912109375,,3.968686819076538,3.253566701721739,,1.0,0.9260715246200562,
0.9990240335464478,1790083972.3697734,,4224,,0.9189152717590332,17738.404902225,10000.0,-53.693119049072266,,3.9627957344055176,3.4217594104897624,,1.0,0.9270899891853333,
1.0016003847122192,1790083976.4035287,,4225,,0.9174420833587646,17742.469530168,10000.0,-53.36692810058594,,3.9034316539764404,3.8192044152944966,,1.0,0.9267497062683105,
1.0095317363739014,1790083980.468187,,4226,,0.9185273051261902,17746.497742617,10000.0,-52.2508544921875,,3.7477500438690186,2.904438498145646,,1.0,0.9286224246025085,
1.0096514225006104,1790083984.496325,,4227,,0.9201216697692871,17750.560088218,10000.0,-52.37614440917969,,3.7741103172302246,2.6543475707403728,,1.0,0.9282297492027283,
1.0010976791381836,1790083988.5587559,,4228,,0.9155106544494629,17754.590767557,10000.0,-52.47608947753906,,3.7753732204437256,2.8871460905335398,,1.0,0.927070140838623,
1.0050437450408936,1790083992.5894213,,4229,,0.9140509963035583,17758.630756059,10000.0,-53.90907669067383,,3.7231605052948,2.7836466206023736,,1.0,0.9282412528991699,
1.0079736709594727,1790083996.6294048,,4230,,0.9177429676055908,17762.80410354,10000.0,-53.54649353027344,,3.6648943424224854,3.1443024086799567,,1.0,0.9286381602287292,
0.998421311378479,1790084000.8027363,,4231,,0.9188129901885986,17766.850603555,10000.0,-53.587181091308594,,3.632279396057129,2.504239622219024,,1.0,0.9290952086448669,
1.0760045051574707,1790084004.8492239,,4232,,0.9186749458312988,17770.895639503,10000.0,-53.72709655761719,,3.64627742767334,2.6820647918599465,,1.0,0.9289839863777161,
1.119438886642456,1790084008.894269,,4233,,0.9186043739318848,17774.927643498,10000.0,-54.08702087402344,,3.6155734062194824,2.4890506376769768,,1.0,0.9285876750946045,
1.0742915868759155,1790084012.9262931,,4234,,0.9160090088844299,17778.971768067,10000.0,-53.666648864746094,,3.5872702598571777,3.5709093316254052,,1.0,0.9285798072814941,
1.1451575756072998,1790084016.970379,,4235,,0.9167677164077759,17783.023234383,10000.0,-53.388877868652344,,3.614792585372925,3.175071878530249,,1.0,0.9275515675544739,
1.1958556175231934,1790084021.0219529,,4236,,0.9153802990913391,17787.073829096,10000.0,-55.0079460144043,,3.6312451362609863,2.662176561979522,,1.0,0.9261861443519592,
1.2484451532363892,1790084025.0724704,,4237,,0.9182766675949097,17791.257214174,10000.0,-53.65800857543945,,3.5405168533325195,2.745206926170821,,1.0,0.927630603313446,
1.3456588983535767,1790084029.255847,,4238,,0.9181060791015625,17795.276910938,10000.0,-54.08540344238281,,3.4704742431640625,2.0668142715851854,,1.0,0.9273902177810669,
1.2800536155700684,1790084033.2755964,,4239,,0.9148629903793335,17799.319505328,10000.0,-53.654605865478516,,3.524730920791626,2.9743632144059355,,1.0,0.92646324634552,
1.2231221199035645,1790084037.3181598,,4240,,0.9156374931335449,17803.35121021,10000.0,-52.459014892578125,,3.439812421798706,3.018531629672212,,1.0,0.9276001453399658,
1.2253079414367676,1790084041.3498769,,4241,,0.9155732989311218,17807.38286114,10000.0,-53.715579986572266,,3.3875699043273926,2.510724862996582,,1.0,0.9275901913642883,
1.2725753784179688,1790084045.3814752,,4242,,0.9130050539970398,17811.394711352,10000.0,-54.557621002197266,,3.4229934215545654,3.678548949965146,,1.0,0.9266436100006104,
1.3138600587844849,1790084049.3933609,,4243,,0.9144082069396973,17815.449173363,10000.0,-54.11417007446289,,3.3662610054016113,2.9407106202539266,,1.0,0.9280388355255127,
1.2607581615447998,1790084053.447851,,4244,,0.9164068698883057,17819.487967045,10000.0,-55.49568176269531,,3.3174374103546143,2.9718782803242876,,1.0,0.9276716709136963,
1.3346410989761353,1790084057.4865985,,4245,,0.9139283895492554,17823.701109095,10000.0,-56.26219177246094,,3.324225425720215,2.4899839366108023,,1.0,0.9275215268135071,
1.3526588678359985,1790084061.6997194,,4246,,0.9164335131645203,17827.754119132,10000.0,-56.778568267822266,,3.2675364017486572,2.720270068198567,,1.0,0.927553653717041,
1.3487435579299927,1790084065.7527986,,4247,,0.9120829701423645,17831.804412181,10000.0,-56.7006950378418,,3.316514015197754,3.3020203324580395,,1.0,0.9272692799568176,
1.3273377418518066,1790084069.8030484,,4248,,0.918698787689209,17835.852589662,10000.0,-57.183223724365234,,3.2691190242767334,3.519998894100548,,1.0,0.9281163215637207,
1.3250603675842285,1790084073.851218,,4249,,0.9115843772888184,17839.913145003,10000.0,-55.629608154296875,,3.2623472213745117,2.690161991909339,,1.0,0.9274699687957764,
1.3073266744613647,1790084077.9118333,,4250,,0.9150970578193665,17844.009421448,10000.0,-57.650909423828125,,3.1800625324249268,3.31574418874786,,1.0,0.928118109703064,
1.3473244905471802,1790084082.008092,,4251,,0.9164890050888062,17848.048206813,10000.0,-56.32481002807617,,3.230034828186035,3.1291221905850946,,1.0,0.926230788230896,
1.411181926727295,1790084086.046907,,4252,,0.9128080010414124,17852.323952473,10000.0,-56.9089241027832,,3.2060329914093018,3.558461850054149,,1.0,0.926418125629425,
1.5274723768234253,1790084090.322613,,4253,,0.9158666133880615,17856.373499402,10000.0,-57.118656158447266,,3.147813320159912,2.7858260947106377,,1.0,0.927760899066925,
1.466386318206787,1790084094.3721876,,4254,,0.9136073589324951,17860.428257934,10000.0,-56.18854522705078,,3.172816276550293,3.0813919300349473,,1.0,0.9278008937835693,
1.3040248155593872,1790084098.4269762,,4255,,0.930937647819519,17864.493031207,10000.0,-56.809410095214844,,3.4330506324768066,2.8550018890377897,,1.0,0.9273219108581543,
1.2816468477249146,1790084102.4916995,,4256,,0.9126384854316711,17868.537246856,10000.0,-56.61014175415039,,3.1434106826782227,2.633131213809892,,1.0,0.9265813231468201,
1.288962721824646,1790084106.5359008,,4257,,0.9101463556289673,17872.598429529,10000.0,-57.162296295166016,,3.1188929080963135,3.0435961063774677,,1.0,0.9269033670425415,
1.2613235712051392,1790084110.5970674,,4258,,0.9120714664459229,17876.629241282,10000.0,-57.60722732543945,,3.035867929458618,2.8721738072713348,,1.0,0.9285619854927063,
1.3070764541625977,1790084114.6279027,,4259,,0.9120030999183655,17880.831177048,10000.0,-57.878334045410156,,3.114288568496704,4.1286123490069695,,1.0,0.9277393221855164,
1.2646898031234741,1790084118.8298295,,4260,,0.9125376343727112,17884.879914958,10000.0,-58.085411071777344,,3.0680947303771973,3.6457566534352437,,1.0,0.9269624352455139,
1.282053828239441,1790084122.8785477,,4261,,0.9112516045570374,17888.936982126,10000.0,-57.72084045410156,,3.1074893474578857,3.7121148434972153,,1.0,0.9267013072967529,
1.3105107545852661,1790084126.9356384,,4262,,0.9136687517166138,17892.989692342,10000.0,-57.171295166015625,,3.0806429386138916,3.2617458302187012,,1.0,0.9281390309333801,
1.2528609037399292,1790084130.988322,,4263,,0.9095014929771423,17897.036461235,10000.0,-57.190303802490234,,3.1066555976867676,3.7324792938288014,,1.0,0.926093339920044,
1.2691779136657715,1790084135.0351243,,4264,,0.9114265441894531,17901.088446513,10000.0,-56.75831604003906,,3.069551944732666,3.527469942366574,,1.0,0.9273772239685059,
1.2527565956115723,1790084139.0871308,,4265,,0.9113771915435791,17905.128525401,10000.0,-58.05849075317383,,3.0668821334838867,3.0085335636836508,,1.0,0.9279137253761292,
1.1943373680114746,1790084143.127182,,4266,,0.9089264869689941,17909.143493857,10000.0,-57.87555694580078,,3.05021595954895,3.9338154762252637,,1.0,0.9273796677589417,
1.1460821628570557,1790084147.1421561,,4267,,0.9127970337867737,17913.387629675,10000.0,-57.440250396728516,,3.0540435314178467,3.5225196370377634,,1.0,0.9273602962493896,
1.122637152671814,1790084151.3862333,,4268,,0.9127131104469299,17917.424466169,10000.0,-58.55827713012695,,2.9771485328674316,3.420586036417028,,1.0,0.9285815358161926,
1.204707145690918,1790084155.4231284,,4269,,0.9091821312904358,17921.460299917,10000.0,-58.4547233581543,,3.0086607933044434,2.743714520856572,,1.0,0.92754065990448,
1.2208504676818848,1790084159.458959,,4270,,0.9084761738777161,17925.475931112,10000.0,-58.73873519897461,,3.0649526119232178,2.730311876005419,,1.0,0.9266794323921204,
1.303268551826477,1790084163.4746163,,4271,,0.90947425365448,17929.528312502,10000.0,-59.488216400146484,,3.0088300704956055,2.9139775934834904,,1.0,0.9271833300590515,
1.279179573059082,1790084167.5269814,,4272,,0.9097775816917419,17933.575903785,10000.0,-57.50758361816406,,3.0408763885498047,3.3024377228846453,,1.0,0.9276635050773621,
1.2724566459655762,1790084171.5745974,,4273,,0.9120772480964661,17937.633303046,10000.0,-57.98023986816406,,3.0240774154663086,3.886788501353849,,1.0,0.927052915096283,
1.2552552223205566,1790084175.6319149,,4274,,0.9113725423812866,17941.83051435,10000.0,-58.25044250488281,,3.0224335193634033,2.851138825935279,,1.0,0.9278455972671509,
1.2900140285491943,1790084179.8291798,,4275,,0.91004478931427,17945.889221776,10000.0,-58.916263580322266,,2.9632632732391357,2.7120973263939367,,1.0,0.9283081889152527,
1.2857749462127686,1790084183.887938,,4276,,0.9086225628852844,17949.963930837,10000.0,-59.248958587646484,,2.980715751647949,3.3963095907944774,,1.0,0.927767813205719,
1.304185152053833,1790084187.962617,,4277,,0.9088211059570312,17954.009437525,10000.0,-58.06808090209961,,2.9374136924743652,3.3195831999505883,,1.0,0.9293047189712524,
1.3511120080947876,1790084192.008098,,4278,,0.9096767902374268,17958.066960649,10000.0,-58.38143539428711,,2.9596974849700928,2.4711188708416363,,1.0,0.9278231263160706,
1.3434146642684937,1790084196.0656333,,4279,,0.9097262024879456,17962.123720866,10000.0,-58.930870056152344,,2.960764169692993,3.1994894111930345,,1.0,0.9291368722915649,
1.3416627645492554,1790084200.1223946,,4280,,0.9074633121490479,17966.183457816,10000.0,-59.818904876708984,,2.962801933288574,3.9341804237648743,,1.0,0.9270066022872925,
1.356701374053955,1790084204.1821454,,4281,,0.9150651693344116,17970.394810691,10000.0,-58.41926193237305,,2.9406044483184814,2.797715167171596,,1.0,0.9287468194961548,
1.3738465309143066,1790084208.3934474,,4282,,0.9066535234451294,17974.43983557,10000.0,-58.547157287597656,,2.9042489528656006,3.7386376077765875,,1.0,0.9261444807052612,
1.3639167547225952,1790084212.4385016,,4283,,0.9082579612731934,17978.48024708,10000.0,-58.728363037109375,,2.888711452484131,3.326770565486229,,1.0,0.9285626411437988,
1.3774982690811157,1790084216.4788816,,4284,,0.9118745923042297,17982.514535574,10000.0,-58.192901611328125,,2.9078030586242676,2.984145721266099,,1.0,0.9277567267417908,
1.337235927581787,1790084220.513188,,4285,,0.9106508493423462,17986.539097792,10000.0,-58.382808685302734,,2.863568067550659,3.7064598044065207,,1.0,0.9282909631729126,
1.356469750404358,1790084224.5377262,,4286,,0.9118191003799438,17990.5909662,10000.0,-59.32425308227539,,2.845985174179077,3.0056530317494974,,1.0,0.9275022149085999,
1.343903660774231,1790084228.5896497,,4287,,0.909857988357544,17994.643343137,10000.0,-58.51292037963867,,2.8802802562713623,3.8281593618787673,,1.0,0.9280142188072205,
1.4458024501800537,1790084232.6420112,,4288,,0.9090927839279175,17998.784176668,10000.0,-57.650203704833984,,2.8075456619262695,3.3009941883854657,,1.0,0.9283187985420227,
1.4510409832000732,1790084236.782873,,4289,,0.9103519916534424,18002.835544501,10000.0,-57.994571685791016,,2.8188107013702393,2.8321950825945725,,1.0,0.928117573261261,
1.4659314155578613,1790084240.8341773,,4290,,0.9115598201751709,18006.877038433,10000.0,-57.940773010253906,,2.780752182006836,3.3060629785195643,,1.0,0.9280322790145874,
1.5339903831481934,1790084244.8757377,,4291,,0.9089797139167786,18010.906786505,10000.0,-57.705848693847656,,2.797839879989624,3.4952013644911313,,1.0,0.9280329346656799,
1.5286316871643066,1790084248.905433,,4292,,0.9130733609199524,18014.950326422,10000.0,-58.404151916503906,,2.783010482788086,3.042594542199702,,1.0,0.9299482107162476,
1.5564167499542236,1790084252.9489887,,4293,,0.9103289246559143,18018.982891573,10000.0,-58.946529388427734,,2.8158719539642334,3.4347511336357925,,1.0,0.9288845658302307,
1.5464930534362793,1790084256.9815342,,4294,,0.9099463820457458,18023.021073351,10000.0,-58.166419982910156,,2.8010308742523193,3.3115310906854085,,1.0,0.9272264242172241,
1.5822176933288574,1790084261.019747,,4295,,0.9106758236885071,18027.178949639,10000.0,-57.6843147277832,,2.729686975479126,3.0149156008340374,,1.0,0.9289449453353882,
1.5241951942443848,1790084265.177613,,4296,,0.9117844104766846,18031.201256551,10000.0,-58.41765213012695,,2.7918832302093506,3.197577234348135,,1.0,0.9280714988708496,
1.6241008043289185,1790084269.1999197,,4297,,0.9126507639884949,18035.21789609,10000.0,-57.860755920410156,,2.7123444080352783,4.008856584710293,,1.0,0.9281406402587891,
1.6860580444335938,1790084273.2165682,,4298,,0.9127091765403748,18039.250456207,10000.0,-58.66270446777344,,2.743304967880249,2.980495782074923,,1.0,0.9280509948730469,
1.6919153928756714,1790084277.2491212,,4299,,0.9098522067070007,18043.28762413,10000.0,-57.257083892822266,,2.738642692565918,3.1697396915384632,,1.0,0.9277160167694092,
1.607954740524292,1790084281.2862742,,4300,,0.9098105430603027,18047.291234614,10000.0,-57.11628723144531,,2.7657318115234375,2.8157130201354916,,1.0,0.9262993335723877,
1.6434048414230347,1790084285.2898893,,4301,,0.9085708856582642,18051.318019849,10000.0,-57.36192321777344,,2.742039442062378,3.380181609225346,,1.0,0.9276567101478577,
1.7350585460662842,1790084289.3167138,,4302,,0.9103870391845703,18055.357742331,10000.0,-58.2541389465332,,2.718296766281128,3.104349985248915,,1.0,0.9276703596115112,
1.855574369430542,1790084293.3564527,,4303,,0.9121436476707458,18059.500855998,10000.0,-58.911659240722656,,2.685408592224121,2.8374375021030156,,1.0,0.9285387992858887,
1.8963661193847656,1790084297.4994977,,4304,,0.9098508358001709,18063.523626743,10000.0,-58.124488830566406,,2.6759378910064697,4.367038050345316,,1.0,0.92767333984375,
1.8083655834197998,1790084301.522277,,4305,,0.9081484079360962,18067.557084406,10000.0,-59.52347183227539,,2.696676731109619,3.5090044097337056,,1.0,0.9272319078445435,
1.8230042457580566,1790084305.555698,,4306,,0.9090909361839294,18071.59303151,10000.0,-60.81975555419922,,2.6884076595306396,2.5608777936773883,,1.0,0.9271787405014038,
1.8605780601501465,1790084309.591666,,4307,,0.9096565842628479,18075.625014094,10000.0,-60.47709655761719,,2.6850922107696533,3.2833573373226668,,1.0,0.9273322224617004,
1.8234132528305054,1790084313.6236963,,4308,,0.9104066491127014,18079.660137248,10000.0,-60.39762878417969,,2.6410555839538574,4.472763323154531,,1.0,0.9286398887634277,
1.8726426362991333,1790084317.6587768,,4309,,0.9102551937103271,18083.711825985,10000.0,-61.27372741699219,,2.6450605392456055,3.895112843024848,,1.0,0.9267324209213257,
1.982225775718689,1790084321.710467,,4310,,0.9101837873458862,18087.907099171,10000.0,-62.09437561035156,,2.631840229034424,3.1056354349880544,,1.0,0.9294998049736023,
2.0753588676452637,1790084325.9057434,,4311,,0.9081658720970154,18091.962044093,10000.0,-59.990875244140625,,2.657102584838867,3.421379807947203,,1.0,0.9267054200172424,
2.071091651916504,1790084329.960718,,4312,,0.909433901309967,18095.990401382,10000.0,-60.86758804321289,,2.6760005950927734,2.7207213332393048,,1.0,0.9283082485198975,
2.029055118560791,1790084333.989072,,4313,,0.9072126150131226,18100.019885085,10000.0,-61.81251907348633,,2.6684930324554443,3.7250249473505486,,1.0,0.9270710945129395,
2.030170440673828,1790084338.0185533,,4314,,0.9060810208320618,18104.057337844,10000.0,-61.799163818359375,,2.6106455326080322,2.8340908912464524,,1.0,0.9274662733078003,
2.1541664600372314,1790084342.0560126,,4315,,0.9071739315986633,18108.093263976,10000.0,-61.17311477661133,,2.6168439388275146,2.799776547377815,,1.0,0.9284957647323608,
2.1318135261535645,1790084346.0919235,,4316,,0.904829204082489,18112.136533529,10000.0,-60.051265716552734,,2.604020118713379,3.5075931214139358,,1.0,0.9283040761947632,
2.1219098567962646,1790084350.1352174,,4317,,0.9069541096687317,18116.3030364,10000.0,-59.571372985839844,,2.5818593502044678,3.9782110647764646,,1.0,0.9281637668609619,
2.107497215270996,1790084354.301687,,4318,,0.9052057862281799,18120.339993008,10000.0,-59.99253463745117,,2.634077548980713,3.141666787307626,,1.0,0.9279624819755554,
2.0425615310668945,1790084358.3386378,,4319,,0.9076848030090332,18124.395101715,10000.0,-60.4275016784668,,2.630183219909668,4.197256995741147,,1.0,0.9288017153739929,
2.0970640182495117,1790084362.3937526,,4320,,0.9056567549705505,18128.427973253,10000.0,-60.307884216308594,,2.5867624282836914,2.6185792657657396,,1.0,0.9272428154945374,
2.1179871559143066,1790084366.4266386,,4321,,0.903820812702179,18132.479692106,10000.0,-59.40626907348633,,2.5790045261383057,3.004475769465368,,1.0,0.9270042181015015,
2.110485553741455,1790084370.4783318,,4322,,0.904944896697998,18136.517232806,10000.0,-60.239784240722656,,2.617471694946289,2.584877261595645,,1.0,0.9272567629814148,
2.086977481842041,1790084374.5158467,,4323,,0.9045063257217407,18140.559931171,10000.0,-60.786537170410156,,2.5730795860290527,3.652400069517494,,1.0,0.9280757308006287,
2.0792465209960938,1790084378.5584939,,4324,,0.903135359287262,18144.616056672,10000.0,-60.26109313964844,,2.610502004623413,4.442164563335214,,1.0,0.9271759986877441,
2.0383050441741943,1790084382.614754,,4325,,0.9030513167381287,18148.866754204,10000.0,-61.27311706542969,,2.6477203369140625,2.836087661058595,,1.0,0.9278002977371216,
2.0668272972106934,1790084386.865428,,4326,,0.9026433825492859,18152.899124543,10000.0,-62.104248046875,,2.5647096633911133,3.6251942095238934,,1.0,0.9284228682518005,
2.0704832077026367,1790084390.8977447,,4327,,0.9003958702087402,18156.985748647,10000.0,-60.81449890136719,,2.6085703372955322,3.0283151017508314,,1.0,0.9269061088562012,
2.014885902404785,1790084394.9844062,,4328,,0.9017009139060974,18161.035042231,10000.0,-61.62602615356445,,2.646243095397949,2.600537877335425,,1.0,0.9272621870040894,
2.16351056098938,1790084399.0337098,,4329,,0.9046410322189331,18165.094637099,10000.0,-61.96247863769531,,2.5913376808166504,3.3054166460860177,,1.0,0.9282833337783813,
2.1157009601593018,1790084403.093272,,4330,,0.8994241952896118,18169.128172882,10000.0,-60.950218200683594,,2.585852861404419,2.6959220720507084,,1.0,0.925727903842926,
2.1068694591522217,1790084407.1268492,,4331,,0.9020571112632751,18173.160498073,10000.0,-62.263343811035156,,2.6198410987854004,3.1765908797958633,,1.0,0.9263460636138916,
2.136338949203491,1790084411.159166,,4332,,0.903891384601593,18177.34785846,10000.0,-60.682716369628906,,2.6157662868499756,3.6252488343999816,,1.0,0.9284865856170654,
2.199192523956299,1790084415.3465087,,4333,,0.9022879004478455,18181.39194737,10000.0,-60.814327239990234,,2.5750043392181396,3.1382864761880684,,1.0,0.927460253238678,
2.1498606204986572,1790084419.3905842,,4334,,0.90952467918396,18185.430579283,10000.0,-59.10313034057617,,2.6464884281158447,3.0418195733334397,,1.0,0.9284619092941284,
2.108471632003784,1790084423.4292562,,4335,,0.9033411145210266,18189.486586516,10000.0,-58.98104476928711,,2.5883171558380127,2.9205113298557337,,1.0,0.9273824095726013,
2.131915807723999,1790084427.4851968,,4336,,0.9023588299751282,18193.519419375,10000.0,-59.14531326293945,,2.5634031295776367,3.142305983254232,,1.0,0.9269924759864807,
2.148120403289795,1790084431.518084,,4337,,0.8991533517837524,18197.576346974,10000.0,-57.87527847290039,,2.5586462020874023,3.2405297589041973,,1.0,0.9270667433738708,
2.1599886417388916,1790084435.5750246,,4338,,0.8999743461608887,18201.639928009,10000.0,-59.874855041503906,,2.523202896118164,3.2672892779518183,,1.0,0.9271091222763062,
2.262159824371338,1790084439.638636,,4339,,0.9013189673423767,18205.854343164,10000.0,-60.6915397644043,,2.529715061187744,3.1257300031469657,,1.0,0.9282029867172241,
2.34989333152771,1790084443.8530276,,4340,,0.9021772146224976,18209.892076858,10000.0,-60.42339324951172,,2.5489630699157715,3.1918645060432587,,1.0,0.9279563426971436,
2.3286964893341064,1790084447.890784,,4341,,0.9015772342681885,18213.955381987,10000.0,-60.83152389526367,,2.5685665607452393,3.257263538676927,,1.0,0.9277279376983643,
2.333914041519165,1790084451.9540532,,4342,,0.9052262902259827,18218.010984265,10000.0,-60.202606201171875,,2.6381847858428955,2.9057315514565887,,1.0,0.9268567562103271,
2.2652478218078613,1790084456.009627,,4343,,0.9025089144706726,18222.064388801,10000.0,-59.31538391113281,,2.5305421352386475,4.331216388500591,,1.0,0.9277589917182922,
2.359772205352783,1790084460.063052,,4344,,0.9001907110214233,18226.130181019,10000.0,-61.427490234375,,2.5280916690826416,2.6358561839400902,,1.0,0.9274049997329712,
2.4554452896118164,1790084464.1288621,,4345,,0.9017078876495361,18230.170062874,10000.0,-61.39606857299805,,2.5556774139404297,2.765325188872431,,1.0,0.9276913404464722,
2.4790709018707275,1790084468.1687877,,4346,,0.9018446207046509,18234.359192973,10000.0,-61.2535514831543,,2.5484683513641357,3.0896724913400453,,1.0,0.9282537698745728,
2.381018877029419,1790084472.3578148,,4347,,0.9044638872146606,18238.407389757,10000.0,-61.91908264160156,,2.6286182403564453,2.3364665183161595,,1.0,0.9274417161941528,
2.5114974975585938,1790084476.4060652,,4348,,0.902132511138916,18242.444067035,10000.0,-61.7437629699707,,2.571437120437622,3.729285787992271,,1.0,0.9283294677734375,
2.470376491546631,1790084480.4427333,,4349,,0.9013685584068298,18246.505350957,10000.0,-61.300262451171875,,2.528031349182129,3.432808397346852,,1.0,0.9285141825675964,
2.4951226711273193,1790084484.5039718,,4350,,0.9037328958511353,18250.549617461,10000.0,-61.5687370300293,,2.5656871795654297,3.597816640815082,,1.0,0.9287409782409668,
2.4987435340881348,1790084488.5482757,,4351,,0.9005096554756165,18254.592278697,10000.0,-61.52199172973633,,2.5075318813323975,4.34669524601801,,1.0,0.9280877709388733,
2.4929511547088623,1790084492.5910027,,4352,,0.9014461636543274,18258.650787597,10000.0,-63.5985107421875,,2.5376102924346924,2.883948895473375,,1.0,0.927836000919342,
2.471238613128662,1790084496.649459,,4353,,0.9017955660820007,18262.835434871,10000.0,-63.38576126098633,,2.521531581878662,2.7398031194372896,,1.0,0.9272521138191223,
2.438133955001831,1790084500.8341072,,4354,,0.9035851359367371,18266.90109293,10000.0,-63.803470611572266,,2.568892478942871,2.621477596518569,,1.0,0.9282684326171875,
2.4851174354553223,1790084504.8997767,,4355,,0.9025055170059204,18270.946865516,10000.0,-64.7227783203125,,2.605320930480957,2.8257181591801563,,1.0,0.927008867263794,
2.5595006942749023,1790084508.945524,,4356,,0.9037758111953735,18275.008773832,10000.0,-64.05307006835938,,2.516230583190918,2.972656525630898,,1.0,0.9290886521339417,
2.5742130279541016,1790084513.0075064,,4357,,0.9024656414985657,18279.077770029,10000.0,-64.0465316772461,,2.606161594390869,3.7783879350505076,,1.0,0.9270986318588257,
2.6437904834747314,1790084517.0764494,,4358,,0.8990603089332581,18283.124170102,10000.0,-65.0230484008789,,2.5692272186279297,3.8553890707099607,,1.0,0.9270234107971191,
2.7250354290008545,1790084521.1228302,,4359,,0.9018921852111816,18287.197054127,10000.0,-64.87408447265625,,2.546252489089966,2.9867572726474814,,1.0,0.9286485910415649,
2.651625156402588,1790084525.1957042,,4360,,0.8973726630210876,18291.261690927,10000.0,-64.01763916015625,,2.5531980991363525,3.4003140919712886,,1.0,0.9265853762626648,
2.680274724960327,1790084529.2603664,,4361,,0.8986022472381592,18295.437165745,10000.0,-64.47956085205078,,2.5155861377716064,4.504331002004106,,1.0,0.9272856712341309,
2.7046215534210205,1790084533.4358406,,4362,,0.9009867906570435,18299.493298711,10000.0,-64.35932922363281,,2.506140947341919,2.9008421706196423,,1.0,0.9288149476051331,
2.758279800415039,1790084537.49198,,4363,,0.9006731510162354,18303.534520164,10000.0,-65.51525115966797,,2.49688720703125,2.843543530705923,,1.0,0.9259461760520935,
2.6608309745788574,1790084541.533149,,4364,,0.897346556186676,18307.607523215,10000.0,-64.32716369628906,,2.587040662765503,3.528507158785156,,1.0,0.9263893961906433,
2.4858713150024414,1790084545.6061435,,4365,,0.8997992873191833,18311.650808662,10000.0,-63.8395881652832,,2.505493640899658,4.097801836550137,,1.0,0.927612841129303,
2.4898276329040527,1790084549.6494288,,4366,,0.9012367129325867,18315.71748202,10000.0,-64.25920104980469,,2.5139827728271484,3.0729301777980296,,1.0,0.9268525838851929,
2.5045478343963623,1790084553.7160804,,4367,,0.9036061763763428,18319.796711836,10000.0,-63.63823318481445,,2.5127129554748535,4.226729570508807,,1.0,0.9271724224090576,
2.468804359436035,1790084557.7954288,,4368,,0.8999788165092468,18324.003782311,10000.0,-62.6675910949707,,2.503166437149048,3.4707191242098756,,1.0,0.9276013970375061,
2.5055744647979736,1790084562.0024035,,4369,,0.9027458429336548,18328.061460891,10000.0,-63.72891616821289,,2.473039150238037,3.945426467712154,,1.0,0.9275804758071899,
2.5353550910949707,1790084566.0601108,,4370,,0.9014047980308533,18332.09808285,10000.0,-62.19267272949219,,2.4968934059143066,3.3937372018911685,,1.0,0.9277583360671997,
2.5199100971221924,1790084570.0967531,,4371,,0.8970639705657959,18336.15741171,10000.0,-63.03971862792969,,2.520869255065918,3.0662292965055813,,1.0,0.9262534976005554,
2.6071419715881348,1790084574.1561558,,4372,,0.8989022970199585,18340.208037324,10000.0,-64.663818359375,,2.489218235015869,3.4333097211000876,,1.0,0.9273139238357544,
2.5589704513549805,1790084578.2067127,,4373,,0.8969587087631226,18344.264228159,10000.0,-64.2926025390625,,2.4902091026306152,2.4918793816855294,,1.0,0.9277541637420654,
2.645541191101074,1790084582.262893,,4374,,0.8983283042907715,18348.316309333,10000.0,-62.91788101196289,,2.476531744003296,2.798263919290194,,1.0,0.9281055331230164,
2.6559228897094727,1790084586.3149192,,4375,,0.8982053399085999,18352.523063021,10000.0,-62.62960433959961,,2.5058465003967285,3.06681570121955,,1.0,0.9280161261558533,
2.6876187324523926,1790084590.5217214,,4376,,0.9006925225257874,18356.58192965,10000.0,-62.45893096923828,,2.505920171737671,2.8306060121136905,,1.0,0.9276614189147949,
2.7134671211242676,1790084594.5805902,,4377,,0.8974158763885498,18360.655639173,10000.0,-64.26144409179688,,2.5184993743896484,3.86506026800773,,1.0,0.9276596307754517,
2.639148235321045,1790084598.6543038,,4378,,0.9000418782234192,18364.698499259,10000.0,-63.34298324584961,,2.539375066757202,3.608400354165411,,1.0,0.9280564188957214,
2.726930856704712,1790084682.6484036,,4379,0.4776912648297419,0.8985741138458252,18446.251402084,10000.0,-63.65788269042969,0.2621233017490219,2.4935007095336914,3.3864576162661146,1.0030821561813354,1.0,0.9281403422355652,
,1790084684.2501588,0.8792503476142883,4380,,,18447.755824666,,,,,,,,,10000.0
,1790084685.754512,0.8645866513252258,4381,,,18449.395748311,,,,,,,,,10000.0
,1790084687.3945107,0.8515245318412781,4382,,,18450.907439926,,,,,,,,,10000.0
,1790084688.9062066,0.8300491571426392,4383,,,18452.424153863,,,,,,,,,10000.0
,1790084690.422951,0.8111588954925537,4384,,,18453.954198203,,,,,,,,,10000.0
,1790084691.9529593,0.7908109426498413,4385,,,18455.473632613,,,,,,,,,10000.0
,1790084693.4723835,0.7685724496841431,4386,,,18456.994011011,,,,,,,,,10000.0
,1790084694.992699,0.7500954270362854,4387,,,18458.661831304,,,,,,,,,10000.0
,1790084696.6605434,0.735596776008606,4388,,,18460.185767783,,,,,,,,,10000.0
,1790084698.1844432,0.7114197015762329,4389,,,18461.704049414,,,,,,,,,10000.0
,1790084699.702803,0.6933057904243469,4390,,,18463.224011645,,,,,,,,,10000.0
,1790084701.2228074,0.6710931658744812,4391,,,18464.753401698,,,,,,,,,10000.0
,1790084702.7520983,0.6493663191795349,4392,,,18466.273137506,,,,,,,,,10000.0
,1790084704.2718358,0.6275323629379272,4393,,,18467.806992137,,,,,,,,,10000.0
,1790084705.8057594,0.6085764765739441,4394,,,18469.326388231,,,,,,,,,10000.0
,1790084707.3251572,0.590009331703186,4395,,,18470.842763246,,,,,,,,,10000.0
,1790084708.8415031,0.5766639113426208,4396,,,18472.362611572,,,,,,,,,10000.0
,1790084710.3613877,0.5504205822944641,4397,,,18473.887522199,,,,,,,,,10000.0
,1790084711.8862932,0.5369547605514526,4398,,,18475.563723252,,,,,,,,,10000.0
,1790084713.562473,0.5266125202178955,4399,,,18479.616633812,,,,,,,,,10000.0
2.6766183376312256,1790084717.6152756,,4400,,0.8988139629364014,18483.669311513,10000.0,-64.23701477050781,,2.545402765274048,3.804775121084228,,1.0,0.9275036454200745,
2.5899996757507324,1790084721.6679735,,4401,,0.8965320587158203,18487.681621497,10000.0,-65.89950561523438,,2.517667770385742,4.199868043482594,,1.0,0.9290052056312561,
2.596176862716675,1790084725.680292,,4402,,0.8989484310150146,18491.731773157,10000.0,-62.958133697509766,,2.549319267272949,3.662944175202595,,1.0,0.9285897612571716,
2.586545705795288,1790084729.730412,,4403,,0.8951115608215332,18495.759530583,10000.0,-65.42939758300781,,2.4993152618408203,3.825193322187802,,1.0,0.9273123741149902,
2.5488040447235107,1790084733.7582188,,4404,,0.9011101722717285,18499.791094439,10000.0,-65.48532104492188,,2.520233154296875,3.2430839084880736,,1.0,0.9291357398033142,
2.589092493057251,1790084737.7897675,,4405,,0.8983410596847534,18503.97032867,10000.0,-64.51961517333984,,2.4955899715423584,3.3021407111075853,,1.0,0.9284594058990479,
2.6443774700164795,1790084741.9689906,,4406,,0.8983618021011353,18507.976959382,10000.0,-65.64227294921875,,2.5215003490448,2.879070157533233,,1.0,0.9274799227714539,
2.6731996536254883,1790084745.9756305,,4407,,0.8960413336753845,18512.004487881,10000.0,-66.3449935913086,,2.524980068206787,3.5880636920688653,,1.0,0.9268205165863037,
2.619783878326416,1790084750.0031571,,4408,,0.8962100148200989,18516.017769988,10000.0,-64.92935180664062,,2.5253100395202637,3.4524058143559166,,1.0,0.9267202615737915,
2.64393949508667,1790084754.0164418,,4409,,0.8964254856109619,18520.050141336,10000.0,-65.36732482910156,,2.4998018741607666,3.393241051728152,,1.0,0.9290242791175842,
2.718517780303955,1790084758.0488117,,4410,,0.8969317674636841,18524.086961633,10000.0,-65.45320129394531,,2.4893555641174316,3.4286169954558883,,1.0,0.9283514618873596,
2.7382748126983643,1790084762.0856287,,4411,,0.8978888988494873,18528.110132074,10000.0,-65.20941162109375,,2.4970436096191406,2.6991774130963,,1.0,0.928587019443512,
2.6815567016601562,1790084766.1087956,,4412,,0.8971421718597412,18532.282602064,10000.0,-65.32366943359375,,2.471177577972412,3.1089550294536634,,1.0,0.927613377571106,
2.682271718978882,1790084770.2812598,,4413,,0.8972439765930176,18536.314687755,10000.0,-65.24596405029297,,2.4680371284484863,3.7200287205633713,,1.0,0.9274359345436096,
2.6459696292877197,1790084774.313344,,4414,,0.9001309275627136,18540.347360372,10000.0,-63.70061111450195,,2.4375548362731934,4.036725490288417,,1.0,0.9270651936531067,
2.661043167114258,1790084778.34603,,4415,,0.901439905166626,18544.37754862,10000.0,-64.21276092529297,,2.515329360961914,3.1631910700403036,,1.0,0.9265194535255432,
2.656935930252075,1790084782.3756459,,4416,,0.9002829790115356,18548.399439645,10000.0,-63.651371002197266,,2.4110214710235596,3.2131674918345485,,1.0,0.9282602071762085,
2.7075164318084717,1790084786.3981004,,4417,,0.9013551473617554,18552.443703323,10000.0,-63.23015213012695,,2.4106695652008057,3.3050454868111725,,1.0,0.9278016090393066,
2.635953664779663,1790084790.4423318,,4418,,0.8981585502624512,18556.476001417,10000.0,-64.26036834716797,,2.3776116371154785,4.7765953541905635,,1.0,0.927483320236206,
2.5819091796875,1790084794.4746761,,4419,,0.9001374840736389,18560.506952033,10000.0,-64.12659454345703,,2.377814531326294,3.0023266968680855,,1.0,0.928605854511261,
2.582350730895996,1790084798.5056512,,4420,,0.8992401361465454,18564.687983331,10000.0,-61.651493072509766,,2.447774887084961,2.932051498973564,,1.0,0.9279820322990417,
2.6615517139434814,1790084802.6866498,,4421,,0.9014508128166199,18568.725835598,10000.0,-63.796993255615234,,2.4169559478759766,4.805852143246389,,1.0,0.9277907609939575,
2.5860166549682617,1790084806.7244897,,4422,,0.9003282785415649,18572.748578425,10000.0,-64.19881439208984,,2.416783332824707,3.7827806095782193,,1.0,0.9272477030754089,
2.6024036407470703,1790084810.7472618,,4423,,0.9002140164375305,18576.792700412,10000.0,-64.95498657226562,,2.3829288482666016,2.504843700714389,,1.0,0.9283278584480286,
2.5889170169830322,1790084814.7913477,,4424,,0.8982822299003601,18580.812592172,10000.0,-64.9754867553711,,2.4857659339904785,2.725279361171743,,1.0,0.9259612560272217,
2.6683719158172607,1790084818.8112519,,4425,,0.899637758731842,18584.844518601,10000.0,-65.21366882324219,,2.4434876441955566,3.129733933238935,,1.0,0.9272563457489014,
2.685389518737793,1790084822.8431861,,4426,,0.9029619097709656,18588.884625523,10000.0,-66.36672973632812,,2.4458436965942383,2.9940910519050665,,1.0,0.928897500038147,
2.8729088306427,1790084826.8832078,,4427,,0.897782564163208,18593.085168146,10000.0,-66.22566223144531,,2.488982915878296,3.8347922950352475,,1.0,0.9270746111869812,
2.847219467163086,1790084831.0838556,,4428,,0.8985540270805359,18597.116248832,10000.0,-65.03105926513672,,2.4533932209014893,4.727922006982928,,1.0,0.9274193644523621,
2.82932710647583,1790084835.1149015,,4429,,0.8979544043540955,18601.135651174,10000.0,-66.81439971923828,,2.428025007247925,3.621319456789336,,1.0,0.9279157519340515,
2.843587875366211,1790084839.1343117,,4430,,0.8969960808753967,18605.172133805,10000.0,-66.60993957519531,,2.4229180812835693,2.8314782246789245,,1.0,0.927247166633606,
2.826791286468506,1790084843.1708333,,4431,,0.9007822275161743,18609.185096427,10000.0,-66.07286071777344,,2.4265379905700684,3.538789823630912,,1.0,0.9280499219894409,
2.882798671722412,1790084847.1837897,,4432,,0.8998295664787292,18613.21324335,10000.0,-65.60377502441406,,2.3954033851623535,3.646721294034201,,1.0,0.9279611110687256,
2.9344983100891113,1790084851.2119193,,4433,,0.8952619433403015,18617.231190999,10000.0,-64.8698501586914,,2.458200454711914,2.6930749130597746,,1.0,0.927687406539917,
2.9201605319976807,1790084855.2298703,,4434,,0.8962513208389282,18621.409255666,10000.0,-66.71156311035156,,2.443373918533325,3.0225542228514364,,1.0,0.9274716377258301,
3.0269651412963867,1790084859.407942,,4435,,0.9000254273414612,18625.443339338,10000.0,-67.19731140136719,,2.4348363876342773,3.258682198031537,,1.0,0.9289582967758179,
3.0240957736968994,1790084863.4420254,,4436,,0.8970757126808167,18629.458263786,10000.0,-67.05884552001953,,2.4793426990509033,4.0154404365480945,,1.0,0.9273473620414734,
3.158015727996826,1790084867.4569483,,4437,,0.8948182463645935,18633.461739501,10000.0,-66.84717559814453,,2.463111162185669,2.95512233361882,,1.0,0.9279108643531799,
2.9841275215148926,1790084871.460408,,4438,,0.8971394896507263,18637.495802865,10000.0,-66.63687133789062,,2.4486136436462402,3.0489814604585406,,1.0,0.9269611239433289,
2.956381320953369,1790084875.4944677,,4439,,0.8951429128646851,18641.536309992,10000.0,-66.7675552368164,,2.393324375152588,3.864822513766651,,1.0,0.9293208122253418,
2.9448928833007812,1790084879.5349922,,4440,,0.8970881104469299,18645.555350993,10000.0,-66.63539123535156,,2.431926965713501,4.7628498620256385,,1.0,0.9268926382064819,
2.881122350692749,1790084883.5540335,,4441,,0.8978666663169861,18649.714908359,10000.0,-66.19770050048828,,2.5221261978149414,4.491992994064462,,1.0,0.9271529316902161,
2.8692495822906494,1790084887.7135837,,4442,,0.8966029286384583,18653.755614937,10000.0,-67.20658111572266,,2.4827723503112793,3.403143133571747,,1.0,0.9262385368347168,
2.8764214515686035,1790084891.754306,,4443,,0.895099401473999,18657.774812178,10000.0,-65.61297607421875,,2.4591574668884277,5.149471462398812,,1.0,0.9266111254692078,
2.8668525218963623,1790084895.7734792,,4444,,0.8986533284187317,18661.80469288,10000.0,-64.7942886352539,,2.4094769954681396,3.669094396515478,,1.0,0.9285330176353455,
2.792994499206543,1790084899.8033624,,4445,,0.8962408304214478,18665.819197461,10000.0,-66.12964630126953,,2.4421651363372803,2.9050968017676917,,1.0,0.9288245439529419,
2.855041742324829,1790084903.8178647,,4446,,0.8945612907409668,18669.857480201,10000.0,-64.6924057006836,,2.4267983436584473,3.3344689489028925,,1.0,0.9274275302886963,
2.8595330715179443,1790084907.8561668,,4447,,0.8942834734916687,18673.891341007,10000.0,-65.06775665283203,,2.4032912254333496,3.166588613462253,,1.0,0.9286351203918457,
2.8655920028686523,1790084911.8900054,,4448,,0.8967499732971191,18678.057918251,10000.0,-64.56681823730469,,2.405648708343506,2.7254946762161145,,1.0,0.9275205731391907,
2.8710782527923584,1790084916.0565937,,4449,,0.8962111473083496,18682.082756096,10000.0,-64.42047882080078,,2.4275362491607666,3.4976737862486025,,1.0,0.9260687232017517,
2.9568893909454346,1790084920.081422,,4450,,0.8992016315460205,18686.084493517,10000.0,-65.56513977050781,,2.3841638565063477,3.1093066184560287,,1.0,0.9293931722640991,
2.9076931476593018,1790084924.0831769,,4451,,0.8970533609390259,18690.092818409,10000.0,-65.4917221069336,,2.4528684616088867,4.0298994757760935,,1.0,0.9277822375297546,
2.7778048515319824,1790084928.0915112,,4452,,0.8977571129798889,18694.115166186,10000.0,-66.74099731445312,,2.482907772064209,4.515474697828598,,1.0,0.9272161722183228,
2.8149237632751465,1790084932.1138396,,4453,,0.8939203023910522,18698.136178077,10000.0,-65.6396713256836,,2.4533002376556396,3.035495544830166,,1.0,0.927788496017456,
2.820418119430542,1790084936.134858,,4454,,0.8968159556388855,18702.172737721,10000.0,-65.89669036865234,,2.4448907375335693,3.9443002009139505,,1.0,0.9279730916023254,
2.7219901084899902,1790084940.1714225,,4455,,0.8953475952148438,18706.192521761,10000.0,-65.40211486816406,,2.5549564361572266,3.3188691188395536,,1.0,0.9272284507751465,
2.687253475189209,1790084944.1911833,,4456,,0.8920045495033264,18710.374711382,10000.0,-65.54202270507812,,2.461428642272949,3.4872165681492553,,1.0,0.9269858002662659,
2.7418739795684814,1790084948.373393,,4457,,0.8951908349990845,18714.38753813,10000.0,-65.93656158447266,,2.4046218395233154,4.088766235903913,,1.0,0.9281956553459167,
2.767098903656006,1790084952.386225,,4458,,0.8963746428489685,18718.422169731,10000.0,-67.6841049194336,,2.4242076873779297,3.898634798573225,,1.0,0.9283656477928162,
2.8571970462799072,1790084956.4208505,,4459,,0.8931491374969482,18722.43509374,10000.0,-68.85693359375,,2.391166925430298,3.9457654427534137,,1.0,0.9289741516113281,
2.967972993850708,1790084960.4337618,,4460,,0.8936393857002258,18726.464845321,10000.0,-67.55049133300781,,2.4213433265686035,3.876785452716568,,1.0,0.9274060726165771,
3.0461905002593994,1790084964.4635203,,4461,,0.8922764658927917,18730.471560194,10000.0,-68.05169677734375,,2.387235403060913,3.4205641427168914,,1.0,0.9277114868164062,
2.9915771484375,1790084968.470234,,4462,,0.8965179920196533,18734.501526106,10000.0,-67.8592758178711,,2.365898847579956,4.082805990021924,,1.0,0.9286819696426392,
2.976757764816284,1790084972.5001845,,4463,,0.8961909413337708,18738.656772489,10000.0,-67.68264770507812,,2.4185543060302734,3.8775505629845264,,1.0,0.9273183345794678,
2.9696667194366455,1790084976.6554422,,4464,,0.896565318107605,18742.671906624,10000.0,-66.45703887939453,,2.416788101196289,2.9132745381390777,,1.0,0.928775429725647,
3.0316245555877686,1790084980.6705885,,4465,,0.8943458795547485,18746.70282752,10000.0,-68.55004119873047,,2.4084877967834473,3.972398904777482,,1.0,0.9258330464363098,
3.0013906955718994,1790084984.7015116,,4466,,0.8954926133155823,18750.716955046,10000.0,-68.40612030029297,,2.4026601314544678,3.3236136122437028,,1.0,0.9275540113449097,
2.995835781097412,1790084988.7156413,,4467,,0.8930017352104187,18754.724760118,10000.0,-67.97868347167969,,2.3909730911254883,3.0425903804552537,,1.0,0.9273118376731873,
3.0864810943603516,1790084992.7234225,,4468,,0.8916645050048828,18758.725034612,10000.0,-67.35104370117188,,2.384991407394409,2.7985571336280226,,1.0,0.9278085827827454,
3.079957962036133,1790084996.7237275,,4469,,0.8945889472961426,18762.770614003,10000.0,-67.35836029052734,,2.375251531600952,4.22575135707717,,1.0,0.9269639849662781,
3.0352354049682617,1790085000.7692232,,4470,,0.8900465369224548,18766.92379388,10000.0,-67.7972183227539,,2.3874592781066895,3.290168528810734,,1.0,0.9270510673522949,
3.0786004066467285,1790085004.9224703,,4471,,0.8935810327529907,18770.943192656,10000.0,-67.0147933959961,,2.3407278060913086,3.700099724742475,,1.0,0.9267040491104126,
2.957531213760376,1790085008.941875,,4472,,0.8958860039710999,18774.965746946,10000.0,-67.55741882324219,,2.3412842750549316,4.138377380074372,,1.0,0.9283247590065002,
2.9946093559265137,1790085012.9644256,,4473,,0.8903701305389404,18778.971966742,10000.0,-68.86990356445312,,2.3160207271575928,2.6818656411718953,,1.0,0.927941083908081,
3.040728807449341,1790085016.970651,,4474,,0.891421914100647,18783.003977157,10000.0,-67.93335723876953,,2.3069028854370117,3.1132652571165065,,1.0,0.9278398752212524,
3.0836474895477295,1790085021.0026333,,4475,,0.8922783136367798,18787.02730302,10000.0,-69.4441146850586,,2.3093948364257812,3.5100033544650304,,1.0,0.9279308319091797,
3.069938898086548,1790085025.0259888,,4476,,0.8928848505020142,18791.063747586,10000.0,-68.52214050292969,,2.3503708839416504,3.4860117189565893,,1.0,0.9272499680519104,
2.9603793621063232,1790085029.0624065,,4477,,0.8934571743011475,18795.097752165,10000.0,-68.92855072021484,,2.3698885440826416,3.314205483925963,,1.0,0.9280593395233154,
3.0210275650024414,1790085033.0964203,,4478,,0.8942062854766846,18799.291830301,10000.0,-68.85834503173828,,2.3366405963897705,2.983316403365038,,1.0,0.9280822277069092,
2.890876531600952,1790085037.2904866,,4479,,0.8918138146400452,18803.328911984,10000.0,-69.13194274902344,,2.3703925609588623,3.6891132767474275,,1.0,0.9265295267105103,
2.93058705329895,1790085041.3275871,,4480,,0.894131600856781,18807.333207228,10000.0,-69.0543441772461,,2.3628945350646973,2.995994497329989,,1.0,0.9280529618263245,
3.0231733322143555,1790085045.3318949,,4481,,0.891452431678772,18811.336737972,10000.0,-70.28973388671875,,2.3607876300811768,2.7306756958243197,,1.0,0.9270565509796143,
2.9065961837768555,1790085049.3354127,,4482,,0.8932165503501892,18815.365095733,10000.0,-69.80516815185547,,2.386712074279785,3.212375471491077,,1.0,0.9276024699211121,
2.9076032638549805,1790085053.3637028,,4483,,0.8950260877609253,18819.371046802,10000.0,-70.41354370117188,,2.3533778190612793,3.0019333179891077,,1.0,0.9273661971092224,
2.8960647583007812,1790085057.369726,,4484,,0.892504870891571,18823.400724879,10000.0,-70.4905776977539,,2.3676695823669434,3.142252016445307,,1.0,0.9276885390281677,
3.0091803073883057,1790085061.3993974,,4485,,0.8938791751861572,18827.616639709,10000.0,-70.37406921386719,,2.3483550548553467,3.622200282751166,,1.0,0.9275752305984497,
2.9114491939544678,1790085065.6153045,,4486,,0.893013596534729,18831.644684919,10000.0,-69.12507629394531,,2.358259677886963,3.599270845914348,,1.0,0.9279466867446899,
2.886863946914673,1790085069.6433685,,4487,,0.8950533866882324,18835.650561195,10000.0,-67.779541015625,,2.341414451599121,3.315608849390647,,1.0,0.927879810333252,
3.026594877243042,1790085073.6492276,,4488,,0.891518235206604,18839.707515854,10000.0,-68.33081817626953,,2.3354921340942383,3.7204606104857696,,1.0,0.9280864000320435,
2.977602958679199,1790085077.7061868,,4489,,0.8942253589630127,18843.741189654,10000.0,-70.0593490600586,,2.325671434402466,3.0536998105988338,,1.0,0.9270147681236267,
2.9243249893188477,1790085081.739774,,4490,,0.8913830518722534,18847.786307056,10000.0,-68.95237731933594,,2.332744836807251,3.566946793419947,,1.0,0.9282877445220947,
2.867187738418579,1790085085.7849877,,4491,,0.8887494802474976,18851.817122952,10000.0,-68.83281707763672,,2.3271188735961914,2.5381391624407015,,1.0,0.9273803234100342,
2.9300878047943115,1790085089.81578,,4492,,0.8908749222755432,18856.02349485,10000.0,-68.4717025756836,,2.3014845848083496,3.3457408409567093,,1.0,0.9271360039710999,
2.891397714614868,1790085094.022149,,4493,,0.8931928873062134,18860.037225819,10000.0,-69.24335479736328,,2.3011457920074463,4.130965408991648,,1.0,0.9280562400817871,
2.814443588256836,1790085098.0359104,,4494,,0.8940377235412598,18864.059554823,10000.0,-69.0985107421875,,2.289187431335449,3.2722146199847115,,1.0,0.9281283020973206,
2.825988531112671,1790085102.0582252,,4495,,0.891350507736206,18868.079329148,10000.0,-68.89893341064453,,2.317692995071411,3.432788875872847,,1.0,0.9282991290092468,
2.770214796066284,1790085106.078012,,4496,,0.8970306515693665,18872.103215625,10000.0,-69.48756408691406,,2.418933868408203,3.0690506160000495,,1.0,0.9289782643318176,
2.7358181476593018,1790085110.1018865,,4497,,0.8913174271583557,18876.131074791,10000.0,-70.50479888916016,,2.3350024223327637,3.0000220246188807,,1.0,0.9289558529853821,
2.8224868774414062,1790085114.1296775,,4498,,0.8887750506401062,18880.148164686,10000.0,-68.1981430053711,,2.337195634841919,3.5476181219134633,,1.0,0.927574634552002,
2.8970258235931396,1790085118.1468234,,4499,,0.8895269632339478,18884.32294918,10000.0,-69.22502136230469,,2.3165712356567383,4.060898070999892,,1.0,0.9285666942596436,
2.8946382999420166,1790085122.3215783,,4500,,0.8898451328277588,18888.375017167,10000.0,-69.99909973144531,,2.281280755996704,2.652587112405668,,1.0,0.9280737042427063,
2.933476448059082,1790085126.3736925,,4501,,0.8901391625404358,18892.391691396,10000.0,-70.46072387695312,,2.266775131225586,3.0496562158135125,,1.0,0.9287794232368469,
2.8296267986297607,1790085130.3903685,,4502,,0.8884603977203369,18896.419996123,10000.0,-70.5586929321289,,2.3242990970611572,5.003418936718048,,1.0,0.9278622269630432,
2.9746434688568115,1790085134.4186406,,4503,,0.8914696574211121,18900.430108234,10000.0,-71.3780288696289,,2.306293249130249,3.712734520851249,,1.0,0.9289098381996155,
2.9557127952575684,1790085138.4287653,,4504,,0.8884698748588562,18904.470492768,10000.0,-72.60981750488281,,2.2924294471740723,3.230166325381103,,1.0,0.9276049733161926,
2.9572649002075195,1790085142.4691327,,4505,,0.8896543383598328,18908.502780212,10000.0,-71.68407440185547,,2.3005123138427734,3.276026961632314,,1.0,0.928111732006073,
3.011336088180542,1790085146.5014515,,4506,,0.8904250264167786,18912.669042566,10000.0,-70.91694641113281,,2.311734199523926,4.055999546859414,,1.0,0.9279999732971191,
3.042213201522827,1790085150.6676693,,4507,,0.8885239362716675,18916.702279156,10000.0,-71.92501068115234,,2.2646987438201904,3.1099721499214157,,1.0,0.9272586107254028,
2.9594104290008545,1790085154.700946,,4508,,0.8911430835723877,18920.727605895,10000.0,-72.35259246826172,,2.2807888984680176,2.910760669470213,,1.0,0.9280144572257996,
2.949497938156128,1790085158.726264,,4509,,0.889645516872406,18924.752186722,10000.0,-73.11576080322266,,2.255753517150879,3.9667858322323717,,1.0,0.9285705089569092,
2.954608201980591,1790085162.7508562,,4510,,0.8880382776260376,18928.796538092,10000.0,-72.16946411132812,,2.3343849182128906,3.220289651505618,,1.0,0.927461564540863,
3.077254295349121,1790085166.7952037,,4511,,0.8882121443748474,18932.816769084,10000.0,-73.14669036865234,,2.2569942474365234,2.77059083818468,,1.0,0.9285616278648376,
2.962632179260254,1790085170.8153865,,4512,,0.8872062563896179,18936.858084323,10000.0,-72.22528076171875,,2.2887380123138428,4.0102773837127845,,1.0,0.9283412098884583,
2.9561150074005127,1790085174.8567529,,4513,,0.8925501108169556,18940.887626849,10000.0,-73.35997772216797,,2.344827651977539,3.334757003612873,,1.0,0.9280727505683899,
2.9475278854370117,1790085178.8862808,,4514,,0.8863348364830017,18945.070111125,10000.0,-72.2269058227539,,2.303741455078125,2.989408269635788,,1.0,0.927589476108551,
2.963068962097168,1790085183.068745,,4515,,0.89398592710495,18949.102645258,10000.0,-73.55000305175781,,2.3927619457244873,3.347501166984557,,1.0,0.9268096685409546,
3.0835399627685547,1790085187.1012628,,4516,,0.8864107728004456,18953.128557383,10000.0,-72.21337127685547,,2.2689332962036133,3.1524760064005246,,1.0,0.9271062612533569,
2.9203710556030273,1790085191.1272404,,4517,,0.8856847882270813,18957.162180698,10000.0,-71.08340454101562,,2.291865348815918,4.789853671727948,,1.0,0.9276569485664368,
2.951282024383545,1790085195.1607943,,4518,,0.8883426189422607,18961.185264465,10000.0,-71.94264221191406,,2.2829673290252686,3.629667559460289,,1.0,0.927763044834137,
2.9872894287109375,1790085199.1838787,,4519,,0.8865537047386169,18965.189803053,10000.0,-71.37718963623047,,2.298175096511841,3.5862131536052777,,1.0,0.9277909994125366,
3.0168917179107666,1790085203.1884904,,4520,,0.8883381485939026,18969.208154442,10000.0,-71.35082244873047,,2.2524383068084717,3.123535002115797,,1.0,0.9285394549369812,
3.023834228515625,1790085207.206827,,4521,,0.8853320479393005,18973.405166387,10000.0,-71.52838134765625,,2.2709848880767822,2.9769977651214257,,1.0,0.9275082945823669,
3.0631821155548096,1790085211.4037423,,4522,,0.8869075775146484,18977.429978776,10000.0,-72.90632629394531,,2.259265184402466,4.604958546526952,,1.0,0.9278529286384583,
3.1279284954071045,1790085215.428593,,4523,,0.8865109086036682,18981.455662412,10000.0,-73.19192504882812,,2.2977819442749023,3.159411630711486,,1.0,0.9269161820411682,
2.9661061763763428,1790085219.4543478,,4524,,0.8879451751708984,18985.478036887,10000.0,-72.55057525634766,,2.2766928672790527,3.9025834926807197,,1.0,0.9267027974128723,
2.972774028778076,1790085223.476699,,4525,,0.8864827752113342,18989.474394164,10000.0,-72.98846435546875,,2.266131639480591,2.8198207944302127,,1.0,0.9277973175048828,
2.991415023803711,1790085227.4730587,,4526,,0.8883930444717407,18993.516248701,10000.0,-72.54535675048828,,2.29510760307312,3.147431216309715,,1.0,0.9278419613838196,
2.9986538887023926,1790085231.5148764,,4527,,0.8845239877700806,18997.535402481,10000.0,-71.55509948730469,,2.282341718673706,4.074804007710706,,1.0,0.9278881549835205,
3.0422310829162598,1790085235.5340903,,4528,,0.8891056180000305,19001.68815033,10000.0,-72.65206909179688,,2.2982609272003174,2.859637090488797,,1.0,0.9275640249252319,
3.022467851638794,1790085239.686795,,4529,,0.8884257674217224,19005.70490236,10000.0,-72.25442504882812,,2.296158790588379,3.1772852398258635,,1.0,0.9281070232391357,
3.026580810546875,1790085243.7035203,,4530,,0.8864328861236572,19009.719050354,10000.0,-71.40298461914062,,2.319314479827881,3.8421570487003827,,1.0,0.9274650812149048,
3.1378414630889893,1790085247.7177045,,4531,,0.8877836465835571,19013.739295152,10000.0,-73.60179901123047,,2.3126649856567383,3.7888940151135833,,1.0,0.9292661547660828,
3.035066843032837,1790085251.7379277,,4532,,0.890695333480835,19017.750566305,10000.0,-71.26634979248047,,2.276409387588501,3.667794361343494,,1.0,0.9280781745910645,
3.0143704414367676,1790085255.7492054,,4533,,0.8866997361183167,19021.767746566,10000.0,-72.55481719970703,,2.2460005283355713,3.4312789953582703,,1.0,0.9275341033935547,
3.028012752532959,1790085259.7663713,,4534,,0.8859731554985046,19025.772678853,10000.0,-72.73096466064453,,2.2918288707733154,2.940333309896563,,1.0,0.9268062710762024,
3.0013842582702637,1790085263.77137,,4535,,0.8849353790283203,19029.78547453,10000.0,-75.22608184814453,,2.2801513671875,3.9380827623756933,,1.0,0.9267226457595825,
3.0832669734954834,1790085267.7841434,,4536,,0.8878198266029358,19033.938059435,10000.0,-73.75664520263672,,2.2803702354431152,5.04341308818272,,1.0,0.9263210892677307,
3.04550838470459,1790085271.936683,,4537,,0.8886655569076538,19037.933271676,10000.0,-73.8369369506836,,2.259474992752075,3.41602708932109,,1.0,0.9269991517066956,
3.1039462089538574,1790085275.9319327,,4538,,0.8844203352928162,19041.947623257,10000.0,-72.56855773925781,,2.2800819873809814,3.9039336034523053,,1.0,0.9265638589859009,
3.114016056060791,1790085279.946298,,4539,,0.8826128244400024,19045.922146213,10000.0,-71.9307861328125,,2.2342467308044434,2.995569559283073,,1.0,0.9270637631416321,
3.1091537475585938,1790085283.920787,,4540,,0.8832175731658936,19049.928822498,10000.0,-72.3625717163086,,2.2547707557678223,2.432001268129884,,1.0,0.9275168776512146,
3.0520942211151123,1790085287.9275022,,4541,,0.8861876130104065,19053.92985495,10000.0,-72.13676452636719,,2.3080990314483643,2.7313142146000104,,1.0,0.927646279335022,
3.0359463691711426,1790085291.9285216,,4542,,0.8819092512130737,19057.923542651,10000.0,-71.2325668334961,,2.264462471008301,3.9096747048049214,,1.0,0.927521288394928,
3.0864322185516357,1790085295.922205,,4543,,0.8858276605606079,19062.082684255,10000.0,-71.31045532226562,,2.2349660396575928,3.3629978607447186,,1.0,0.9279537200927734,
3.1825954914093018,1790085300.0813596,,4544,,0.8837705850601196,19066.077382174,10000.0,-70.44689178466797,,2.2304892539978027,2.4979859981232364,,1.0,0.9280142188072205,
3.1237447261810303,1790085304.0758982,,4545,,0.8824160099029541,19070.065571259,10000.0,-70.71052551269531,,2.268531322479248,3.557984269102936,,1.0,0.9270126223564148,
3.081357955932617,1790085308.0642765,,4546,,0.8821351528167725,19074.069363448,10000.0,-70.02989959716797,,2.254115581512451,3.067335706393913,,1.0,0.9276134371757507,
3.1330153942108154,1790085312.0680437,,4547,,0.8819527626037598,19078.057298943,10000.0,-71.73687744140625,,2.2262346744537354,2.8350115973740317,,1.0,0.9273641109466553,
3.0862340927124023,1790085316.055975,,4548,,0.8852034211158752,19082.032010048,10000.0,-72.53536987304688,,2.2319631576538086,3.16597338072426,,1.0,0.9275972843170166,
3.174144983291626,1790085320.0306878,,4549,,0.8829266428947449,19086.02326686,10000.0,-71.3227310180664,,2.23740816116333,2.83868593097612,,1.0,0.9270213842391968,
3.1549150943756104,1790085324.0219479,,4550,,0.8850986361503601,19090.101513205,10000.0,-72.96532440185547,,2.2478582859039307,2.9373263766089996,,1.0,0.9274577498435974,
3.0236759185791016,1790085328.1002018,,4551,,0.8889402151107788,19094.091101789,10000.0,-72.57866668701172,,2.293365478515625,2.1122962141602772,,1.0,0.9272978901863098,
3.0717878341674805,1790085332.08981,,4552,,0.8850040435791016,19098.07644579,10000.0,-73.31620788574219,,2.268707513809204,3.2262846621916146,,1.0,0.9277992248535156,
3.0607681274414062,1790085336.075087,,4553,,0.8871086835861206,19102.082714418,10000.0,-74.15571594238281,,2.2584879398345947,2.65293162284063,,1.0,0.9284488558769226,
3.083167314529419,1790085340.0814211,,4554,,0.8858072757720947,19106.072565276,10000.0,-75.31322479248047,,2.2476441860198975,3.30643909520294,,1.0,0.9286471009254456,
3.1547739505767822,1790085344.071256,,4555,,0.8820263743400574,19110.039513687,10000.0,-74.39549255371094,,2.2275452613830566,2.8073738695752724,,1.0,0.9272680878639221,
3.246595859527588,1790085348.0382023,,4556,,0.8825778961181641,19114.038804086,10000.0,-74.34066772460938,,2.253710985183716,3.0406465389408015,,1.0,0.9272013306617737,
3.2832136154174805,1790085352.0374582,,4557,,0.8854458332061768,19118.170145981,10000.0,-74.96733093261719,,2.254542589187622,3.514446408683998,,1.0,0.9277445077896118,
3.4231178760528564,1790085356.1688364,,4558,,0.8846487998962402,19122.176483505,10000.0,-75.74297332763672,,2.2348968982696533,3.3437635631619425,,1.0,0.9280179738998413,
3.365743637084961,1790085360.1751194,,4559,,0.8876996040344238,19126.190133972,10000.0,-73.84567260742188,,2.3301432132720947,4.052713539733604,,1.0,0.9274399280548096,
3.293325901031494,1790085364.188823,,4560,,0.8803386092185974,19130.190818547,10000.0,-75.2044906616211,,2.2808518409729004,2.876947361174619,,1.0,0.9261678457260132,
3.2956533432006836,1790085368.1895084,,4561,,0.8820729851722717,19134.201229227,10000.0,-74.97464752197266,,2.2879960536956787,3.190484096043037,,1.0,0.9266664981842041,
3.4023656845092773,1790085372.1998987,,4562,,0.8840392231941223,19138.21013348,10000.0,-74.89099884033203,,2.2681381702423096,2.4649025466418575,,1.0,0.927883505821228,
3.3082754611968994,1790085376.2087312,,4563,,0.8845375776290894,19142.222339447,10000.0,-75.6610107421875,,2.3091142177581787,3.289314654839482,,1.0,0.9261325597763062,
3.254269599914551,1790085380.2210114,,4564,,0.886772096157074,19146.343211448,10000.0,-74.53144836425781,,2.2958619594573975,3.7411932978163454,,1.0,0.9278355240821838,
3.1891181468963623,1790085384.341856,,4565,,0.8829487562179565,19150.345855598,10000.0,-75.23058319091797,,2.2589142322540283,3.529623623248013,,1.0,0.9280760288238525,
3.2307803630828857,1790085388.3445454,,4566,,0.8813031911849976,19154.362710895,10000.0,-73.80490112304688,,2.301499128341675,3.336292401256102,,1.0,0.9271732568740845,
3.38431978225708,1790085392.3613768,,4567,,0.882618248462677,19158.36038004,10000.0,-75.51443481445312,,2.3119678497314453,3.022019520233992,,1.0,0.92656409740448,
3.3499059677124023,1790085396.3590722,,4568,,0.8804575204849243,19162.386281006,10000.0,-75.2081069946289,,2.268475294113159,2.87903153621341,,1.0,0.9276780486106873,
3.329037666320801,1790085400.3849685,,4569,,0.881040096282959,19166.370230696,10000.0,-74.29564666748047,,2.2910139560699463,4.111300273065805,,1.0,0.9265334606170654,
3.2629611492156982,1790085404.3689044,,4570,,0.8806894421577454,19170.373356246,10000.0,-75.11011505126953,,2.2590906620025635,2.847013825480312,,1.0,0.9274306297302246,
3.1960949897766113,1790085408.3720694,,4571,,0.8825291991233826,19174.402067111,10000.0,-75.84745025634766,,2.2540900707244873,3.657731572556852,,1.0,0.9274834990501404,
3.152540683746338,1790085412.400739,,4572,,0.8857713341712952,19178.547961486,10000.0,-77.5578842163086,,2.2848963737487793,2.5208908655886564,,1.0,0.9273461103439331,
3.0575084686279297,1790085416.5466237,,4573,,0.881461501121521,19182.577438388,10000.0,-75.7022476196289,,2.220093011856079,4.522538283258903,,1.0,0.9272326827049255,
3.1767356395721436,1790085420.5761225,,4574,,0.8842743635177612,19186.608709149,10000.0,-76.62193298339844,,2.2386984825134277,3.072318531041135,,1.0,0.927449643611908,
3.0469794273376465,1790085424.6074,,4575,,0.8849890828132629,19190.64632317,10000.0,-73.82659912109375,,2.2715580463409424,3.4777305052989806,,1.0,0.9280334711074829,
3.0806725025177,1790085428.6450229,,4576,,0.8824099898338318,19194.664176617,10000.0,-73.63681030273438,,2.1854851245880127,3.849259387665041,,1.0,0.9286463856697083,
3.1086905002593994,1790085432.6628416,,4577,,0.8808985352516174,19198.684506833,10000.0,-73.40235137939453,,2.2331223487854004,3.6436937336467348,,1.0,0.9264504313468933,
3.0704758167266846,1790085436.683153,,4578,,0.8823068737983704,19202.689256626,10000.0,-74.91938781738281,,2.2335469722747803,3.9901093779446284,,1.0,0.9278005361557007,
3.08951473236084,1790085440.6879497,,4579,,0.8833026885986328,19206.805272492,10000.0,-73.70223236083984,,2.187934160232544,2.309931772733536,,1.0,0.928231954574585,
3.092400312423706,1790085444.8039594,,4580,,0.8828908801078796,19210.802140739,10000.0,-74.36238098144531,,2.1642308235168457,2.873463876773145,,1.0,0.9278152585029602,
3.057637929916382,1790085448.80082,,4581,,0.882677435874939,19214.799798431,10000.0,-71.94086456298828,,2.170286178588867,3.8497474642090874,,1.0,0.9273787140846252,
3.117769718170166,1790085452.7984614,,4582,,0.883368730545044,19218.818501362,10000.0,-72.54104614257812,,2.2133853435516357,3.44018836217972,,1.0,0.9286584258079529,
3.051724910736084,1790085456.8171718,,4583,,0.8819221258163452,19222.837394603,10000.0,-74.13160705566406,,2.206206798553467,3.4726503697155913,,1.0,0.9273660182952881,
3.1162919998168945,1790085460.836103,,4584,,0.8815451860427856,19226.847069478,10000.0,-71.06787872314453,,2.1784284114837646,3.306011972157569,,1.0,0.9282229542732239,
3.116042137145996,1790085464.845763,,4585,,0.8798909783363342,19230.860683426,10000.0,-71.68315887451172,,2.194190740585327,2.805114655435142,,1.0,0.9279658794403076,
3.101146936416626,1790085468.8592646,,4586,,0.8811681866645813,19234.998699468,10000.0,-73.15164184570312,,2.157586097717285,4.063090028124527,,1.0,0.9277133941650391,
3.089395046234131,1790085472.9974306,,4587,,0.8875277042388916,19239.010399066,10000.0,-72.4074478149414,,2.277848958969116,2.7262847056413686,,1.0,0.9279736280441284,
3.0163631439208984,1790085477.0091093,,4588,,0.8790021538734436,19243.027545807,10000.0,-74.8283920288086,,2.1623167991638184,3.499775513990346,,1.0,0.9281871914863586,
3.12662935256958,1790085481.02622,,4589,,0.8790884613990784,19247.032565124,10000.0,-75.14517211914062,,2.181495428085327,2.588273724754286,,1.0,0.926725447177887,
3.0123450756073,1790085485.0312438,,4590,,0.8814196586608887,19251.063705779,10000.0,-74.24958801269531,,2.238584041595459,2.9443908834736323,,1.0,0.9283572435379028,
2.9851584434509277,1790085489.0623286,,4591,,0.8828531503677368,19255.07091819,10000.0,-75.22665405273438,,2.2557694911956787,2.9177243576451715,,1.0,0.9267106056213379,
2.9802732467651367,1790085493.0695844,,4592,,0.8816596269607544,19259.078312965,10000.0,-76.14720916748047,,2.2586867809295654,3.7752848593635076,,1.0,0.9277512431144714,
3.0321898460388184,1790085497.0769866,,4593,,0.8853795528411865,19263.089205138,10000.0,-76.4962158203125,,2.2612433433532715,2.928537502630081,,1.0,0.9275148510932922,
2.9315476417541504,1790085501.0878763,,4594,,0.8794887065887451,19267.267027162,10000.0,-76.51187133789062,,2.2658531665802,3.355731628545721,,1.0,0.926863431930542,
2.9247074127197266,1790085505.265707,,4595,,0.8801344037055969,19271.282379571,10000.0,-76.91349792480469,,2.257591485977173,3.2958853568827817,,1.0,0.9272807836532593,
2.9364845752716064,1790085509.2810261,,4596,,0.8927147388458252,19275.281522051,10000.0,-76.287353515625,,2.458819627761841,3.082777699231781,,1.0,0.9284629821777344,
2.939073085784912,1790085513.2802129,,4597,,0.878645122051239,19279.278066815,10000.0,-76.52507781982422,,2.2739524841308594,2.9008175208769744,,1.0,0.9255378246307373,
2.912219762802124,1790085517.2767448,,4598,,0.8823047876358032,19283.269711924,10000.0,-76.55675506591797,,2.237736463546753,2.835717845264673,,1.0,0.9296311140060425,
2.8828513622283936,1790085600.5240924,,4599,0.21194376601738835,0.8789233565330505,19364.248339584,10000.0,-75.99463653564453,0.001202411596151496,2.264462947845459,3.598735875442123,0.5176064372062683,1.0,0.9277593493461609,
,1790085602.2470286,0.5293427109718323,4600,,,19365.752656518,,,,,,,,,10000.0
,1790085603.751415,0.528366208076477,4601,,,19367.271926237,,,,,,,,,10000.0
,1790085605.2707214,0.5254338979721069,4602,,,19368.796639772,,,,,,,,,10000.0
,1790085606.7953439,0.5264390707015991,4603,,,19370.319990858,,,,,,,,,10000.0
,1790085608.3188305,0.5332809686660767,4604,,,19371.846825206,,,,,,,,,10000.0
,1790085609.8455434,0.5284624695777893,4605,,,19373.373772454,,,,,,,,,10000.0
,1790085611.3725305,0.5301096439361572,4606,,,19374.897435428,,,,,,,,,10000.0
,1790085612.8962252,0.5276265144348145,4607,,,19376.420387993,,,,,,,,,10000.0
,1790085614.4191272,0.5295761823654175,4608,,,19377.939868293,,,,,,,,,10000.0
,1790085615.9386406,0.5259186625480652,4609,,,19379.460375681,,,,,,,,,10000.0
,1790085617.4591396,0.5241999626159668,4610,,,19381.111320376,,,,,,,,,10000.0
,1790085619.1100712,0.5305517911911011,4611,,,19382.630777712,,,,,,,,,10000.0
,1790085620.6295488,0.5243127346038818,4612,,,19384.149994881,,,,,,,,,10000.0
,1790085622.1487877,0.5260538458824158,4613,,,19385.670247715,,,,,,,,,10000.0
,1790085623.6690714,0.5196168422698975,4614,,,19387.184814657,,,,,,,,,10000.0
,1790085625.18356,0.5245535969734192,4615,,,19388.700562511,,,,,,,,,10000.0
,1790085626.6992795,0.5213227272033691,4616,,,19390.338566341,,,,,,,,,10000.0
,1790085628.3373103,0.5205314755439758,4617,,,19391.843597021,,,,,,,,,10000.0
,1790085629.8423288,0.5155079960823059,4618,,,19393.350629292,,,,,,,,,10000.0
,1790085631.349433,0.5161629319190979,4619,,,19397.371338333,,,,,,,,,10000.0
2.9314825534820557,1790085635.3699994,,4620,,0.8798164129257202,19401.410382521,10000.0,-75.18832397460938,,2.241595983505249,3.0974299192802373,,1.0,0.9283284544944763,
2.883073329925537,1790085639.4090612,,4621,,0.878182590007782,19405.430175789,10000.0,-75.44229125976562,,2.2241437435150146,3.215954233527355,,1.0,0.9284060001373291,
2.8492515087127686,1790085643.4288445,,4622,,0.8806064128875732,19409.471568707,10000.0,-76.64131164550781,,2.201535224914551,3.012424349946794,,1.0,0.9277303814888,
2.828108310699463,1790085647.4702346,,4623,,0.878326416015625,19413.514249345,10000.0,-76.49402618408203,,2.24119234085083,2.6071779495130807,,1.0,0.9277923107147217,
2.8183722496032715,1790085651.512913,,4624,,0.8784658908843994,19417.672344708,10000.0,-75.99740600585938,,2.2661683559417725,3.0989957312194867,,1.0,0.9261654019355774,
2.814621686935425,1790085655.6710262,,4625,,0.8784136772155762,19421.725581803,10000.0,-74.75102233886719,,2.2719321250915527,2.9988655680921372,,1.0,0.9278867840766907,
2.805340528488159,1790085659.7242043,,4626,,0.8813817501068115,19425.754229127,10000.0,-76.1249771118164,,2.2858693599700928,4.066706160643873,,1.0,0.9272077083587646,
2.79899525642395,1790085663.7528405,,4627,,0.8797600269317627,19429.80637926,10000.0,-75.8529281616211,,2.2596540451049805,3.1425294235607746,,1.0,0.9276140332221985,
2.770829439163208,1790085667.804985,,4628,,0.8809233903884888,19433.847516069,10000.0,-76.85124206542969,,2.275683641433716,3.231399695370856,,1.0,0.9275872707366943,
2.7886719703674316,1790085671.846176,,4629,,0.881720781326294,19437.882988292,10000.0,-76.18586730957031,,2.2832725048065186,3.3558027628272473,,1.0,0.9283640384674072,
2.786999464035034,1790085675.8815756,,4630,,0.8823676109313965,19441.932052023,10000.0,-77.76776885986328,,2.2842350006103516,2.4820957924074296,,1.0,0.9258534908294678,
2.7955358028411865,1790085679.930687,,4631,,0.8799528479576111,19446.111809458,10000.0,-78.11205291748047,,2.2639386653900146,4.01873586031825,,1.0,0.9282055497169495,
2.9196715354919434,1790085684.110497,,4632,,0.8790777325630188,19450.144520923,10000.0,-77.57691955566406,,2.2706029415130615,3.4277135659176583,,1.0,0.9283954501152039,
2.944270610809326,1790085688.1431966,,4633,,0.8785595893859863,19454.188186582,10000.0,-75.08695220947266,,2.281757354736328,2.8938214927153334,,1.0,0.9272493124008179,
2.880373001098633,1790085692.1868436,,4634,,0.8812528848648071,19458.212565107,10000.0,-75.29197692871094,,2.2682034969329834,2.8259791776785486,,1.0,0.9272004961967468,
2.936025619506836,1790085696.2112617,,4635,,0.8810158371925354,19462.2593677,10000.0,-75.21772003173828,,2.2703797817230225,2.993012856033717,,1.0,0.9283195734024048,
3.0153276920318604,1790085700.2580466,,4636,,0.8783563375473022,19466.285913304,10000.0,-73.93925476074219,,2.2365283966064453,3.509261058993897,,1.0,0.9284626841545105,
3.0448834896087646,1790085704.2845726,,4637,,0.8801831603050232,19470.32227795,10000.0,-74.33615112304688,,2.2164649963378906,3.5996416022306166,,1.0,0.9284276366233826,
2.9707155227661133,1790085708.3209774,,4638,,0.8782939910888672,19474.502310078,10000.0,-74.65180969238281,,2.274001121520996,3.830399256236483,,1.0,0.9262657165527344,
2.976245403289795,1790085712.5010045,,4639,,0.8795748949050903,19478.537994447,10000.0,-74.09982299804688,,2.275075674057007,2.969031864610673,,1.0,0.9276061058044434,
2.908888339996338,1790085716.5366707,,4640,,0.8771373629570007,19482.555754255,10000.0,-76.03194427490234,,2.2507410049438477,4.229491514236634,,1.0,0.9265701770782471,
2.8783743381500244,1790085720.5544405,,4641,,0.8780544400215149,19486.57946304,10000.0,-75.94219970703125,,2.21527099609375,3.0378946104589932,,1.0,0.9282646179199219,
2.9606008529663086,1790085724.5781271,,4642,,0.8800396919250488,19490.629604466,10000.0,-75.33592987060547,,2.210141181945801,4.047110686059115,,1.0,0.9270122647285461,
3.0222721099853516,1790085728.6283102,,4643,,0.8825842142105103,19494.676512372,10000.0,-74.1355209350586,,2.2224068641662598,2.93809483735267,,1.0,0.9280855059623718,
2.9755125045776367,1790085732.67519,,4644,,0.8774476647377014,19498.732820511,10000.0,-76.09407043457031,,2.218926429748535,2.8927503200873343,,1.0,0.9275038242340088,
3.0555875301361084,1790085736.7314918,,4645,,0.8775251507759094,19502.896341858,10000.0,-76.6300277709961,,2.214738368988037,2.8317196369119793,,1.0,0.9274688959121704,
3.024315595626831,1790085740.8950224,,4646,,0.8729620575904846,19506.943563468,10000.0,-75.49537658691406,,2.2496209144592285,3.3795188936703906,,1.0,0.9273290038108826,
3.113560438156128,1790085744.9422846,,4647,,1.0781967639923096,19510.986697536,10000.0,-75.51847839355469,,7.020260810852051,1.9591051301882338,,1.0,0.9271132946014404,
3.0121121406555176,1790085748.9853537,,4648,,3.7836062908172607,19515.027762669,10000.0,-75.42427062988281,,68.65401458740234,2.553302180478197,,1.0,0.9290788769721985,
2.8625521659851074,1790085753.0264525,,4649,,16.545551300048828,19519.068746914,10000.0,-74.06563568115234,,337.521728515625,2.6353481731394997,,1.0,0.9269365072250366,
2.6923129558563232,1790085757.0674143,,4650,,1.8930047750473022,19523.097728215,10000.0,-71.77326965332031,,25.082901000976562,2.0468267677426604,,1.0,0.9288256168365479,
2.4702913761138916,1790085761.0963845,,4651,,0.8985097408294678,19527.137776521,10000.0,-73.36894226074219,,3.0914299488067627,2.3743563344867944,,1.0,0.927050769329071,
2.3490025997161865,1790085765.1364717,,4652,,0.8943394422531128,19531.198560834,10000.0,-72.93965911865234,,3.148900032043457,2.6890043878005856,,1.0,0.9275093078613281,
2.3664586544036865,1790085769.1972544,,4653,,1.1820133924484253,19535.358239117,10000.0,-73.47018432617188,,9.348071098327637,2.2252253640930064,,1.0,0.9285247325897217,
2.400026559829712,1790085773.3569076,,4654,,2.241154909133911,19539.391034438,10000.0,-71.94754028320312,,34.69911193847656,2.48971665730334,,1.0,0.9280929565429688,
2.463334798812866,1790085777.389656,,4655,,11.598001480102539,19543.427973333,10000.0,-71.5328598022461,,243.49371337890625,1.7966386758309254,,1.0,0.9269000291824341,
2.486656665802002,1790085781.426635,,4656,,0.8806973099708557,19547.45735071,10000.0,-71.74784088134766,,2.7750487327575684,3.177233951738658,,1.0,0.9283743500709534,
2.5125842094421387,1790085785.4560199,,4657,,0.8808115124702454,19551.5127051,10000.0,-71.25064086914062,,2.7938899993896484,3.3438407467646516,,1.0,0.927500307559967,
2.523557186126709,1790085789.5113628,,4658,,0.9063825011253357,19555.542317817,10000.0,-71.8871078491211,,3.3705575466156006,3.1855302341105163,,1.0,0.9280564188957214,
2.5668036937713623,1790085793.5410047,,4659,,0.8914325833320618,19559.600539635,10000.0,-72.71906280517578,,3.0150465965270996,2.5905757434624896,,1.0,0.9277482628822327,
2.540255546569824,1790085797.5992455,,4660,,0.8866464495658875,19563.751845306,10000.0,-71.0842056274414,,3.027925491333008,3.524902876883169,,1.0,0.9287387132644653,
2.610576868057251,1790085801.7505167,,4661,,0.8758506774902344,19567.791164116,10000.0,-72.26692199707031,,2.5546457767486572,3.784165453014063,,1.0,0.9271582961082458,
2.6177000999450684,1790085805.7898617,,4662,,0.8862335681915283,19571.822700534,10000.0,-71.99165344238281,,2.967156171798706,2.385410792481401,,1.0,0.9278976321220398,
2.674121379852295,1790085809.8213298,,4663,,0.8790406584739685,19575.85703445,10000.0,-71.8921890258789,,2.617661476135254,2.543738471417104,,1.0,0.9276307821273804,
2.696108102798462,1790085813.8557239,,4664,,0.9052595496177673,19579.88303355,10000.0,-73.74165344238281,,3.2350029945373535,3.3751250309520096,,1.0,0.9278658032417297,
2.6686582565307617,1790085817.8817227,,4665,,0.8767751455307007,19583.914178194,10000.0,-73.09197998046875,,2.6645617485046387,3.1379292149417615,,1.0,0.9264351725578308,
2.6119489669799805,1790085821.9128504,,4666,,0.876583993434906,19587.952502197,10000.0,-73.20986938476562,,2.509418249130249,2.834229860658364,,1.0,0.927879273891449,
2.671340227127075,1790085825.9511704,,4667,,0.8770772814750671,19592.1281741,10000.0,-73.27259063720703,,2.490687608718872,3.1863739224739307,,1.0,0.9274685382843018,
2.7996811866760254,1790085830.1268349,,4668,,0.8816112279891968,19596.153377872,10000.0,-74.13622283935547,,2.427290439605713,2.7533437151965,,1.0,0.92787766456604,
2.826785087585449,1790085834.1520755,,4669,,0.8827861547470093,19600.196490397,10000.0,-73.83238983154297,,2.3926656246185303,3.1515180845994197,,1.0,0.9284299612045288,
2.7756760120391846,1790085838.195164,,4670,,0.88361656665802,19604.240736657,10000.0,-76.19963836669922,,2.381521463394165,3.2837791363846875,,1.0,0.9264895915985107,
2.8679304122924805,1790085842.2394543,,4671,,0.8791595697402954,19608.266397611,10000.0,-75.45911407470703,,2.36541748046875,2.430796559082811,,1.0,0.9264217615127563,
2.8531320095062256,1790085846.2650876,,4672,,0.8810641765594482,19612.305201428,10000.0,-76.25194549560547,,2.3089754581451416,2.7255665161535325,,1.0,0.9283015727996826,
2.8543317317962646,1790085850.303897,,4673,,0.8830669522285461,19616.354142542,10000.0,-75.87065124511719,,2.3195667266845703,2.903397146982713,,1.0,0.9278894066810608,
2.793475866317749,1790085854.3528051,,4674,,0.8836187720298767,19620.379049818,10000.0,-76.91940307617188,,2.33008074760437,3.8313922027164655,,1.0,0.9265735149383545,
2.8547351360321045,1790085858.3777473,,4675,,0.8815997838973999,19624.54256557,10000.0,-76.70069122314453,,2.314720869064331,3.0989092234728757,,1.0,0.9261959791183472,
2.9333794116973877,1790085862.5412273,,4676,,0.8806614875793457,19628.571778456,10000.0,-75.50152587890625,,2.292069435119629,3.3663095893873205,,1.0,0.9283215999603271,
2.978172540664673,1790085866.5704565,,4677,,0.8842092156410217,19632.598164409,10000.0,-76.14907836914062,,2.2330801486968994,2.558220670008896,,1.0,0.9286487698554993,
3.018693447113037,1790085870.5968244,,4678,,0.884562611579895,19636.61931125,10000.0,-76.79472351074219,,2.2337770462036133,3.112856405496179,,1.0,0.9277932643890381,
3.0418860912323,1790085874.6179395,,4679,,0.8777773380279541,19640.664168959,10000.0,-76.34524536132812,,2.2489173412323,3.4625964972936134,,1.0,0.927685558795929,
3.007343053817749,1790085878.6628735,,4680,,0.8785386085510254,19644.694031674,10000.0,-76.489013671875,,2.2585668563842773,2.8708729773941832,,1.0,0.9254684448242188,
3.018047571182251,1790085882.6926987,,4681,,0.8787250518798828,19648.746426952,10000.0,-76.03378295898438,,2.217985153198242,3.002084469167192,,1.0,0.9271916151046753,
2.9087114334106445,1790085886.7450895,,4682,,0.8827899098396301,19652.890971236,10000.0,-76.9311294555664,,2.225618600845337,2.866451244487194,,1.0,0.9285779595375061,
2.915447950363159,1790085890.8896341,,4683,,0.8818284869194031,19656.932470235,10000.0,-76.9035873413086,,2.2495272159576416,2.673217096874943,,1.0,0.9281480312347412,
3.0280606746673584,1790085894.9311173,,4684,,0.8811839818954468,19660.958721856,10000.0,-75.90245819091797,,2.2233340740203857,2.284301002356112,,1.0,0.9279130697250366,
3.034536838531494,1790085898.957398,,4685,,0.8814697861671448,19665.007926161,10000.0,-74.62871551513672,,2.225958824157715,2.8410399530176087,,1.0,0.9266313314437866,
3.0143141746520996,1790085903.006588,,4686,,0.8808146119117737,19669.028554064,10000.0,-76.62287139892578,,2.2266836166381836,3.0597600344539817,,1.0,0.9278438687324524,
2.9826531410217285,1790085907.027249,,4687,,0.8766113519668579,19673.060381757,10000.0,-76.0147933959961,,2.2663614749908447,2.6017639194073907,,1.0,0.927329421043396,
3.0204033851623535,1790085911.059076,,4688,,0.8746700286865234,19677.06823253,10000.0,-77.42159271240234,,2.2452332973480225,3.566308402600139,,1.0,0.9264070987701416,
3.0257444381713867,1790085915.0669074,,4689,,0.8759084343910217,19681.244932066,10000.0,-75.65227508544922,,2.259681224822998,3.634741759993088,,1.0,0.9268665313720703,
3.149113178253174,1790085919.2436168,,4690,,0.8781282901763916,19685.26665913,10000.0,-77.55594635009766,,2.259714126586914,2.4204360343448337,,1.0,0.9283256530761719,
3.063159227371216,1790085923.265328,,4691,,0.8778796195983887,19689.301293528,10000.0,-76.56211853027344,,2.272674798965454,2.919595946668129,,1.0,0.9280984401702881,
3.019167423248291,1790085927.29999,,4692,,0.8740366101264954,19693.295309588,10000.0,-78.04487609863281,,2.289491653442383,2.682956558742054,,1.0,0.9274404048919678,
2.99638032913208,1790085931.293984,,4693,,0.878532350063324,19697.328251736,10000.0,-78.52462768554688,,2.245394468307495,2.78199686418583,,1.0,0.9284700751304626,
3.047628402709961,1790085935.3269243,,4694,,0.8759858012199402,19701.347551959,10000.0,-78.7137222290039,,2.252204179763794,3.2428721051470766,,1.0,0.9272258877754211,
3.0635063648223877,1790085939.3462708,,4695,,0.8770025372505188,19705.389236543,10000.0,-76.64379119873047,,2.252962112426758,3.0222377873798005,,1.0,0.9279695153236389,
2.9711413383483887,1790085943.387911,,4696,,0.874331533908844,19709.5783066,10000.0,-76.71619415283203,,2.2580034732818604,4.030902722704286,,1.0,0.9265910387039185,
3.0584661960601807,1790085947.5769992,,4697,,0.8754286170005798,19713.60433929,10000.0,-77.2182388305664,,2.2664384841918945,3.3218509329765693,,1.0,0.9266584515571594,
3.022235155105591,1790085951.6029522,,4698,,0.8752609491348267,19717.635247882,10000.0,-78.64751434326172,,2.274076461791992,3.6384320128791128,,1.0,0.9266619086265564,
3.1314144134521484,1790085955.6338885,,4699,,0.8777886033058167,19721.651199494,10000.0,-80.43641662597656,,2.278935194015503,3.127101745833872,,1.0,0.9269104599952698,
3.1326980590820312,1790085959.6498923,,4700,,0.8788029551506042,19725.647267891,10000.0,-80.0068130493164,,2.3233745098114014,2.6734521695366062,,1.0,0.9272728562355042,
3.0443830490112305,1790085963.64594,,4701,,0.8763817548751831,19729.641740297,10000.0,-80.71113586425781,,2.306130886077881,2.5328694209174825,,1.0,0.9280595183372498,
3.02923583984375,1790085967.640413,,4702,,0.8757052421569824,19733.657788047,10000.0,-79.2918930053711,,2.27384877204895,3.201223571739618,,1.0,0.9279187917709351,
3.026350498199463,1790085971.6564286,,4703,,0.8780282735824585,19737.826928587,10000.0,-79.9784927368164,,2.233302354812622,3.631833127568378,,1.0,0.9282793402671814,
3.0273995399475098,1790085975.8256228,,4704,,0.8764979839324951,19741.840115161,10000.0,-79.43180847167969,,2.2715320587158203,3.497977317813464,,1.0,0.928101122379303,
3.0411734580993652,1790085979.8387663,,4705,,0.8762758374214172,19745.818458116,10000.0,-79.56637573242188,,2.229123115539551,2.8064639217720413,,1.0,0.9263778924942017,
3.108949661254883,1790085983.8171473,,4706,,0.8736464977264404,19749.847567545,10000.0,-79.26453399658203,,2.264991044998169,2.5377778035486167,,1.0,0.9281066060066223,
3.083406686782837,1790085987.8462431,,4707,,0.8774588704109192,19753.878954508,10000.0,-78.23287963867188,,2.2406890392303467,2.3699714580046245,,1.0,0.9287245869636536,
3.1426138877868652,1790085991.8775966,,4708,,0.8714687824249268,19757.914565375,10000.0,-78.25444030761719,,2.276726484298706,2.2377832748351203,,1.0,0.9267379641532898,
3.3050239086151123,1790085995.9132347,,4709,,0.8737797737121582,19761.923310988,10000.0,-80.75096893310547,,2.2067720890045166,2.9132323261598785,,1.0,0.9272105693817139,
3.2681679725646973,1790085999.9219997,,4710,,0.8741364479064941,19765.934201016,10000.0,-80.9045181274414,,2.2215919494628906,2.8532244648779397,,1.0,0.9283406138420105,
3.4431586265563965,1790086003.9328542,,4711,,0.8734481334686279,19770.089137339,10000.0,-80.2971420288086,,2.230184316635132,2.587889135231201,,1.0,0.927842378616333,
3.5566864013671875,1790086008.0878208,,4712,,0.875929594039917,19774.099335839,10000.0,-79.06391143798828,,2.225590467453003,2.7138933622194985,,1.0,0.9269629716873169,
3.4117183685302734,1790086012.0979772,,4713,,0.8785058856010437,19778.136659851,10000.0,-79.90188598632812,,2.2907135486602783,2.8117883255590135,,1.0,0.9271975159645081,
3.3189589977264404,1790086016.135328,,4714,,0.8740563988685608,19782.173406873,10000.0,-79.25531768798828,,2.2565791606903076,2.4629183282755074,,1.0,0.926663875579834,
3.291355609893799,1790086020.172076,,4715,,0.8748595714569092,19786.16913552,10000.0,-78.5577621459961,,2.2146902084350586,2.891172595508874,,1.0,0.927703320980072,
3.319075345993042,1790086024.1677845,,4716,,0.8703997731208801,19790.172064701,10000.0,-78.97431945800781,,2.1979410648345947,2.8773688927904173,,1.0,0.9283502697944641,
3.407348871231079,1790086028.1707702,,4717,,0.8729983568191528,19794.196052208,10000.0,-79.75043487548828,,2.1943628787994385,3.4973630088291827,,1.0,0.9272919297218323,
3.4027175903320312,1790086032.1947296,,4718,,0.8760433793067932,19798.37075948,10000.0,-79.45236206054688,,2.1878294944763184,3.332826528982952,,1.0,0.9274876117706299,
3.4609527587890625,1790086036.3693712,,4719,,0.871814489364624,19802.362341261,10000.0,-77.65925598144531,,2.2082130908966064,2.7343391839874767,,1.0,0.9272984862327576,
3.492016553878784,1790086040.3610187,,4720,,0.8749264478683472,19806.410341694,10000.0,-80.92835235595703,,2.1901979446411133,2.7269244060978592,,1.0,0.9280518293380737,
3.555764675140381,1790086044.4090288,,4721,,0.8751181960105896,19810.438452902,10000.0,-80.6346206665039,,2.1654489040374756,2.7056306088920667,,1.0,0.92827308177948,
3.540928363800049,1790086048.4370964,,4722,,0.8773481249809265,19814.485797416,10000.0,-81.31204986572266,,2.2453017234802246,3.728700678530229,,1.0,0.926949143409729,
3.587723970413208,1790086052.48443,,4723,,0.8751561045646667,19818.519964276,10000.0,-80.6664810180664,,2.2364656925201416,3.144912577643177,,1.0,0.9277807474136353,
3.427386999130249,1790086056.518647,,4724,,0.8755407929420471,19822.558131605,10000.0,-80.96302032470703,,2.2131149768829346,2.8190135834529895,,1.0,0.9285861849784851,
3.3370871543884277,1790086060.5568528,,4725,,0.877411425113678,19826.735102057,10000.0,-80.93328094482422,,2.2619831562042236,2.7116567705640273,,1.0,0.9277867078781128,
3.3771538734436035,1790086064.7337503,,4726,,0.8740307688713074,19830.743481276,10000.0,-80.51415252685547,,2.1918976306915283,2.417606292483941,,1.0,0.9270147681236267,
3.507614850997925,1790086068.7421868,,4727,,0.8754116296768188,19834.775409726,10000.0,-79.33369445800781,,2.172975540161133,3.775284006688349,,1.0,0.9290401935577393,
3.531421422958374,1790086072.774062,,4728,,0.8756795525550842,19838.794836088,10000.0,-79.2184066772461,,2.194822072982788,2.6897487772577926,,1.0,0.9274929165840149,
3.5330774784088135,1790086076.7935164,,4729,,0.8749451637268066,19842.829856412,10000.0,-79.96936798095703,,2.1875267028808594,3.5280830243191805,,1.0,0.928088366985321,
3.4623913764953613,1790086080.8285143,,4730,,0.8762513995170593,19846.84596174,10000.0,-80.59821319580078,,2.1952309608459473,2.524041554613006,,1.0,0.9274216294288635,
3.537353515625,1790086084.8446472,,4731,,0.8730683922767639,19850.888153249,10000.0,-80.82633972167969,,2.193359136581421,2.5759341412801784,,1.0,0.926766574382782,
3.4761035442352295,1790086088.8868368,,4732,,0.8686891198158264,19855.053549905,10000.0,-81.93370056152344,,2.2033004760742188,2.7330962739302382,,1.0,0.9263126850128174,
3.516680955886841,1790086093.0522308,,4733,,0.8755824565887451,19859.077805544,10000.0,-82.34703826904297,,2.1585187911987305,2.9189344035845806,,1.0,0.9284899830818176,
3.4936118125915527,1790086097.076476,,4734,,0.8761551380157471,19863.118360748,10000.0,-82.79935455322266,,2.164715528488159,2.155575977519993,,1.0,0.9277014136314392,
3.5864853858947754,1790086101.1170278,,4735,,0.875791072845459,19867.144685153,10000.0,-82.37348937988281,,2.272772789001465,2.6864217118351466,,1.0,0.9259256720542908,
3.4933156967163086,1790086105.143379,,4736,,0.8738476634025574,19871.21466897,10000.0,-82.22607421875,,2.2162580490112305,3.012844047299649,,1.0,0.9276840090751648,
3.377103567123413,1790086109.2133074,,4737,,0.8740493059158325,19875.264685361,10000.0,-81.42668914794922,,2.1862382888793945,2.5811195885975264,,1.0,0.9266858696937561,
3.28898549079895,1790086113.2633545,,4738,,0.8735092878341675,19879.320098941,10000.0,-82.43219757080078,,2.188856840133667,3.7511361722127665,,1.0,0.9267935156822205,
3.279470443725586,1790086117.318755,,4739,,0.8701022863388062,19883.51070564,10000.0,-81.71569061279297,,2.1872060298919678,3.3923957243963363,,1.0,0.9274885654449463,
3.2947356700897217,1790086121.5093877,,4740,,0.8703708052635193,19887.558017976,10000.0,-81.61463928222656,,2.178356409072876,3.240390037959766,,1.0,0.9282011389732361,
3.3368425369262695,1790086125.556662,,4741,,0.8685032725334167,19891.568255584,10000.0,-81.22994232177734,,2.19527268409729,2.786814560625353,,1.0,0.9268877506256104,
3.5079505443573,1790086129.566927,,4742,,0.8733949065208435,19895.599437544,10000.0,-81.14500427246094,,2.1450326442718506,3.466672339337627,,1.0,0.9281204342842102,
3.3317575454711914,1790086133.5981371,,4743,,0.8667895793914795,19899.638769251,10000.0,-81.8985595703125,,2.1543264389038086,2.3468162268789996,,1.0,0.9277690052986145,
3.3281776905059814,1790086137.637444,,4744,,0.8672141432762146,19903.681860903,10000.0,-79.97756958007812,,2.191603183746338,2.5961807084353716,,1.0,0.9268926382064819,
3.2727129459381104,1790086141.6805253,,4745,,0.8722371459007263,19907.737185173,10000.0,-79.2514877319336,,2.112926721572876,2.826675804963844,,1.0,0.9282020330429077,
3.409006118774414,1790086145.7358716,,4746,,0.8723142743110657,19911.775250758,10000.0,-78.87245178222656,,2.111100196838379,3.3831839078784616,,1.0,0.9276005625724792,
3.3617403507232666,1790086149.7739277,,4747,,0.8681590557098389,19915.943899182,10000.0,-78.57250213623047,,2.1065473556518555,2.6179842055349805,,1.0,0.927310049533844,
3.4300339221954346,1790086153.942554,,4748,,0.8680984377861023,19919.976111705,10000.0,-77.9162826538086,,2.1281704902648926,3.3099849772922383,,1.0,0.9268096089363098,
3.4217584133148193,1790086157.9747875,,4749,,0.8708708882331848,19924.033618517,10000.0,-80.21800994873047,,2.093625068664551,2.963642496649355,,1.0,0.9274601936340332,
3.3704843521118164,1790086162.0322552,,4750,,0.8695734143257141,19928.075892417,10000.0,-79.96969604492188,,2.1479427814483643,3.2714976231545876,,1.0,0.9279660582542419,
3.3500115871429443,1790086166.074571,,4751,,0.8693214654922485,19932.122368565,10000.0,-81.39776611328125,,2.1258816719055176,3.613176682863739,,1.0,0.9270842671394348,
3.2637710571289062,1790086170.1210213,,4752,,0.8683419823646545,19936.174297266,10000.0,-78.6341323852539,,2.1548054218292236,3.348358449479455,,1.0,0.9271285533905029,
3.407050132751465,1790086174.1729646,,4753,,0.871654748916626,19940.228858789,10000.0,-79.29141235351562,,2.1146674156188965,2.311296219030257,,1.0,0.9287770986557007,
3.3465118408203125,1790086178.2275558,,4754,,0.8675763607025146,19944.380559028,10000.0,-78.80482482910156,,2.1452667713165283,4.046917705252184,,1.0,0.9277467131614685,
3.443359136581421,1790086182.3792331,,4755,,0.8679314255714417,19948.43821158,10000.0,-79.0409164428711,,2.1237363815307617,3.20480114637113,,1.0,0.9280716180801392,
3.412637233734131,1790086186.4369004,,4756,,0.8688899874687195,19952.470628116,10000.0,-79.6171646118164,,2.1305739879608154,2.6345139154675095,,1.0,0.927293062210083,
3.34567928314209,1790086190.4692986,,4757,,0.8707349300384521,19956.515024665,10000.0,-79.2466812133789,,2.1093873977661133,3.3179798806526177,,1.0,0.9269503951072693,
3.3603527545928955,1790086194.513625,,4758,,0.869080662727356,19960.574513091,10000.0,-80.15447998046875,,2.1693379878997803,4.180941022471064,,1.0,0.9267626404762268,
3.386239528656006,1790086198.5731804,,4759,,0.8717978596687317,19964.636591423,10000.0,-78.29084014892578,,2.1952872276306152,3.2402769997680894,,1.0,0.9277400970458984,
3.565845251083374,1790086202.6352758,,4760,,0.870035707950592,19968.666196745,10000.0,-80.29955291748047,,2.1610169410705566,3.195494149939396,,1.0,0.9282561540603638,
3.557887077331543,1790086206.664873,,4761,,0.8690606951713562,19972.846900213,10000.0,-79.18748474121094,,2.1692824363708496,3.336643683801883,,1.0,0.9273381233215332,
3.431318998336792,1790086210.8455732,,4762,,0.872068464756012,19976.870874314,10000.0,-79.36245727539062,,2.1493444442749023,4.032460305842491,,1.0,0.9275316596031189,
3.505098342895508,1790086214.8695319,,4763,,0.873442530632019,19980.919224438,10000.0,-79.42501831054688,,2.1601808071136475,3.566146842511753,,1.0,0.9283891916275024,
3.539933681488037,1790086218.9179056,,4764,,0.8665127754211426,19984.972825623,10000.0,-79.8956527709961,,2.198199987411499,3.1851402803640823,,1.0,0.927711546421051,
3.7531356811523438,1790086222.9715083,,4765,,0.8688755035400391,19989.004584809,10000.0,-80.46649169921875,,2.153310775756836,3.2233209767662285,,1.0,0.927741527557373,
3.968461275100708,1790086227.003235,,4766,,0.8698104023933411,19993.064744718,10000.0,-80.0149154663086,,2.146040678024292,3.022081282919152,,1.0,0.9281160831451416,
3.8359575271606445,1790086231.0633717,,4767,,0.864345908164978,19997.09529144,10000.0,-80.97903442382812,,2.191572904586792,3.555348595540318,,1.0,0.9269517660140991,
3.9038093090057373,1790086235.0939567,,4768,,0.8673353791236877,20001.150430833,10000.0,-81.36760711669922,,2.1804730892181396,3.3593337187130072,,1.0,0.9263660907745361,
3.720269203186035,1790086239.1491263,,4769,,0.8695156574249268,20005.323781748,10000.0,-82.44129180908203,,2.1472620964050293,3.5674948003632836,,1.0,0.9266040325164795,
3.7523868083953857,1790086243.3224127,,4770,,0.8682588934898376,20009.376907856,10000.0,-80.3483657836914,,2.19016695022583,3.5189846705112777,,1.0,0.9268741607666016,
3.907957077026367,1790086247.37551,,4771,,0.8660140037536621,20013.435565469,10000.0,-81.98765563964844,,2.1682801246643066,3.0256134465307607,,1.0,0.9275417923927307,
3.9833240509033203,1790086251.434238,,4772,,0.8649662733078003,20017.491332887,10000.0,-82.0246353149414,,2.171748161315918,3.2117835834445176,,1.0,0.9283996820449829,
3.787203788757324,1790086255.489994,,4773,,0.8688355088233948,20021.548622935,10000.0,-81.65464782714844,,2.1283445358276367,2.818790271419617,,1.0,0.9285286664962769,
3.7402684688568115,1790086259.5472891,,4774,,0.8693461418151855,20025.586917451,10000.0,-83.42992401123047,,2.161330223083496,3.8038967161595454,,1.0,0.9275853037834167,
3.785740852355957,1790086263.5856006,,4775,,0.8688136339187622,20029.649188263,10000.0,-81.15345764160156,,2.1376030445098877,3.212900411933323,,1.0,0.928880512714386,
3.629748821258545,1790086267.6478589,,4776,,0.8702242374420166,20033.820321517,10000.0,-80.74626159667969,,2.174417018890381,2.643232503716954,,1.0,0.9262292981147766,
3.5623059272766113,1790086271.818981,,4777,,0.8694499135017395,20037.869890473,10000.0,-80.400390625,,2.157996416091919,3.1575369908372615,,1.0,0.9276515245437622,
3.662045955657959,1790086275.8685455,,4778,,0.8674174547195435,20041.926296913,10000.0,-81.11112213134766,,2.1448094844818115,3.569340423261489,,1.0,0.9269649982452393,
3.603128671646118,1790086279.9249473,,4779,,0.8669412136077881,20045.969968571,10000.0,-80.12235260009766,,2.1645307540893555,3.713495152665259,,1.0,0.9268696308135986,
3.5544207096099854,1790086283.9686496,,4780,,0.8686022162437439,20049.998464091,10000.0,-80.16094970703125,,2.1343679428100586,4.566907147188086,,1.0,0.9284979104995728,
3.579211950302124,1790086287.9971166,,4781,,0.8712210655212402,20054.056414333,10000.0,-79.42550659179688,,2.1425437927246094,3.7216057995119445,,1.0,0.9283910393714905,
3.4917774200439453,1790086292.0550814,,4782,,0.8690698146820068,20058.126292908,10000.0,-78.54228210449219,,2.1040773391723633,3.0555751394023223,,1.0,0.9291561841964722,
3.4756124019622803,1790086296.1249034,,4783,,0.8693190217018127,20062.297237968,10000.0,-80.0229721069336,,2.1213185787200928,2.6984184533831868,,1.0,0.927611768245697,
3.474236249923706,1790086300.2958782,,4784,,0.8733116388320923,20066.362749899,10000.0,-81.67314910888672,,2.1103830337524414,2.663174119237085,,1.0,0.9277773499488831,
3.4793496131896973,1790086304.3614006,,4785,,0.871067225933075,20070.418502689,10000.0,-81.3750228881836,,2.1473474502563477,2.301728320060034,,1.0,0.9273860454559326,
3.55686616897583,1790086308.4170845,,4786,,0.8697485327720642,20074.475858833,10000.0,-81.01814270019531,,2.110180616378784,2.4766877578631816,,1.0,0.9270336627960205,
3.5706517696380615,1790086312.4745333,,4787,,0.8729175329208374,20078.54095899,10000.0,-80.54024505615234,,2.1328790187835693,3.0005628543571956,,1.0,0.9280038475990295,
3.6301727294921875,1790086316.5396447,,4788,,0.8697923421859741,20082.582956352,10000.0,-80.8980941772461,,2.1404473781585693,2.882007011795685,,1.0,0.9265029430389404,
3.6457037925720215,1790086320.5816488,,4789,,0.8685857653617859,20086.654641305,10000.0,-79.0390396118164,,2.129910945892334,2.7147206621716164,,1.0,0.9282788634300232,
3.679978609085083,1790086324.65331,,4790,,0.8675158619880676,20090.857158559,10000.0,-80.6204605102539,,2.1344339847564697,2.2195297493490425,,1.0,0.9274881482124329,
3.6872453689575195,1790086328.8558683,,4791,,0.8682348132133484,20094.904548682,10000.0,-81.63331604003906,,2.123843193054199,2.8542807793433704,,1.0,0.9270613789558411,
3.6098296642303467,1790086332.9032068,,4792,,0.8660908341407776,20098.963617067,10000.0,-82.38325500488281,,2.1315739154815674,4.978878349835656,,1.0,0.9258851408958435,
3.696690320968628,1790086336.9622316,,4793,,0.868986189365387,20103.025757167,10000.0,-79.99132537841797,,2.1146955490112305,3.7528890474123067,,1.0,0.9278427362442017,
3.741527795791626,1790086341.0244117,,4794,,0.8672899007797241,20107.073854269,10000.0,-78.7708969116211,,2.0965468883514404,3.454490501039675,,1.0,0.9275639057159424,
3.947824478149414,1790086345.072544,,4795,,0.8657875061035156,20111.10140843,10000.0,-81.38217163085938,,2.0880398750305176,3.7599946860777957,,1.0,0.9282893538475037,
3.884063959121704,1790086349.1000915,,4796,,0.8668054342269897,20115.176008446,10000.0,-80.54144287109375,,2.1413419246673584,3.2347694002015404,,1.0,0.9287030100822449,
3.902315616607666,1790086353.1746945,,4797,,0.8680665493011475,20119.364254783,10000.0,-80.59651184082031,,2.1380836963653564,3.470045719684648,,1.0,0.9268401265144348,
3.814913749694824,1790086357.3627791,,4798,,0.869147539138794,20123.427211959,10000.0,-80.70386505126953,,2.1244640350341797,3.3781845642718666,,1.0,0.9282123446464539,
3.707519769668579,1790086361.4259245,,4799,,0.8649480938911438,20127.495149209,10000.0,-80.21621704101562,,2.21604323387146,2.244964759026781,,1.0,0.925833523273468,
3.8047056198120117,1790086365.4938629,,4800,,0.8676466345787048,20131.555399894,10000.0,-80.9999771118164,,2.1613988876342773,3.3415964608104045,,1.0,0.9270654320716858,
3.9036595821380615,1790086369.554086,,4801,,0.8677747845649719,20135.626150619,10000.0,-81.80821228027344,,2.1238324642181396,3.0583794806843057,,1.0,0.9288013577461243,
3.859464406967163,1790086373.6248214,,4802,,0.8674035668373108,20139.685459655,10000.0,-81.57100677490234,,2.138535499572754,3.3944760034358246,,1.0,0.9271672964096069,
3.7356598377227783,1790086377.6841404,,4803,,0.8692117929458618,20143.734700549,10000.0,-81.33255004882812,,2.12290358543396,3.5322260499049696,,1.0,0.9265340566635132,
3.8119428157806396,1790086381.7333167,,4804,,0.8710706830024719,20147.786865832,10000.0,-82.15594482421875,,2.1470274925231934,3.2258597615828295,,1.0,0.9283938407897949,
3.6948728561401367,1790086385.7855017,,4805,,0.8728111386299133,20151.965523498,10000.0,-83.43310546875,,2.1971449851989746,2.920291863201166,,1.0,0.9273372888565063,
3.648740768432617,1790086389.964209,,4806,,0.8682867288589478,20156.020963588,10000.0,-84.32313537597656,,2.149477958679199,3.5477595568656923,,1.0,0.9280586242675781,
3.918031692504883,1790086394.0196512,,4807,,0.8685427308082581,20160.070424863,10000.0,-83.66204071044922,,2.1293349266052246,2.4530895682461105,,1.0,0.9277338981628418,
3.973443031311035,1790086398.0691025,,4808,,0.8681129217147827,20164.099041503,10000.0,-83.98015594482422,,2.126220464706421,3.1468300029323437,,1.0,0.9277880787849426,
3.717336654663086,1790086402.0977123,,4809,,0.8685885071754456,20168.162618358,10000.0,-85.3639907836914,,2.105353593826294,3.47760399619716,,1.0,0.9275798201560974,
3.7741427421569824,1790086406.1613073,,4810,,0.8695182204246521,20172.221860637,10000.0,-86.41043090820312,,2.1053102016448975,2.9530116192016935,,1.0,0.9288825392723083,
3.8774209022521973,1790086410.2205107,,4811,,0.8669705390930176,20176.287531133,10000.0,-85.38224792480469,,2.110532283782959,3.6463378313591392,,1.0,0.9260111451148987,
3.909379482269287,1790086414.2861984,,4812,,0.8669235706329346,20180.475504062,10000.0,-84.83355712890625,,2.0715267658233643,2.7710559514957973,,1.0,0.9286139607429504,
3.8619823455810547,1790086418.4741845,,4813,,0.8694518208503723,20184.51033148,10000.0,-82.37228393554688,,2.125450849533081,2.521050753080722,,1.0,0.9288619756698608,
3.8665685653686523,1790086422.5090067,,4814,,0.867841362953186,20188.576226579,10000.0,-83.32683563232422,,2.0998482704162598,3.2037206178314297,,1.0,0.9271976351737976,
3.8540749549865723,1790086426.5749214,,4815,,0.8647934794425964,20192.626812689,10000.0,-82.71734619140625,,2.0770037174224854,3.0659762194494418,,1.0,0.9258970022201538,
3.834268569946289,1790086430.625485,,4816,,0.8662147521972656,20196.709775643,10000.0,-82.6446304321289,,2.061256170272827,3.576255451941796,,1.0,0.9277122616767883,
4.063559055328369,1790086434.7084477,,4817,,0.866853654384613,20200.774450926,10000.0,-82.69259643554688,,2.080409526824951,2.481772840680523,,1.0,0.9280234575271606,
4.110239028930664,1790086438.7731383,,4818,,0.8639701008796692,20204.829161579,10000.0,-82.19209289550781,,2.0666754245758057,2.939079229343211,,1.0,0.9266456365585327,
4.212837219238281,1790086522.594914,,4819,0.16040342984026987,0.8658141493797302,20286.20773768,10000.0,-81.32457733154297,0.016851508500505895,2.0359790325164795,2.9876910959007312,0.5170289278030396,1.0,0.9284361004829407,
,1790086524.2064939,0.5159784555435181,4820,,,20287.727357452,,,,,,,,,10000.0
,1790086525.726135,0.5188912749290466,4821,,,20289.245957979,,,,,,,,,10000.0
,1790086527.244687,0.5198529362678528,4822,,,20290.773173835,,,,,,,,,10000.0
,1790086528.7718608,0.5190176963806152,4823,,,20292.302761434,,,,,,,,,10000.0
,1790086530.3014889,0.5175336599349976,4824,,,20293.955214435,,,,,,,,,10000.0
,1790086531.9539576,0.5176380276679993,4825,,,20295.479936295,,,,,,,,,10000.0
,1790086533.4786935,0.5174214839935303,4826,,,20297.001188468,,,,,,,,,10000.0
,1790086534.999975,0.5203668475151062,4827,,,20298.523632082,,,,,,,,,10000.0
,1790086536.5224125,0.5248679518699646,4828,,,20300.048008611,,,,,,,,,10000.0
,1790086538.0468042,0.5144445896148682,4829,,,20301.569523772,,,,,,,,,10000.0
,1790086539.5683293,0.5156134366989136,4830,,,20303.088058518,,,,,,,,,10000.0
,1790086541.0868335,0.5098935961723328,4831,,,20304.607752609,,,,,,,,,10000.0
,1790086542.6065035,0.5122112035751343,4832,,,20306.114372147,,,,,,,,,10000.0
,1790086544.1131225,0.5136561393737793,4833,,,20307.638926388,,,,,,,,,10000.0
,1790086545.6377134,0.5095016360282898,4834,,,20309.329650459,,,,,,,,,10000.0
,1790086547.328427,0.5075677633285522,4835,,,20310.854107732,,,,,,,,,10000.0
,1790086548.8528693,0.5072300434112549,4836,,,20312.362435907,,,,,,,,,10000.0
,1790086550.3611517,0.5070763230323792,4837,,,20313.880348688,,,,,,,,,10000.0
,1790086551.8791246,0.5115850567817688,4838,,,20315.408051502,,,,,,,,,10000.0
,1790086553.4068964,0.5100228786468506,4839,,,20319.449309797,,,,,,,,,10000.0
4.416848659515381,1790086557.4479578,,4840,,0.8663014769554138,20323.505059558,10000.0,-80.2438735961914,,2.047236680984497,2.786697822491357,,1.0,0.9291179776191711,
4.366847038269043,1790086561.503745,,4841,,0.8640449643135071,20327.68428085,10000.0,-81.35125732421875,,2.0510027408599854,3.7486144394808836,,1.0,0.9273777008056641,
4.051436901092529,1790086565.6829066,,4842,,0.8658530712127686,20331.743674851,10000.0,-81.88400268554688,,2.0915205478668213,3.2569347487514726,,1.0,0.927615225315094,
4.05046272277832,1790086569.74234,,4843,,0.8664155602455139,20335.791891771,10000.0,-80.40591430664062,,2.063474655151367,3.2648725461107,,1.0,0.9276213049888611,
4.016377925872803,1790086573.7905366,,4844,,0.8703739643096924,20339.824487431,10000.0,-81.4781494140625,,2.032566785812378,3.2361416714405338,,1.0,0.9279638528823853,
4.1790056228637695,1790086577.8231237,,4845,,0.8660947680473328,20343.865582878,10000.0,-80.03526306152344,,2.053164005279541,3.3016735627929883,,1.0,0.9275650978088379,
4.069538593292236,1790086581.864262,,4846,,0.8662204742431641,20347.913042206,10000.0,-80.97801971435547,,2.061720848083496,3.3016644362872243,,1.0,0.9276367425918579,
4.199331760406494,1790086585.9117312,,4847,,0.8652668595314026,20351.940913529,10000.0,-81.84611511230469,,2.070922613143921,3.0924063946313596,,1.0,0.9267123937606812,
4.180130481719971,1790086589.9395554,,4848,,0.870557427406311,20356.102428386,10000.0,-81.26146697998047,,2.020901918411255,2.8405664221113573,,1.0,0.9292618036270142,
4.194981575012207,1790086594.1010675,,4849,,0.8671966791152954,20360.171265102,10000.0,-82.78840637207031,,2.037177562713623,3.6578015829526427,,1.0,0.9285484552383423,
4.3684892654418945,1790086598.1699228,,4850,,0.8648515343666077,20364.211631323,10000.0,-83.35467529296875,,2.042332649230957,2.5579226069855165,,1.0,0.9270528554916382,
4.454010486602783,1790086602.2103117,,4851,,0.864349901676178,20368.244608587,10000.0,-81.58111572265625,,2.0870909690856934,3.197116788362657,,1.0,0.9254205226898193,
4.1828813552856445,1790086606.2432554,,4852,,0.8681913018226624,20372.31120994,10000.0,-82.38111114501953,,2.0579261779785156,2.7779101469579053,,1.0,0.9264465570449829,
4.28767204284668,1790086610.3098652,,4853,,0.865938663482666,20376.387736915,10000.0,-81.88252258300781,,2.054262161254883,2.563489554273382,,1.0,0.9264058470726013,
4.393279552459717,1790086614.3863962,,4854,,0.8715139031410217,20380.439258519,10000.0,-80.23117065429688,,2.0796499252319336,2.6504571249467648,,1.0,0.9276589155197144,
4.210306167602539,1790086618.4379373,,4855,,0.8664296865463257,20384.651315077,10000.0,-81.22134399414062,,2.0843565464019775,3.032687891810005,,1.0,0.9286779165267944,
4.314764499664307,1790086622.6499968,,4856,,0.8651367425918579,20388.735550434,10000.0,-80.55796813964844,,2.041534185409546,2.325339422348829,,1.0,0.9274392127990723,
4.251598358154297,1790086626.7341976,,4857,,0.8638279438018799,20392.788721252,10000.0,-82.24259948730469,,2.0765082836151123,2.855646020848977,,1.0,0.9277567863464355,
4.217846870422363,1790086630.787392,,4858,,0.8643340468406677,20396.840846209,10000.0,-81.3947982788086,,2.0447607040405273,2.886325391102105,,1.0,0.9281062483787537,
4.185981273651123,1790086634.8395157,,4859,,0.8614948987960815,20400.893561715,10000.0,-79.94807434082031,,2.1028075218200684,3.0566582680786767,,1.0,0.9265002608299255,
4.256664752960205,1790086638.8922262,,4860,,0.864489734172821,20404.950526972,10000.0,-82.21488189697266,,2.0659351348876953,3.22053170139044,,1.0,0.9271174073219299,
4.392216682434082,1790086642.9492104,,4861,,0.8651959896087646,20409.020717006,10000.0,-82.04966735839844,,2.096695899963379,2.238575079890473,,1.0,0.9280834794044495,
4.198988437652588,1790086647.0193362,,4862,,0.8671747446060181,20413.24516573,10000.0,-81.69977569580078,,2.137671709060669,2.1612992534619955,,1.0,0.9271072149276733,
4.1704301834106445,1790086651.2437682,,4863,,0.8636834025382996,20417.31747062,10000.0,-82.62520599365234,,2.095925807952881,3.3380045285006923,,1.0,0.9264820218086243,
4.2338547706604,1790086655.3160965,,4864,,0.8647814989089966,20421.369816791,10000.0,-81.5265121459961,,2.061568260192871,3.664729411881293,,1.0,0.926902174949646,
4.141991138458252,1790086659.3684762,,4865,,0.8647894263267517,20425.452403813,10000.0,-82.599853515625,,2.0514044761657715,3.905302871896106,,1.0,0.9275744557380676,
4.272517681121826,1790086663.4510663,,4866,,0.8676973581314087,20429.519028784,10000.0,-83.4023666381836,,2.0552961826324463,3.8490402173721727,,1.0,0.9262420535087585,
4.3081278800964355,1790086667.517688,,4867,,0.8654029965400696,20433.592474783,10000.0,-83.6487808227539,,2.0394599437713623,2.948553817846969,,1.0,0.9275570511817932,
4.334458827972412,1790086671.5911286,,4868,,0.8635876178741455,20437.669265749,10000.0,-83.45768737792969,,2.0722546577453613,3.013897584540604,,1.0,0.9281455874443054,
4.149998664855957,1790086675.667921,,4869,,0.8664621114730835,20441.739788026,10000.0,-83.02759552001953,,2.034928321838379,2.3731948663055578,,1.0,0.9276957511901855,
4.194293975830078,1790086679.738426,,4870,,0.864635169506073,20445.962544304,10000.0,-82.06913757324219,,2.0484302043914795,2.6071119370303326,,1.0,0.9275382161140442,
4.26876974105835,1790086683.96118,,4871,,0.8698199391365051,20450.025631041,10000.0,-83.83092498779297,,2.035595178604126,3.1385799996679915,,1.0,0.9284471273422241,
4.253052234649658,1790086688.0242527,,4872,,0.8671638369560242,20454.068172059,10000.0,-82.26702880859375,,2.067753553390503,2.6332848148772436,,1.0,0.9287125468254089,
4.0417022705078125,1790086692.066831,,4873,,0.8710554242134094,20458.132335051,10000.0,-83.08024597167969,,2.1465187072753906,4.280559081127053,,1.0,0.9281259775161743,
4.00455379486084,1790086696.1309896,,4874,,0.8632890582084656,20462.196944735,10000.0,-83.26457214355469,,2.046231269836426,4.150755283860768,,1.0,0.9274118542671204,
4.209656238555908,1790086700.19562,,4875,,0.8675463199615479,20466.254496061,10000.0,-82.89048767089844,,2.0667028427124023,2.732833452195004,,1.0,0.9279502630233765,
4.216744899749756,1790086704.2531707,,4876,,0.863792896270752,20470.311541573,10000.0,-82.73273468017578,,2.0793848037719727,2.5836606985324053,,1.0,0.9281346797943115,
4.214978218078613,1790086708.3101656,,4877,,0.868449330329895,20474.517400713,10000.0,-82.92855834960938,,2.10778546333313,2.9419065231672317,,1.0,0.9276335835456848,
4.145781993865967,1790086712.5160186,,4878,,0.8650524020195007,20478.589635237,10000.0,-83.97789001464844,,2.050168514251709,2.2729637415858748,,1.0,0.9275344610214233,
4.2959771156311035,1790086716.5882916,,4879,,0.8644958734512329,20482.643813184,10000.0,-83.84393310546875,,2.0822083950042725,4.155193516962402,,1.0,0.9268946051597595,
4.486990451812744,1790086720.6424708,,4880,,0.8680185079574585,20486.706346157,10000.0,-84.93241119384766,,2.0683958530426025,3.7108568707685885,,1.0,0.9278626441955566,
4.395873546600342,1790086724.7050097,,4881,,0.8682417869567871,20490.778980748,10000.0,-86.18983459472656,,2.074118137359619,2.8787207193748188,,1.0,0.9269676208496094,
4.382961273193359,1790086728.7776625,,4882,,0.8659976124763489,20494.806317834,10000.0,-86.05795288085938,,2.0690419673919678,2.788578590983272,,1.0,0.9286675453186035,
4.193579196929932,1790086732.804989,,4883,,0.868999183177948,20498.865207246,10000.0,-84.67938232421875,,2.101951837539673,2.630340013019124,,1.0,0.9266870021820068,
4.061919689178467,1790086736.863867,,4884,,0.8707016110420227,20503.081576239,10000.0,-85.55370330810547,,2.087737798690796,3.1559024633373873,,1.0,0.9282523989677429,
3.939669132232666,1790086741.0802224,,4885,,0.8628227114677429,20507.150097849,10000.0,-84.81783294677734,,2.125528335571289,3.033667113193238,,1.0,0.9282664656639099,
3.9568586349487305,1790086745.148756,,4886,,0.8681525588035583,20511.230824186,10000.0,-84.5515365600586,,2.0931787490844727,2.8607534972115802,,1.0,0.9277092814445496,
3.903104782104492,1790086749.2294872,,4887,,0.8638322353363037,20515.282912583,10000.0,-83.17086029052734,,2.103471517562866,3.0928422216546325,,1.0,0.9267284870147705,
3.8616855144500732,1790086753.2815554,,4888,,0.8655502796173096,20519.342875625,10000.0,-85.56214904785156,,2.0772316455841064,2.9190464242439202,,1.0,0.9279660582542419,
3.840853691101074,1790086757.3415387,,4889,,0.8646725416183472,20523.402244412,10000.0,-85.39111328125,,2.1156952381134033,2.851698077142034,,1.0,0.9272277355194092,
3.925166130065918,1790086761.4009101,,4890,,0.8629210591316223,20527.460725404,10000.0,-84.7169418334961,,2.0719263553619385,3.2670045665517624,,1.0,0.9273406863212585,
3.9708375930786133,1790086765.4593842,,4891,,0.8669041395187378,20531.522691778,10000.0,-87.58639526367188,,2.0864109992980957,2.299526775883707,,1.0,0.9265375733375549,
3.8915493488311768,1790086769.5213177,,4892,,0.8608549237251282,20535.752423448,10000.0,-85.37898254394531,,2.0922963619232178,3.1927405207420034,,1.0,0.9268051385879517,
3.92726469039917,1790086773.7510767,,4893,,0.8626528978347778,20539.819339211,10000.0,-85.64215850830078,,2.0568954944610596,3.0775887614373554,,1.0,0.9286171197891235,
4.002014636993408,1790086777.8180413,,4894,,0.862694501876831,20543.891350139,10000.0,-88.5323715209961,,2.0599093437194824,3.4467872958669834,,1.0,0.92726731300354,
4.033957481384277,1790086781.8900135,,4895,,0.8672726154327393,20547.933105242,10000.0,-84.93885040283203,,2.0711607933044434,2.400707099675992,,1.0,0.9285064935684204,
3.9224939346313477,1790086785.9317632,,4896,,0.8662981986999512,20551.968741543,10000.0,-83.01625061035156,,2.138049602508545,4.241810213314554,,1.0,0.9272847175598145,
3.927396297454834,1790086789.9673753,,4897,,0.8655503988265991,20556.04108719,10000.0,-83.38372039794922,,2.1187500953674316,2.5574623902379665,,1.0,0.9272094964981079,
3.8429720401763916,1790086794.0397758,,4898,,0.8617093563079834,20560.103186918,10000.0,-84.1154556274414,,2.1014328002929688,3.3247234714569784,,1.0,0.9282567501068115,
3.7331438064575195,1790086798.1018443,,4899,,0.8607978224754333,20564.31836431,10000.0,-83.36017608642578,,2.0720808506011963,2.937537282108395,,1.0,0.9277995228767395,
3.8862369060516357,1790086802.3170383,,4900,,0.8625745177268982,20568.38814215,10000.0,-82.4946517944336,,2.1028451919555664,3.0820908621341894,,1.0,0.9270031452178955,
3.921539545059204,1790086806.3867455,,4901,,0.8610348701477051,20572.459768658,10000.0,-82.06702423095703,,2.130441904067993,3.6879361398127344,,1.0,0.9267579913139343,
3.871476411819458,1790086810.4583817,,4902,,0.8616212606430054,20576.541658135,10000.0,-82.47085571289062,,2.0786733627319336,5.12341354625957,,1.0,0.927781879901886,
3.8115594387054443,1790086814.5402887,,4903,,0.8634741902351379,20580.670258987,10000.0,-83.70128631591797,,2.0895779132843018,2.673072419557829,,1.0,0.927696704864502,
3.799095392227173,1790086818.6689448,,4904,,0.8644272089004517,20584.742577235,10000.0,-85.75257110595703,,2.0565221309661865,2.6308285571163266,,1.0,0.9283930063247681,
3.893094539642334,1790086822.740836,,4905,,0.8641292452812195,20588.808554269,10000.0,-84.57596588134766,,2.1068994998931885,4.061911051878005,,1.0,0.9278243780136108,
3.8727362155914307,1790086826.8072405,,4906,,0.8699287176132202,20593.073656521,10000.0,-84.32968139648438,,2.0767006874084473,2.91624537233153,,1.0,0.9286422729492188,
3.8146860599517822,1790086831.0723011,,4907,,0.8659092783927917,20597.133241525,10000.0,-83.91710662841797,,2.073606252670288,3.4179354179257753,,1.0,0.9279056787490845,
3.949617862701416,1790086835.1319265,,4908,,0.8682758212089539,20601.195620982,10000.0,-85.29325103759766,,2.0953752994537354,2.7886068870363694,,1.0,0.9274774193763733,
3.895425319671631,1790086839.1943033,,4909,,0.8646576404571533,20605.266008817,10000.0,-84.33698272705078,,2.0816335678100586,3.0987026013692596,,1.0,0.927643895149231,
3.8545901775360107,1790086843.2645993,,4910,,0.8643776774406433,20609.305167921,10000.0,-83.68038940429688,,2.1154935359954834,2.7022676343466774,,1.0,0.9264819622039795,
3.8215622901916504,1790086847.3038492,,4911,,0.8666688799858093,20613.352366555,10000.0,-84.09778594970703,,2.122776985168457,2.9254747596665376,,1.0,0.9278830885887146,
3.8439252376556396,1790086851.3510468,,4912,,0.8668816089630127,20617.410277092,10000.0,-84.3343734741211,,2.1358819007873535,3.0195324887246886,,1.0,0.9271082878112793,
3.8678457736968994,1790086855.4089048,,4913,,0.8685371279716492,20621.615900825,10000.0,-86.34173583984375,,2.1427152156829834,2.7556532868537285,,1.0,0.9270148277282715,
3.6786386966705322,1790086859.614533,,4914,,0.8672029972076416,20625.690609964,10000.0,-86.23033142089844,,2.1191492080688477,3.196475778876279,,1.0,0.9265849590301514,
3.669090986251831,1790086863.6892557,,4915,,0.8659289479255676,20629.744854817,10000.0,-87.718505859375,,2.0952656269073486,2.546502357191065,,1.0,0.9269277453422546,
3.8346967697143555,1790086867.7435234,,4916,,0.8659726977348328,20633.825192089,10000.0,-87.33753204345703,,2.085610866546631,2.4956279203569225,,1.0,0.9266837239265442,
3.8367722034454346,1790086871.8238633,,4917,,0.8693149089813232,20637.881997759,10000.0,-86.33232116699219,,2.1630313396453857,2.875169441745022,,1.0,0.9262790679931641,
3.741117477416992,1790086875.8806405,,4918,,0.8693455457687378,20641.951780851,10000.0,-86.93243408203125,,2.095625400543213,2.684915939733271,,1.0,0.9276899099349976,
3.7174320220947266,1790086879.9504344,,4919,,0.8672786951065063,20646.021790691,10000.0,-87.20326232910156,,2.0858359336853027,2.53516764435444,,1.0,0.9267324209213257,
3.6886541843414307,1790086884.020483,,4920,,0.8660491108894348,20650.223980356,10000.0,-87.1322250366211,,2.0486197471618652,2.9146344859857987,,1.0,0.9276667833328247,
3.7309820652008057,1790086888.222622,,4921,,0.8683724999427795,20654.286641265,10000.0,-87.46138763427734,,2.059316396713257,3.468863267841862,,1.0,0.9279491901397705,
3.6008243560791016,1790086892.28527,,4922,,0.8709428310394287,20658.350494626,10000.0,-87.60075378417969,,2.15725040435791,2.9173740841610707,,1.0,0.9271961450576782,
3.622532367706299,1790086896.349158,,4923,,0.8665008544921875,20662.376548184,10000.0,-87.8431625366211,,2.1065633296966553,2.9837282531993363,,1.0,0.9286349415779114,
3.7477164268493652,1790086900.375215,,4924,,0.8668129444122314,20666.430759364,10000.0,-87.89222717285156,,2.117206335067749,2.3425922616275963,,1.0,0.9274823665618896,
3.7760841846466064,1790086904.429405,,4925,,0.8675550818443298,20670.478084979,10000.0,-85.81755828857422,,2.0897786617279053,3.3269223099406124,,1.0,0.9282943606376648,
3.669586420059204,1790086908.4767592,,4926,,0.8649125099182129,20674.538536213,10000.0,-88.61896514892578,,2.0900652408599854,2.9903407181589876,,1.0,0.9275680780410767,
3.7183046340942383,1790086912.5371907,,4927,,0.866100549697876,20678.603763507,10000.0,-87.51580810546875,,2.1040585041046143,2.836370821276717,,1.0,0.9266608953475952,
3.754063606262207,1790086916.602415,,4928,,0.8657968640327454,20682.765045047,10000.0,-86.54976654052734,,2.04464054107666,2.841019484670104,,1.0,0.9286892414093018,
3.714460849761963,1790086920.763682,,4929,,0.8637660145759583,20686.774472165,10000.0,-85.58381652832031,,2.096328020095825,3.1028942999797775,,1.0,0.926699697971344,
3.6555566787719727,1790086924.7730813,,4930,,0.8653695583343506,20690.804928909,10000.0,-85.60560607910156,,2.1242809295654297,2.7433907126181434,,1.0,0.9282708764076233,
3.6496777534484863,1790086928.8036208,,4931,,0.8655468225479126,20694.829451888,10000.0,-86.41107177734375,,2.0754098892211914,3.0027634401341503,,1.0,0.9263479113578796,
3.678405523300171,1790086932.8280954,,4932,,0.8683229088783264,20698.852662557,10000.0,-88.04607391357422,,2.1026532649993896,2.898874997977517,,1.0,0.9275268316268921,
3.737252712249756,1790086936.8513262,,4933,,0.865723729133606,20702.877334726,10000.0,-86.92896270751953,,2.078017473220825,3.138991355262886,,1.0,0.9280951023101807,
3.661099910736084,1790086940.8759837,,4934,,0.863069474697113,20706.924908797,10000.0,-87.55621337890625,,2.0613961219787598,2.8672766925797064,,1.0,0.9275384545326233,
3.7242040634155273,1790086944.9235632,,4935,,0.863910436630249,20711.146638662,10000.0,-83.8500747680664,,2.098587989807129,2.1659388462236158,,1.0,0.9270670413970947,
3.645068645477295,1790086949.1452546,,4936,,0.865182101726532,20715.196244736,10000.0,-84.55683898925781,,2.0645289421081543,3.4788329522190704,,1.0,0.9269714951515198,
3.722294330596924,1790086953.1948953,,4937,,0.8669048547744751,20719.256073473,10000.0,-83.0254898071289,,2.041602849960327,3.144767168812374,,1.0,0.9285975694656372,
3.754018545150757,1790086957.2547371,,4938,,0.8666642904281616,20723.314221603,10000.0,-83.39318084716797,,2.0514471530914307,3.331884783600506,,1.0,0.9265602231025696,
3.6405892372131348,1790086961.312877,,4939,,0.8685115575790405,20727.368399479,10000.0,-82.8239974975586,,2.087865114212036,2.2803998618568175,,1.0,0.9280956983566284,
3.7305045127868652,1790086965.3670332,,4940,,0.8671239614486694,20731.438680228,10000.0,-83.94481658935547,,2.067770004272461,3.7274984882073294,,1.0,0.9288062453269958,
3.646536350250244,1790086969.437299,,4941,,0.8644649386405945,20735.496821867,10000.0,-82.36100769042969,,2.0900015830993652,3.3384976166494402,,1.0,0.9268531203269958,
3.6769375801086426,1790086973.4954963,,4942,,0.8640449643135071,20739.699412374,10000.0,-83.77678680419922,,2.0768845081329346,3.312569423124508,,1.0,0.9280515909194946,
3.612302780151367,1790086977.6980383,,4943,,0.8703579902648926,20743.756619123,10000.0,-80.61905670166016,,2.132291793823242,3.185771144262606,,1.0,0.9286698698997498,
3.526127576828003,1790086981.755265,,4944,,0.8695853352546692,20747.807134272,10000.0,-82.20423889160156,,2.1194913387298584,2.3618059809816607,,1.0,0.926784873008728,
3.568509578704834,1790086985.8057907,,4945,,0.8650025725364685,20751.869319865,10000.0,-82.53215026855469,,2.068676710128784,2.929783306152761,,1.0,0.927274227142334,
3.5173983573913574,1790086989.8680038,,4946,,0.865164041519165,20755.916428803,10000.0,-83.41832733154297,,2.082352638244629,2.304560316381572,,1.0,0.9273198843002319,
3.5116639137268066,1790086993.9150834,,4947,,0.8650668859481812,20759.976141179,10000.0,-82.80091094970703,,2.1218996047973633,2.585467890210045,,1.0,0.9280943274497986,
3.4285597801208496,1790086997.9748087,,4948,,0.8636629581451416,20764.038122206,10000.0,-84.58391571044922,,2.1498889923095703,2.7850552384800986,,1.0,0.9275617003440857,
3.514155387878418,1790087002.0367832,,4949,,0.8633131980895996,20768.285600753,10000.0,-84.66944122314453,,2.098383665084839,2.9146997175174647,,1.0,0.9275141358375549,
3.512727975845337,1790087006.2842438,,4950,,0.8655940294265747,20772.357445704,10000.0,-84.78605651855469,,2.0744431018829346,3.3019656266833217,,1.0,0.9277046322822571,
3.578436851501465,1790087010.3560905,,4951,,0.8650218844413757,20776.397001293,10000.0,-85.69259643554688,,2.0638926029205322,3.293951291388428,,1.0,0.9265679717063904,
3.642336845397949,1790087014.395664,,4952,,0.8603926301002502,20780.471860211,10000.0,-83.91409301757812,,2.11289119720459,2.6242277268533365,,1.0,0.9271836876869202,
3.6065659523010254,1790087018.4705508,,4953,,0.8631227612495422,20784.543305268,10000.0,-86.2294921875,,2.103666305541992,3.068245951151566,,1.0,0.9277118444442749,
3.6213033199310303,1790087022.541965,,4954,,0.8608373999595642,20788.58916919,10000.0,-84.25857543945312,,2.0732195377349854,2.8564089301937723,,1.0,0.9279033541679382,
3.7756471633911133,1790087026.5878289,,4955,,0.8603521585464478,20792.655841934,10000.0,-85.40393829345703,,2.081195831298828,2.749161412699462,,1.0,0.9277845621109009,
3.7517807483673096,1790087030.654479,,4956,,0.8622762560844421,20796.892902502,10000.0,-86.64112091064453,,2.053393602371216,2.701869791094266,,1.0,0.9282214641571045,
3.7791552543640137,1790087034.891549,,4957,,0.8608447909355164,20800.949732535,10000.0,-85.98330688476562,,2.044973134994507,2.734626526267445,,1.0,0.9278376698493958,
3.6875853538513184,1790087038.948377,,4958,,0.859595775604248,20805.023363634,10000.0,-86.89338684082031,,2.0532023906707764,3.882300320209957,,1.0,0.9280534982681274,
3.7579619884490967,1790087043.0220082,,4959,,0.8619861602783203,20809.061332279,10000.0,-87.31316375732422,,2.113445520401001,3.04933888584323,,1.0,0.9273220300674438,
3.8162124156951904,1790087047.0599928,,4960,,0.8596554398536682,20813.108791977,10000.0,-87.24287414550781,,2.0949394702911377,3.5353899644429223,,1.0,0.9264894127845764,
3.7757155895233154,1790087051.1074505,,4961,,0.8625885844230652,20817.184272534,10000.0,-86.2350082397461,,2.0988411903381348,3.0952912730858397,,1.0,0.9274904727935791,
3.7816150188446045,1790087055.1829205,,4962,,0.8596834540367126,20821.24587599,10000.0,-87.76062774658203,,2.088630437850952,2.5215848186608225,,1.0,0.9269930124282837,
3.8132805824279785,1790087059.2445202,,4963,,0.8642578125,20825.275927645,10000.0,-86.61531066894531,,2.108304023742676,3.2826449389717296,,1.0,0.9273220896720886,
3.782611608505249,1790087063.27458,,4964,,0.8643826842308044,20829.511034134,10000.0,-86.564208984375,,2.0777652263641357,2.922943182976118,,1.0,0.9284908175468445,
3.802537202835083,1790087067.5097284,,4965,,0.8599371314048767,20833.558006759,10000.0,-88.59734344482422,,2.0876264572143555,2.8056650270367296,,1.0,0.9265643358230591,
3.731349229812622,1790087071.5566828,,4966,,0.8620532751083374,20837.58128202,10000.0,-88.18004608154297,,2.092292547225952,2.0082544989056816,,1.0,0.9261515140533447,
3.7570486068725586,1790087075.5799587,,4967,,0.861532986164093,20841.6141924,10000.0,-85.44635009765625,,2.1081244945526123,2.563990794503162,,1.0,0.9264655113220215,
3.784207820892334,1790087079.6128142,,4968,,0.8652777671813965,20845.669774081,10000.0,-85.110107421875,,2.093113660812378,2.567126331772927,,1.0,0.9284076690673828,
3.7729599475860596,1790087083.6684477,,4969,,0.8618329763412476,20849.707786397,10000.0,-86.01258850097656,,2.0741896629333496,3.538198469264454,,1.0,0.9272872805595398,
3.807802677154541,1790087087.7064528,,4970,,0.8636161684989929,20853.729752141,10000.0,-87.34356689453125,,2.082878589630127,3.2793182648356307,,1.0,0.9267709851264954,
3.9031217098236084,1790087091.7284045,,4971,,0.8624013662338257,20857.945320379,10000.0,-87.35748291015625,,2.0601015090942383,2.638232230964105,,1.0,0.9288665652275085,
3.960113525390625,1790087095.9438763,,4972,,0.8597251772880554,20861.997649151,10000.0,-86.31348419189453,,2.016479253768921,2.9079626542397463,,1.0,0.9274852871894836,
3.7757503986358643,1790087099.9962516,,4973,,0.870450496673584,20866.009684858,10000.0,-87.7291488647461,,2.20755672454834,2.673442170860061,,1.0,0.9278793334960938,
3.718709707260132,1790087104.0083275,,4974,,0.8616198897361755,20870.060964551,10000.0,-85.34387969970703,,2.121722936630249,3.7359051704899198,,1.0,0.9277912378311157,
3.5890188217163086,1790087108.0596232,,4975,,0.860561192035675,20874.123067387,10000.0,-86.48857116699219,,2.085034132003784,3.0097016268800516,,1.0,0.9275439977645874,
3.59867787361145,1790087112.1217487,,4976,,0.8639864325523376,20878.179426008,10000.0,-85.36711120605469,,2.0923328399658203,2.5635000813352895,,1.0,0.9279619455337524,
3.7111594676971436,1790087116.1780775,,4977,,0.8615701794624329,20882.232044766,10000.0,-86.77690124511719,,2.060328245162964,2.212809383679067,,1.0,0.9285385012626648,
3.7794418334960938,1790087120.2307038,,4978,,0.8593576550483704,20886.463074875,10000.0,-83.22207641601562,,2.122335433959961,3.463777152315452,,1.0,0.9256008267402649,
3.6842517852783203,1790087124.4617217,,4979,,0.860868513584137,20890.516010903,10000.0,-83.73162841796875,,2.057668685913086,2.924575818062111,,1.0,0.9266668558120728,
3.5965726375579834,1790087128.5146294,,4980,,0.8640434145927429,20894.555940812,10000.0,-86.65338134765625,,2.0231668949127197,3.4181486849585783,,1.0,0.9277457594871521,
3.498042345046997,1790087132.5545952,,4981,,0.8643320202827454,20898.614919911,10000.0,-84.3103256225586,,2.022702217102051,2.242790300550297,,1.0,0.9275785684585571,
3.6917529106140137,1790087136.6135545,,4982,,0.8610425591468811,20902.656504116,10000.0,-84.42108154296875,,2.0246076583862305,4.0808021145551,,1.0,0.9277387857437134,
3.8291139602661133,1790087140.6551697,,4983,,0.8610199689865112,20906.68475764,10000.0,-84.49012756347656,,2.04341983795166,2.85476440610052,,1.0,0.9273746013641357,
3.5807671546936035,1790087144.683303,,4984,,0.8627175688743591,20910.741079621,10000.0,-86.2649917602539,,2.002377510070801,3.8787677024793608,,1.0,0.9279698133468628,
3.5409445762634277,1790087148.7397196,,4985,,0.8662769794464111,20914.821087458,10000.0,-85.875732421875,,2.0274741649627686,3.459786708577662,,1.0,0.9271025061607361,
3.47312593460083,1790087152.8197098,,4986,,0.8645315766334534,20919.047417898,10000.0,-85.8176040649414,,2.0332696437835693,2.6351647647922634,,1.0,0.928520917892456,
3.503105401992798,1790087157.0460575,,4987,,0.8614000678062439,20923.121491365,10000.0,-87.26934814453125,,2.017092704772949,2.8768602600238093,,1.0,0.9285662770271301,
3.4596505165100098,1790087161.120081,,4988,,0.8642567992210388,20927.203186418,10000.0,-85.8351821899414,,2.0632522106170654,3.3409050054347658,,1.0,0.9270033836364746,
3.487903356552124,1790087165.201853,,4989,,0.8674403429031372,20931.259179387,10000.0,-88.69462585449219,,2.076897621154785,4.0350241724607585,,1.0,0.927823543548584,
3.447190046310425,1790087169.257851,,4990,,0.8672259449958801,20935.318694086,10000.0,-89.07982635498047,,2.113931179046631,2.5233225745874077,,1.0,0.9275052547454834,
3.397991895675659,1790087173.3173318,,4991,,0.8658174872398376,20939.368080864,10000.0,-87.9786148071289,,2.156536102294922,3.558306539652368,,1.0,0.9264941215515137,
3.3710923194885254,1790087177.36673,,4992,,0.8658047318458557,20943.42147874,10000.0,-87.08804321289062,,2.0745091438293457,2.424724733278161,,1.0,0.9275829792022705,
3.515167474746704,1790087181.4201407,,4993,,0.8669126033782959,20947.620536041,10000.0,-86.43608093261719,,2.0816822052001953,3.302616175943318,,1.0,0.927818238735199,
3.500073194503784,1790087185.6192112,,4994,,0.8669509291648865,20951.657653801,10000.0,-86.06612396240234,,2.069270133972168,3.076570101419205,,1.0,0.9273672699928284,
3.464090585708618,1790087189.6562672,,4995,,0.8654330968856812,20955.714093268,10000.0,-88.71109008789062,,2.0446865558624268,2.9964927600846427,,1.0,0.928057849407196,
3.4342761039733887,1790087193.7127416,,4996,,0.8617495894432068,20959.72923317,10000.0,-88.24776458740234,,2.080888032913208,2.5232548677076867,,1.0,0.9263314604759216,
3.539846181869507,1790087197.727831,,4997,,0.8665757179260254,20963.745073825,10000.0,-87.52670288085938,,2.0499281883239746,3.7923844403382376,,1.0,0.9287664890289307,
3.5319910049438477,1790087201.74376,,4998,,0.866890013217926,20967.8007697,10000.0,-87.54631805419922,,2.0913379192352295,2.2928361693049566,,1.0,0.929094135761261,
3.512333631515503,1790087205.7993994,,4999,,0.8638534545898438,20967.802649017,10000.0,-86.21497344970703,,2.0978152751922607,3.083516893177078,,1.0,0.9278954267501831,
